tree
version=v4
num_class=1
num_tree_per_iteration=1
label_index=0
max_feature_idx=57
objective=binary sigmoid:1
feature_names=Column_0 Column_1 Column_2 Column_3 Column_4 Column_5 Column_6 Column_7 Column_8 Column_9 Column_10 Column_11 Column_12 Column_13 Column_14 Column_15 Column_16 Column_17 Column_18 Column_19 Column_20 Column_21 Column_22 Column_23 Column_24 Column_25 Column_26 Column_27 Column_28 Column_29 Column_30 Column_31 Column_32 Column_33 Column_34 Column_35 Column_36 Column_37 Column_38 Column_39 Column_40 Column_41 Column_42 Column_43 Column_44 Column_45 Column_46 Column_47 Column_48 Column_49 Column_50 Column_51 Column_52 Column_53 Column_54 Column_55 Column_56 Column_57
monotone_constraints=-1 1 -1 0 0 0 0 -1 1 -1 -1 0 0 0 -1 0 0 0 1 1 0 0 0 0 0 0 0 0 0 0 0 0 0 0 0 0 0 0 0 0 0 0 0 0 0 0 0 0 0 0 0 0 0 0 0 0 0 0
feature_infos=[1:92.800865173339844] [0:2.6734042167663574] [-0.10000000149011612:89.800003051757812] [0:39.799999237060547] [0:1] [0:1] [0:1] [0:11] [0:95.130744934082031] [0:7] [0:9] [0:116.13059234619141] [0:118.06777954101562] [0:81.739608764648438] [0:1] [0:9] [0:1] [0:1] [0:1] [0:1] [0:1] [1.7228740453720093:118.65596008300781] [0:2.7307851314544678] [0:1] [0:1] [0:1] [0:1] [0:1] [0:1] none none [0:1] [0:1] [0:1] [0:1] [0:1] [0:1] [0:1] [0:1] [0:1] [0:1] [0:1] [0:1] [0:1] [0:1] [0:1] [0:1] [0:1] [0:1] [0:1] [0:1] [0:1] [0:1] [0:1] [0:1] [0:1] none [0:1]
tree_sizes=2983 1654 2835 2740 2537 2851 2751 2862 2634 2744 2538 2656 2642 2655 2782 2428 2956 2431 2879 2438 2418 2329 2881 2742 2325 2422 2318 2760 2661 2427 2315 2321 2782 2333 2320 2439 2992 2358 2404 2099 2217 2206 2231 2991 2735 2203 2216 1893 2104 2555 2226 2294 2090 2432 2537 2215 2312 2416 2439 2520 2767 2208 2006 2434 2853 2123 2333 2441 2108 2344 2431 2214 2343 2651 2226 2446 1911 2648 2648 2338 2106 2447 2212 2214 2437 1910 2424 2353 2655 2327 2753 1780 2757 1784 2222 2553 2118 1782 3023 2551 2430 1904 1899 2776 1783 2296 2198 1776 1784 1983 1780 2103 1571 2415 2321 1678 2552 1794 2557 2022 2642 2316 2530 2537 1977 2410 2320 1970 2420 2203 2620 2730 2206 2511 2553 2670 2868 2755 2104 1876 2780 2088 2111 2108 2334 2329 2420 2424 2314 1774 2098 2309 2405 2432 2119 1788 2211 2557 3059 1979 2312 3085 2428 1978 2413 2209 2634 2612 2420 2738 2414 1566 1792 2306 2207 2742 2554 2674 2872 2195 2785 2115 2651 2201 2973 2993 1971 3535 2230 2461 2218 1527 2312 2013 2336 1987 2104 3102 1906 1558 2430 2355 2106 2314 3182 2667 2111 2731 2980 2325 2115 1961 2215 2653 2325 2748 1782 2450 2196 2182 2759 2244 1997 2337 1995 1666 2809 2250 1552 2230 2502 2678 2971 2504 3526 3080 2207 1890 1775 2753 2645 1886 1558 2310 1889 2865 2119 1894 1762 2419 2435 2195 2005 2415 2215 2865 2178 2540 3006 2011 2230 2323 2073 2416 3423 2089 2768 2770 3174 3081 1778 2766 3218 1766 2434 2303 2322 2114 2550 2419 1464 1991 2326 2863 1760 1772 2672 2444 2213 1465

Tree=0
num_leaves=27
num_cat=0
split_feature=1 1 25 25 1 12 6 0 12 0 0 0 0 3 19 1 1 6 0 32 19 3 25 19 3 1
split_gain=3988.22 2006.05 663.218 609.322 627.086 280.817 265.781 221.215 198.024 167.018 142.726 109.142 98.4772 92.9562 69.9678 56.7335 36.9519 31.5683 27.4305 20.9335 20.5717 19.4796 18.8033 5.36505 2.01425 0.720947
threshold=0.98251724243164074 0.37962783873081213 1.0000000180025095e-35 1.0000000180025095e-35 0.55027195811271679 6.0604019165039071 1.0000000180025095e-35 3.9083231687545781 5.040246009826661 19.814388275146488 3.9083231687545781 8.6792855262756365 6.2988090515136728 0.45000000298023229 1.0000000180025095e-35 0.25782336294651037 0.27737425267696386 1.0000000180025095e-35 5.658621311187745 1.0000000180025095e-35 1.0000000180025095e-35 17.94999980926514 1.0000000180025095e-35 1.0000000180025095e-35 12.34999990463257 0.29014104604721075
decision_type=2 2 2 2 2 10 2 2 10 2 2 2 2 2 10 2 2 2 2 2 8 2 2 10 2 2
left_child=1 9 7 4 5 -3 12 20 -6 15 -8 17 23 -14 19 24 21 -5 -12 -9 -2 -11 -17 -4 -1 -18
right_child=2 3 6 11 8 -7 10 14 -10 16 18 -13 13 -15 -16 22 25 -19 -20 -21 -22 -23 -24 -25 -26 -27
leaf_value=-2.242400197430281 -2.1378400232520947 -2.2204651781020863 -2.1515769382698089 -2.2088922499719286 -2.1978925694859748 -2.1942893573782247 -2.1371559193105827 -2.1489595498570981 -2.1630770915860946 -2.242400197430281 -2.1990730729232335 -2.2297899682191789 -2.1515769382698089 -2.2061543225060114 -2.1004615627624594 -2.2257923520515166 -2.2380221307107506 -2.2227914848170491 -2.2202147688746376 -2.1630770915860946 -2.0817984599571666 -2.2391904183120599 -2.2367520068928775 -2.1202157033125153 -2.2381747564950172 -2.2367520068928775
leaf_weight=54.323544979095459 10.037089347839354 1187.8983287811279 62.599741458892822 114.19390249252319 645.27919149398804 100.45893812179565 9.4207768440246564 111.9047417640686 72.636830806732178 1412.3241248130798 33.016741275787354 702.68429899215698 7.8359732627868643 36.978750228881836 11.181669712066649 703.03647756576538 269.32856416702271 151.78896522521973 90.2457594871521 41.469027042388916 26.413393020629883 397.52156496047974 36.802660942077637 6.6033482551574698 194.93084049224854 1148.7184624671936
leaf_count=617 114 13492 711 1297 7329 1141 107 1271 825 16041 375 7981 89 420 127 7985 3059 1724 1025 471 300 4515 418 75 2214 13047
internal_value=-2.22451 -2.22812 -2.16666 -2.21554 -2.20926 -2.21761 -2.18886 -2.13972 -2.19429 -2.23699 -2.20829 -2.22857 -2.16658 -2.19084 -2.15047 -2.22979 -2.23919 -2.21679 -2.21439 -2.15489 -2.0945 -2.24109 -2.22979 -2.15158 -2.23919 -2.23675
internal_weight=7639.63 7191.93 447.707 2974.94 2006.27 1288.36 246.701 201.006 717.916 4216.99 132.683 968.667 114.018 44.8147 164.555 989.094 3227.89 265.983 123.263 153.374 36.4505 1809.85 739.839 69.2031 249.254 1418.05
internal_count=86770 81685 5085 33789 22787 14633 2802 2283 8154 47896 1507 11002 1295 509 1869 11234 36662 3021 1400 1742 414 20556 8403 786 2831 16106
is_linear=0
shrinkage=1


Tree=1
num_leaves=14
num_cat=0
split_feature=1 1 48 25 1 0 48 1 3 1 3 2 25
split_gain=3709.59 1902.99 587.871 478.921 556.102 436.23 215.953 122.352 79.3332 68.093 25.983 9.48299 2.90169
threshold=0.98251724243164074 0.37962783873081213 1.0000000180025095e-35 1.0000000180025095e-35 0.55027195811271679 3.9083231687545781 1.0000000180025095e-35 0.64773565530776989 0.35000000894069677 0.27737425267696386 23.349999427795414 1.8499999642372134 1.0000000180025095e-35
decision_type=2 2 2 2 2 2 2 2 2 2 2 2 2
left_child=1 6 3 4 -3 8 9 -5 -2 10 -1 -10 -11
right_child=5 2 -4 7 -6 -7 -8 -9 11 12 -12 -13 -14
leaf_value=-0.016747154623932937 0.054514202844506761 0.004644712453607298 0.054514202844506761 -0.012353956223741934 0.026738117866710244 0.054514202844506761 0.026241316601608528 0.0019283073206265719 0.13964050786774634 -0.009594601775355564 -0.012353956223741934 0.10235181534196346 -0.012353956223741934
leaf_weight=2043.9818112030625 10.231852449476717 1251.1483312249184 68.895121745765209 433.97769949585199 716.27730143070221 398.15209789574146 56.08001546561718 534.5356409996748 16.044250726699829 1988.2994775474072 56.472722418606281 40.697938114404678 36.35673650354147
leaf_count=23523 107 14144 768 4947 7943 4348 640 6068 166 22748 649 424 417
internal_value=-0.000161699 -0.00370777 0.00843129 0.00703232 0.0126977 0.0545142 -0.0124315 -0.00447752 0.10561 -0.0129635 -0.0160638 0.115131 -0.012354
internal_weight=7651.15 7186.02 3004.83 2935.94 1967.43 465.126 4181.19 968.513 66.974 4125.11 2100.45 56.7422 2024.66
internal_count=86892 81847 33870 33102 22087 5045 47977 11015 697 47337 24172 590 23165
is_linear=0
shrinkage=0.02


Tree=2
num_leaves=25
num_cat=0
split_feature=1 0 12 1 6 0 0 6 12 3 19 15 2 19 1 1 21 12 3 2 2 3 22 3
split_gain=3374.06 1757.96 518.319 352.696 280.422 253.989 210.697 188.12 122.208 74.6113 73.4707 46.2964 35.5217 32.9382 26.221 26.1714 25.7529 17.5538 13.4876 11.7129 9.55459 8.78329 3.64759 0.902007
threshold=0.39648739993572241 5.8774940967559823 5.9072575569152841 0.91811931133270275 1.0000000180025095e-35 3.9083231687545781 19.814388275146488 1.0000000180025095e-35 8.3108325004577654 12.84999990463257 1.0000000180025095e-35 1.5000000000000002 27.050000190734867 1.0000000180025095e-35 0.27174687385559088 0.69653239846229564 23.438409805297855 8.3108325004577654 19.349999427795414 4.0499999523162851 16.849999427795414 3.0499999523162846 0.10327362269163133 9.9499998092651385
decision_type=2 2 10 2 2 2 2 2 10 2 10 10 2 10 2 2 8 10 2 2 2 2 10 2
left_child=6 5 3 7 -5 13 8 -3 9 14 16 20 17 -2 -1 -13 -7 23 22 -11 -4 -12 -14 -8
right_child=1 2 11 4 -6 10 12 -9 -10 19 21 15 18 -15 -16 -17 -18 -19 -20 -21 -22 -23 -24 -25
leaf_value=-0.013111109287432235 0.084601963923133128 0.0098847856735578606 0.047652521246754544 0.044002690836053383 0.0074313605510286582 0.072882953536499873 -0.013111109287432235 -0.0018098673496625836 0.029910837380958104 -0.0018098673496625836 0.11699240247266318 0.029910837380958104 -0.019272594384590273 0.124187109945134 -0.0018098673496625836 0.047652521246754544 0.047652521246754544 0.0038738627003765372 -0.013279363404780427 -0.013279363404780427 0.029910837380958104 0.072882953536499873 -0.01360950302409919 -0.013279363404780427
leaf_weight=71.844917476177216 53.097509123384953 1703.6814009621739 88.59117241948843 188.58950562775135 151.25832272320986 18.749347828328609 1064.2204513326287 812.00605677813292 39.372161611914635 18.83050674945116 7.0438757836818722 49.580011509358883 695.20083074271679 18.347221657633781 655.15285187214613 19.649536587297916 164.12918340414762 23.697737857699394 34.995404615998268 341.00526171177626 10.391662783920763 9.1456281542777997 60.543083518743515 1350.05046620965
leaf_count=836 513 19061 957 1998 1654 194 12286 9162 448 219 70 543 8113 173 7477 210 1715 273 407 3936 114 93 706 15711
internal_value=-0.000169534 0.0151004 0.0107192 0.00870037 0.0277952 0.0638535 -0.0117213 0.0061108 -0.00426775 -0.00553228 0.0517705 0.0447358 -0.014319 0.0963415 -0.00183943 0.0299108 0.0476525 -0.0131111 -0.0180218 -0.0129674 0.0476525 0.0928093 -0.0188375 -0.0132794
internal_weight=7649.17 3294.26 3023.75 2855.54 339.848 270.513 4354.91 2515.69 1126.21 1086.83 199.068 168.212 3228.71 71.4447 726.998 69.2295 182.879 2437.97 790.739 359.836 98.9828 16.1895 755.744 2414.27
internal_count=86869 36457 33699 31875 3652 2758 50412 28223 12916 12468 2072 1824 37496 686 8313 753 1909 28270 9226 4155 1071 163 8819 27997
is_linear=0
shrinkage=0.02


Tree=3
num_leaves=24
num_cat=0
split_feature=1 0 0 32 14 6 19 1 32 32 0 1 0 3 12 3 3 0 1 12 11 1 1
split_gain=3361.15 1209.47 730.905 655.147 267.384 219.93 151.221 149.501 90.6538 72.282 70.2468 40.6595 36.8905 28.469 19.555 9.19301 9.11257 7.95761 7.0684 5.76293 5.14101 5.00901 0.488456
threshold=0.5447276532649995 5.8774940967559823 19.273557662963871 1.0000000180025095e-35 1.0000000180025095e-35 1.0000000180025095e-35 1.0000000180025095e-35 0.29377762973308569 1.0000000180025095e-35 1.0000000180025095e-35 7.3467674255371103 0.27737425267696386 4.8171489238739023 20.849999427795414 5.4855608940124521 12.750000000000002 3.3500000238418584 28.827504158020023 0.20244396477937701 5.7789437770843515 2.9533272981643681 0.39148968458175665 0.31235727667808538
decision_type=2 2 2 2 8 2 10 2 2 2 2 2 2 2 10 2 2 2 2 10 8 2 2
left_child=2 6 7 4 -3 -6 9 15 -9 12 20 13 -2 17 -12 18 -8 -4 -1 -10 -5 22 -13
right_child=1 3 11 10 5 -7 16 8 19 -11 14 21 -14 -15 -16 -17 -18 -19 -20 -21 -22 -23 -24
leaf_value=-0.015684853556316488 0.079266250079565573 0.059790142521643656 -0.015684853556316488 0.026236958605253782 0.028122923301111016 0.0097152180199807613 0.11052271689953024 0.0048943146948679673 -0.0073588195615804791 0.041687268926743751 -0.0072771768608712005 -0.012250121204037789 0.059790142521643656 -0.012250121204037789 0.010090148108211978 -0.012250121204037789 0.079266250079565573 -0.01859779893189592 -0.0073588195615804791 0.010090148108211978 0.010090148108211978 -0.0073588195615804791 -0.011463444745751545
leaf_weight=30.088368229568005 53.740751668810844 37.284160807728767 827.05945625156164 7.2779137939214698 787.78223562240601 389.20041760057211 27.624800711870193 1622.4388518631458 276.41576743125916 121.91330597549677 417.27431872487068 706.4616027250886 74.86301613599062 130.15865004062653 6.9935337677597991 259.79664873331785 8.5850879773497564 809.97593464702368 69.080297343432903 6.4005742222070685 124.3319099470973 54.824867591261864 813.52952893078327
leaf_count=354 512 387 9755 77 8496 4329 242 18280 3139 1200 4676 8256 746 1530 75 3034 82 9594 803 71 1323 618 9469
internal_value=-0.000111471 0.02175 -0.0081347 0.0155581 0.0238775 0.0220493 0.0597901 0.000638988 0.000638988 0.0597901 0.000638988 -0.0140773 0.064123 -0.0161992 -0.00658412 -0.0122501 0.101283 -0.0171366 -0.00735882 -0.00735882 0.0100901 -0.0122501 -0.0122501
internal_weight=7663.1 2056.87 5606.23 1770.14 1214.27 1176.98 286.727 2264.22 1905.26 250.517 555.878 3342.01 128.604 1767.19 424.268 358.965 36.2099 1637.04 99.1687 282.816 131.61 1574.82 1519.99
internal_count=87048 22145 64903 19363 13212 12825 2782 25681 21490 2458 6151 39222 1258 20879 4751 4191 324 19349 1157 3210 1400 18343 17725
is_linear=0
shrinkage=0.02


Tree=4
num_leaves=22
num_cat=0
split_feature=1 0 25 1 12 0 0 1 6 25 10 2 25 1 19 2 25 27 2 12 11
split_gain=3094.82 1438.21 649.148 596.796 323.918 207.302 174.164 159.607 89.9245 70.6942 70.5268 35.1122 34.8619 32.199 31.5345 19.7984 22.0932 13.8241 13.1256 11.2514 2.56885
threshold=0.39648739993572241 5.8774940967559823 1.0000000180025095e-35 0.7272799313068391 5.7789437770843515 8.6792855262756365 3.9083231687545781 0.27737425267696386 1.0000000180025095e-35 1.0000000180025095e-35 1.5000000000000002 5.4500000476837167 1.0000000180025095e-35 0.64773565530776989 1.0000000180025095e-35 17.750000000000004 1.0000000180025095e-35 1.0000000180025095e-35 1.8499999642372134 5.7197930812835702 26.263042449951175
decision_type=2 2 2 2 10 2 2 2 2 2 8 2 2 2 10 2 2 2 2 10 8
left_child=7 6 3 4 -3 8 12 11 -4 14 -5 -1 18 -7 -8 16 -9 20 -2 -19 -13
right_child=1 2 5 10 -6 13 9 15 -10 -11 -12 17 -14 -15 -16 -17 -18 19 -20 -21 -22
leaf_value=-0.0087883915099574005 0.12136073811757342 0.0090418409708282466 0.019827066406541968 0.057523304695640771 0.040000143338413036 -0.0087883915099574005 0.057523304695640771 -0.00070729276002722398 0.00096154760149594776 0.033868296180476938 0.040000143338413036 -0.019914347031954903 0.060936290453849198 -0.002198445958783702 0.09027095808268977 -0.011675257055097629 -0.0087883915099574005 -0.017205498365108606 0.09027095808268977 -0.011675257055097629 -0.011675257055097629
leaf_weight=118.18683488667011 13.253697566688059 1470.9815385788679 177.27775514870882 57.78854513168335 148.0392511934042 394.28931940346956 98.533601522445679 854.07761296629906 233.59938229620457 103.44374799728394 295.48612126708031 18.84243630617857 31.890476889908314 297.3567965477705 13.847644127905367 1332.6706798002124 44.516089037060738 1654.2678988277912 36.18522897362709 83.784331120550632 152.57622952759266
leaf_count=1397 107 16191 1878 589 1542 4509 937 9805 2585 1004 3065 225 277 3354 120 15686 517 19794 307 996 1829
internal_value=-5.99063e-05 0.014252 0.0101816 0.0170495 0.0118955 -0.00210865 0.0561954 -0.0113919 0.00912967 0.0463941 0.0405692 -0.0155517 0.0813258 -0.00878839 0.0575233 -0.00878839 -0.00878839 -0.0162693 0.0930092 -0.0168176 -0.0116753
internal_weight=7630.9 3371.97 3074.82 1972.3 1619.02 1102.52 297.154 4258.92 410.877 215.825 353.275 2027.66 81.3294 691.646 112.381 2231.26 898.594 1909.47 49.4389 1738.05 171.419
internal_count=86714 36465 33713 21387 17733 12326 2752 50249 4463 2061 3654 24241 691 7863 1057 26008 10322 22844 414 20790 2054
is_linear=0
shrinkage=0.02


Tree=5
num_leaves=25
num_cat=0
split_feature=0 0 25 0 48 0 0 0 25 3 32 3 3 2 34 14 3 2 3 25 12 12 28 2
split_gain=2843.98 1345.06 621.213 442.046 290.145 228.462 145.123 143.151 81.7384 65.2147 62.0923 56.6418 53.4965 32.9168 28.8732 25.7906 22.5629 14.7036 12.8078 10.7499 7.20823 6.28304 5.97009 2.26221
threshold=16.474374771118168 5.8774940967559823 1.0000000180025095e-35 9.9000000953674334 1.0000000180025095e-35 19.814388275146488 3.9083231687545781 8.6792855262756365 1.0000000180025095e-35 12.650000095367433 1.0000000180025095e-35 3.3500000238418584 4.7500000000000009 26.849999427795414 1.0000000180025095e-35 1.0000000180025095e-35 1.2500000000000002 1.2500000000000002 19.349999427795414 1.0000000180025095e-35 7.8591127395629892 8.5654463768005389 1.0000000180025095e-35 5.2500000000000009
decision_type=2 2 2 2 2 2 2 2 2 2 2 2 2 2 2 8 2 2 2 2 10 10 2 2
left_child=1 6 3 11 -5 9 15 10 12 19 -4 -3 -8 16 -10 -1 -7 -17 22 -2 23 -18 -15 -11
right_child=5 2 7 4 -6 13 8 -9 14 20 -12 -13 -14 18 -16 17 21 -19 -20 -21 -22 -23 -24 -25
leaf_value=0.099765947212649156 0.0012862968357881968 0.043321265165918339 0.016398508554596628 0.0085734659172163781 0.032753156592679092 -0.0047012588808337721 0.060442675353569147 -0.0029787870041763581 0.026868461725904499 -0.0029787870041763581 0.0010738387547592839 0.032753156592679092 0.032753156592679092 -0.0188950845973689 0.0610557487532431 0.097807719843579138 -0.013167920687544974 0.061501296872162534 -0.013167920687544974 -0.0047012588808337721 -0.0029787870041763581 -0.0047012588808337721 -0.013167920687544974 -0.013167920687544974
leaf_weight=17.508657373487949 715.27057597786188 211.46815121173859 209.16501664370298 1501.7698095664382 76.091102562844753 135.12955800443888 108.13983868062496 726.07833761721849 99.044246606528759 6.7971177473664275 213.18841870874166 265.91806335002184 11.918226994574068 679.36417246609926 10.963511921465395 7.9212498292326918 2163.849679119885 61.952251173555851 35.171745471656322 22.727853156626225 6.7022271677851668 19.03620471060276 91.654514752328396 264.21751302480698
leaf_count=136 8019 2093 2234 16556 797 1601 965 8307 937 81 2326 2793 117 8273 103 61 25931 503 424 262 76 223 1113 3122
internal_value=1.45076e-05 0.0132256 0.0093257 0.0159065 0.010792 -0.0112224 0.0524303 -0.00245495 0.0437346 -0.00297879 0.00868399 0.0327532 0.0552387 -0.0139007 0.0307949 0.074571 -0.0126766 0.0669392 -0.0174002 -0.00297879 -0.0126548 -0.0131679 -0.0182264 -0.0131679
internal_weight=7661.05 3521.13 3203.68 2055.25 1577.86 4139.92 317.448 1148.43 230.066 1015.72 422.353 477.386 120.058 3124.21 110.008 87.3822 2318.02 69.8735 806.19 737.998 277.717 2182.89 771.019 271.015
internal_count=87053 37928 35106 22239 17353 49125 2822 12867 2122 11560 4560 4886 1082 37565 1040 700 27755 564 9810 8281 3279 26154 9386 3203
is_linear=0
shrinkage=0.02


Tree=6
num_leaves=24
num_cat=0
split_feature=1 1 25 1 25 0 11 14 0 32 3 2 0 25 14 3 2 3 27 2 32 13 13
split_gain=2854.96 1120.83 542.31 357.591 334.118 227.525 173.611 100.523 94.6706 86.0392 68.8272 66.4238 53.673 50.7377 44.5248 26.2021 23.5321 8.09267 6.45897 5.47063 5.26966 5.04495 0.0538743
threshold=0.39648739993572241 0.98251724243164074 1.0000000180025095e-35 0.56036624312400829 1.0000000180025095e-35 19.814388275146488 8.6977915763854998 1.0000000180025095e-35 5.658621311187745 1.0000000180025095e-35 13.050000190734865 2.1499999761581425 8.6792855262756365 1.0000000180025095e-35 1.0000000180025095e-35 0.84999999403953563 27.650000572204593 19.349999427795414 1.0000000180025095e-35 4.0499999523162851 1.0000000180025095e-35 2.6953198909759526 0.50600209832191478
decision_type=2 2 2 2 2 2 8 8 2 2 2 2 2 2 10 2 2 2 2 2 2 10 10
left_child=5 2 3 6 11 10 -2 -5 15 -10 13 -3 20 -1 -13 -6 -7 18 -18 22 -4 -21 -12
right_child=1 4 12 7 8 16 -8 -9 9 -11 19 14 -14 -15 -16 -17 17 -19 -20 21 -22 -23 -24
leaf_value=0.0020017357249541077 0.025294100980486522 0.09062768178931041 0.010638990579934747 0.055795637076524247 0.029152348702338914 -0.01390462889552061 0.0048492060953999319 0.025294100980486522 0.029152348702338914 0.00063592719503535321 -0.0062805535801876014 0.058980265706024951 -0.0037810728263912969 -0.01390462889552061 0.039997510550800239 0.044187070128200077 -0.01390462889552061 -0.01390462889552061 -0.019153202999267739 -0.01390462889552061 0.00063592719503535321 -0.0037810728263912969 -0.0037810728263912969
leaf_weight=740.94394716620445 132.31115142256021 23.464984461665154 140.44055753946304 27.647777825593948 30.785942606627941 2396.8520485311747 1039.5436294004321 729.49577797204256 82.618879720568657 85.786972343921661 13.067669592797758 149.7876011133194 688.49031708389521 52.929357528686523 90.400661714375019 91.239100836217403 80.415870271623135 26.918695546686649 573.0444435402751 293.34471131116152 134.39778047055006 10.52326253056526 5.0990533828735343
leaf_count=8446 1380 171 1508 261 275 29016 11425 7459 829 888 154 1287 7883 623 791 800 988 328 7098 3506 1495 125 60
internal_value=-1.33455e-05 0.0134705 0.00847134 0.0145889 0.039504 -0.0110965 0.00765652 0.0252941 0.0245737 0.0147154 -0.00378107 0.0557956 -0.00378107 -0.00378107 0.0557956 0.0379488 -0.0139046 -0.0176594 -0.0183678 -0.0130504 0.000635927 -0.0136939 -0.00378107
internal_weight=7639.55 3446.41 2892.33 1929 554.084 4193.14 1171.85 757.144 290.431 168.406 1115.91 263.653 963.329 793.873 240.188 122.025 3077.23 680.379 653.46 322.035 274.838 303.868 18.1667
internal_count=86796 36452 31411 20525 5041 50344 12805 7720 2792 1717 12914 2249 10886 9069 2078 1075 37430 8414 8086 3845 3003 3631 214
is_linear=0
shrinkage=0.02


Tree=7
num_leaves=25
num_cat=0
split_feature=1 1 12 32 1 0 0 12 6 32 27 7 3 1 1 12 3 3 2 14 12 3 12 32
split_gain=2862.62 1123.74 400.84 276.068 216.424 202.798 190.944 113.56 105.432 80.2085 51.4872 37.5828 36.8867 35.3171 27.9707 23.0319 16.0118 27.885 12.7862 10.3521 9.26053 9.08426 8.37897 0.521498
threshold=0.39648739993572241 0.98251724243164074 5.0766053199768075 1.0000000180025095e-35 0.56036624312400829 3.9083231687545781 19.814388275146488 7.8591127395629892 1.0000000180025095e-35 1.0000000180025095e-35 1.0000000180025095e-35 1.0000000180025095e-35 0.94999998807907116 0.2808417826890946 0.91811931133270275 6.5947694778442392 12.949999809265138 23.349999427795414 26.94999980926514 1.0000000180025095e-35 6.6955211162567148 9.8499999046325701 3.8185642957687382 1.0000000180025095e-35
decision_type=2 2 10 2 2 2 2 10 2 2 2 10 2 2 2 10 2 2 2 10 10 2 10 2
left_child=6 2 3 4 -2 12 7 20 9 -7 18 -4 -3 17 -5 -13 -15 -12 -8 -14 23 -20 -10 -1
right_child=1 5 11 14 -6 8 10 -9 22 -11 13 15 19 16 -16 -17 -18 -19 21 -21 -22 -23 -24 -25
leaf_value=-0.0046191901121498645 0.0036139569975581925 0.052357672257198694 0.03256497934305131 -0.0052299430770707004 0.016756265507930104 0.052357672257198694 -0.0052299430770707004 0.025524852676440217 0.016756265507930104 0.03256497934305131 -0.016874287014072911 0.0062740776817324477 0.081154708762332051 -0.012480142610893743 0.010459758412365626 0.026880241650577293 -0.0052299430770707004 -0.0052299430770707004 -0.017107072420043931 0.053272331679172551 0.0059186273245350829 -0.0052299430770707004 0.032786784661994889 -0.0052299430770707004
leaf_weight=912.93179288506508 1042.3599851131439 29.032164961099625 165.13215015083551 615.96276649832726 965.69937738776207 195.70146020501852 164.48431035131216 49.312894634902477 168.12544278800488 98.956940770149231 1510.1764183565974 46.471904061734676 49.779800295829773 1172.5673752352595 44.760450452566147 41.066719271242619 73.492480613291264 28.206024713814259 61.48324228823185 15.633529528975485 29.022888593375683 30.535946108400822 13.779903680086134 120.32789395749569
leaf_count=10604 11488 221 1643 6899 10107 1693 2015 549 1631 897 18808 485 356 14240 475 402 889 346 763 115 334 379 127 1411
internal_value=0.000216834 0.0135596 0.00853706 0.00625084 0.00993944 0.0391966 -0.0110056 -0.00495758 0.033759 0.0447523 -0.0136213 0.032565 0.0659932 -0.0144116 -0.00495758 0.0255249 -0.0118865 -0.0164479 -0.00522994 0.0753934 -0.00522994 -0.012673 0.032565 -0.00522994
internal_weight=7645 3492.46 2921.45 2668.78 2008.06 571.009 4152.54 1111.6 476.564 294.658 3040.95 252.671 94.4455 2784.44 660.723 87.5386 1246.06 1538.38 256.503 65.4133 1062.28 92.0192 181.905 1033.26
internal_count=86877 36539 31499 28969 21595 5040 50338 12898 4348 2590 37440 2530 692 34283 7374 887 15129 19154 3157 471 12349 1142 1758 12015
is_linear=0
shrinkage=0.02


Tree=8
num_leaves=23
num_cat=0
split_feature=0 0 25 3 0 0 0 48 0 24 3 6 2 3 3 25 14 3 19 12 2 27
split_gain=2496.3 976.843 547.952 304.162 202.224 199.588 167.303 140.333 102.117 65.7091 54.2675 52.8368 36.8727 29.8518 29.6602 18.173 13.5591 12.6004 10.0934 3.88948 3.96205 3.77059
threshold=16.474374771118168 6.5893847942352304 1.0000000180025095e-35 7.2500000000000009 19.814388275146488 12.952605724334719 4.4073791503906259 1.0000000180025095e-35 8.6792855262756365 1.0000000180025095e-35 12.650000095367433 1.0000000180025095e-35 27.050000190734867 0.94999998807907116 1.0500000119209292 1.0000000180025095e-35 1.0000000180025095e-35 19.349999427795414 1.0000000180025095e-35 8.8806543350219744 5.2500000000000009 1.0000000180025095e-35
decision_type=2 2 2 2 2 2 2 2 2 2 2 2 2 2 2 2 10 2 10 10 2 2
left_child=1 6 3 5 10 -3 13 -5 11 18 15 -4 -6 -1 -11 -2 -15 21 -8 20 -12 -14
right_child=4 2 8 7 12 -7 9 -9 -10 14 19 -13 17 16 -16 -17 -18 -19 -20 -21 -22 -23
leaf_value=0.051651739668780006 0.0010018017745159215 0.02639195388756746 0.015713585664614296 0.0025935526159305416 -0.012752541575350256 0.0094649058873685684 0.030649870681664988 0.030649870681664988 -0.0037442605846674704 0.02639195388756746 -0.0037442605846674704 9.8153196560163051e-05 -0.013938678596542693 0.071878119714796754 0.057280967996530568 -0.012752541575350256 0.057280967996530568 -0.012752541575350256 0.051651739668780006 -0.0037442605846674704 -0.012752541575350256 -0.018892152875631642
leaf_weight=42.04194850474596 719.28602742403746 776.43259974569082 155.1457451954484 794.10924478620291 2280.4662346765399 436.78458067029715 280.65439700335264 46.563561208546162 719.05211568623781 7.2812521308660498 6.450517736375331 194.83799090236425 84.536551848053932 69.219559088349342 53.438008792698383 22.136516742408276 27.891150191426277 32.477634839713573 15.428679347038267 5.2146528437733641 259.87561565637589 615.8071212247014
leaf_count=323 8025 7618 1593 8884 28220 4675 2543 482 8244 59 78 2126 1062 494 450 257 211 404 121 58 3144 7847
internal_value=-3.96667e-05 0.0120131 0.00786573 0.0139075 -0.0108732 0.0203107 0.0380597 0.0046537 -0.00374426 0.0306499 -0.00374426 0.00704543 -0.0134778 0.0567052 0.0516517 -0.00374426 0.0652671 -0.017494 0.0306499 -0.0127525 -0.0127525 -0.018315
internal_weight=7645.13 3618.88 3122.93 2053.89 4026.25 1213.22 495.955 840.673 1069.04 356.802 1012.96 349.984 3013.29 139.153 60.7193 741.423 97.1107 732.821 296.083 271.541 266.326 700.344
internal_count=86918 37823 33622 21659 49095 12293 4201 9366 11963 3173 11562 3719 37533 1028 509 8282 705 9313 2664 3280 3222 8909
is_linear=0
shrinkage=0.02


Tree=9
num_leaves=24
num_cat=0
split_feature=1 1 25 0 25 12 1 6 19 0 0 28 0 1 6 49 1 25 3 2 2 3 3
split_gain=2534.89 808.079 638.09 302.722 275.8 220.704 215.012 90.881 84.1553 73.4516 56.4855 47.0691 36.5701 35.1585 26.1326 24.2323 23.2598 18.3352 17.7331 14.134 11.957 11.7703 7.32863
threshold=0.44084164500236517 0.98251724243164074 1.0000000180025095e-35 19.814388275146488 1.0000000180025095e-35 6.6955211162567148 0.56469392776489269 1.0000000180025095e-35 1.0000000180025095e-35 8.6792855262756365 3.9083231687545781 1.0000000180025095e-35 6.2988090515136728 0.2808417826890946 1.0000000180025095e-35 1.0000000180025095e-35 1.4878956675529482 1.0000000180025095e-35 23.349999427795414 16.750000000000004 26.94999980926514 9.8499999046325701 3.0499999523162846
decision_type=2 2 2 2 2 10 2 2 10 2 2 2 2 2 2 2 2 2 2 2 2 2 2
left_child=3 2 5 17 8 6 -2 12 16 14 -9 13 -6 18 -4 -7 -3 -1 -5 -15 -13 -22 -10
right_child=1 4 9 11 7 15 -8 10 22 -11 -12 20 -14 19 -16 -17 -18 -19 -20 -21 21 -23 -24
leaf_value=-0.0014190131236974546 0.0068823828687183388 0.046050629158096788 0.012948192885481149 -0.016640676547268748 0.04163565763895672 0.046050629158096788 0.022360410807998263 0.044933362886907482 0.08502811052005857 -0.0042051285035286223 0.0061390942153253724 -0.0049864943994499941 0.020370953973817229 -0.0049864943994499941 0.0005477019408366982 0.0065546464304707076 0.060425804633584781 -0.0049864943994499941 -0.011492504066011112 -0.011492504066011112 -0.017548590654773408 -0.0049864943994499941 0.060425804633584781
leaf_weight=1515.6725282520056 696.54220298677683 199.16019770503044 122.83773146569729 1479.2860805690289 92.449191845953465 89.734389737248421 742.61765353381634 15.564591452479361 27.985641419887543 644.67274406552315 145.5316619053483 163.00288343429565 54.646905608475208 68.74800219386816 150.90535472333431 6.5731274113059035 59.008145689964294 102.66969631612301 32.305973090231419 1145.7031137496233 59.458009086549282 29.433486424386501 9.7064246982336027
leaf_count=17263 7515 1618 1270 18916 744 830 7225 110 180 7389 1413 2027 507 844 1666 60 409 1214 402 14206 757 371 68
internal_value=-2.01164e-05 0.014088 0.00897931 -0.00940734 0.0347921 0.016863 0.0148791 0.0214424 0.0485791 -0.00420513 0.016863 -0.0132836 0.0339266 -0.0140482 0.00613909 0.0460506 0.0460506 -0.00420513 -0.0160926 -0.0114925 -0.00498649 -0.0122997 0.0772574
internal_weight=7654.22 3057.94 2453.88 4596.28 604.053 1535.47 1439.16 308.192 295.86 918.416 161.096 2977.94 147.096 2726.04 273.743 96.3075 258.168 1618.34 1511.59 1214.45 251.894 88.8915 37.6921
internal_count=87004 31004 25955 56000 5049 15630 14740 2774 2275 10325 1523 37523 1251 34368 2936 890 2027 18477 19318 15050 3155 1128 248
is_linear=0
shrinkage=0.02


Tree=10
num_leaves=22
num_cat=0
split_feature=1 1 25 1 25 12 0 6 48 0 0 19 1 0 1 6 25 3 2 0 6
split_gain=2442.54 925.755 464.166 306.187 225.369 199.949 136.828 113.44 107.323 80.0495 68.7474 60.9767 50.0184 40.5373 38.5188 26.5167 22.5954 19.151 12.091 5.07883 4.44828
threshold=0.37962783873081213 0.98251724243164074 1.0000000180025095e-35 0.55027195811271679 1.0000000180025095e-35 5.6600327491760263 19.814388275146488 1.0000000180025095e-35 1.0000000180025095e-35 8.6792855262756365 3.9083231687545781 1.0000000180025095e-35 0.25782336294651037 6.2988090515136728 0.27737425267696386 1.0000000180025095e-35 1.0000000180025095e-35 17.94999980926514 1.8499999642372134 34.572240829467781 1.0000000180025095e-35
decision_type=2 2 2 2 2 10 2 2 2 2 2 10 2 2 2 2 2 2 2 2 2
left_child=6 2 3 5 11 -2 12 13 -5 15 -9 18 20 -6 17 -4 -14 19 -3 -8 -1
right_child=1 4 9 8 7 -7 14 10 -10 -11 -12 -13 16 -15 -16 -17 -18 -19 -20 -21 -22
leaf_value=-0.013475392485434182 0.0033636033120030794 0.072625744626260036 0.012678601030425559 0.021463184085764565 0.041786585381990822 0.021463184085764565 -0.016409601868844548 0.047645570681880425 0.046037462327961631 -0.0047626745052540571 0.0058950585692269042 0.072625744626260036 -0.00084957613698068688 0.020127843583304109 -0.01089180094387048 0.00036125877023883765 -0.01089180094387048 -0.013475392485434182 0.046037462327961631 -0.020601528547873237 -0.01089180094387048
leaf_weight=184.87295787781477 1212.8807639405131 11.756114289164541 125.96781149506569 819.0004715397954 97.821382716298103 133.4669435992837 1089.6291560828686 16.291117385029793 28.978359416127205 696.76238338649273 144.62452555447817 36.499985679984093 692.00094068050385 58.142096601426601 1292.5096626728773 155.70725912600756 35.055332787334919 353.18507862091064 253.81031804531813 149.05802837014198 51.212754212319851
leaf_count=2246 13319 73 1291 7834 763 1312 14130 112 259 8025 1400 228 7989 531 16191 1720 422 4514 1943 1956 626
internal_value=-7.09035e-05 0.0113196 0.00694931 0.0120558 0.0336745 0.0061191 -0.0112962 0.0217817 0.0214632 -0.00450349 0.0099073 0.0460375 -0.00476267 0.033892 -0.0134754 0.00589506 -0.00476267 -0.015565 0.0460375 -0.0169303 -0.0134754
internal_weight=7639.23 3791.71 3172.76 2194.33 618.946 1346.35 3847.52 316.879 847.979 978.437 160.916 302.066 963.142 155.963 2884.38 281.675 727.056 1591.87 265.566 1238.69 236.086
internal_count=86884 38810 33760 22724 5050 14631 48074 2806 8093 11036 1512 2244 11283 1294 36791 3011 8411 20600 2016 16086 2872
is_linear=0
shrinkage=0.02


Tree=11
num_leaves=23
num_cat=0
split_feature=1 1 25 1 25 0 32 6 19 27 0 7 0 1 34 2 6 2 2 2 25 13
split_gain=2315.53 797.062 461.397 250.688 195.909 183.985 169.889 101.49 80.7881 65.1751 64.705 50.1976 45.6617 36.0576 32.4333 29.7406 17.6839 14.864 11.7347 17.1531 3.90024 2.56209
threshold=0.39648739993572241 0.98251724243164074 1.0000000180025095e-35 0.55027195811271679 1.0000000180025095e-35 19.814388275146488 1.0000000180025095e-35 1.0000000180025095e-35 1.0000000180025095e-35 1.0000000180025095e-35 8.6792855262756365 1.0000000180025095e-35 5.658621311187745 0.2808417826890946 1.0000000180025095e-35 1.8499999642372134 1.0000000180025095e-35 26.94999980926514 16.750000000000004 7.1499998569488534 1.0000000180025095e-35 2.4704704284667973
decision_type=2 2 2 2 2 2 2 2 10 2 2 10 2 2 2 2 2 2 2 2 2 10
left_child=5 2 3 11 8 20 -5 14 15 17 16 -2 -9 19 -6 -3 -4 -7 -15 -11 -1 -19
right_child=1 4 10 6 7 9 -8 12 -10 13 -12 -13 -14 18 -16 -17 -18 21 -20 -21 -22 -23
leaf_value=-0.0026911123736157679 0.0065647629667970695 0.070596580606749143 0.01100591403446898 0.024692676632546227 0.028446250855588315 -0.0040777572441829373 0.0065647629667970695 0.02409056132994437 0.07142465277972776 -0.0040777572441829373 -0.0040777572441829373 -0.0013081449575904575 0.00545838879426324 -0.0040777572441829373 0.056361084037561335 0.037614782021781715 0.00097440079923267347 -0.013476663479263224 -0.011876582385872825 -0.016318639875150889 -0.0040777572441829373 -0.0040777572441829373
leaf_weight=1048.212193697691 828.3499796167016 11.955631300806997 126.20309421420097 745.37338003516197 140.4129126444459 160.76811108738184 135.71641816198826 60.063999272882938 36.624715864658356 6.5300295352935782 680.44685088098049 323.64103849232197 101.83078315109015 68.742240779101849 19.586536318063736 263.43601890653372 157.59113926440477 80.608819723129272 1126.5379649400711 1455.7144528925419 56.76385436207056 4.6326135694980612
leaf_count=12227 8859 71 1279 6951 1134 2029 1317 489 220 84 7862 3479 1024 855 158 1950 1740 1049 14220 19118 690 60
internal_value=6.15387e-05 0.0116285 0.00731366 0.0127157 0.0319865 -0.010417 0.0207412 0.0209354 0.0432842 -0.0130676 -0.00407776 0.00656476 0.00968091 -0.0139827 0.0321923 0.0392969 0.00545839 -0.00407776 -0.0113845 -0.0160973 -0.00407776 -0.0125346
internal_weight=7639.74 3631.23 2997.32 2033.08 633.911 4008.51 881.09 321.894 312.016 2903.53 964.241 1151.99 161.895 2657.52 159.999 275.392 283.794 246.01 1195.28 1462.24 1104.98 85.2414
internal_count=86865 36533 31487 20606 5046 50332 8268 2805 2241 37415 10881 12338 1513 34277 1292 2021 3019 3138 15075 19202 12917 1109
is_linear=0
shrinkage=0.02


Tree=12
num_leaves=23
num_cat=0
split_feature=1 1 25 12 1 25 0 0 19 27 0 15 2 12 0 2 12 25 12 3 3 12
split_gain=2140.17 757.836 395.954 231.246 200.141 194.422 179.453 81.0589 67.3121 54.5442 47.7405 46.3107 36.5797 33.0103 20.4176 17.43 12.7627 12.3234 7.42639 6.54107 5.63924 1.19563
threshold=0.39648739993572241 0.98251724243164074 1.0000000180025095e-35 5.4855608940124521 0.56036624312400829 1.0000000180025095e-35 18.221827507019047 8.6792855262756365 1.0000000180025095e-35 1.0000000180025095e-35 26.587496757507328 2.5000000000000004 3.6499999761581425 6.2327127456665048 6.4050757884979257 26.94999980926514 8.5654463768005389 1.0000000180025095e-35 3.7573080062866215 9.8499999046325701 2.2500000000000004 1.0000000180025095e-35
decision_type=2 2 2 10 2 2 2 2 10 2 2 10 2 10 2 2 10 2 10 2 2 8
left_child=6 2 3 4 -2 8 17 14 12 15 13 -5 -3 -11 -4 -8 -12 -1 21 -17 -10 -7
right_child=1 5 7 11 -6 18 9 -9 20 10 16 -13 -14 -15 -16 19 -18 -19 -20 -21 -22 -23
leaf_value=-0.00025043800017088432 0.0037279770540718832 0.051958669572150458 0.019478597161067805 0.03658173839759489 0.017133574703597158 0.027162427111045735 -0.004005444565490149 -0.004005444565490149 0.076996261779557817 -0.011986153712027039 -0.016997966153164356 0.013177777950247493 0.03658173839759489 -0.004005444565490149 0.0050838391229069023 -0.016737079377333472 -0.004005444565490149 -0.004005444565490149 0.031894791820074403 -0.0046575205487379076 0.051960546920539835 0.019478597161067805
leaf_weight=721.04685543477535 1072.8626460805535 68.291878655552864 17.724651731550694 162.05008339136839 761.68666760623455 18.148490451276302 162.65823445469141 674.00022393465042 20.017665594816208 1836.7455957680941 1036.6725936383009 44.602199651300907 213.16373539716005 70.719649888575077 266.59173233062029 58.682835437357426 15.892283916473387 52.175114676356316 20.730219639837742 27.046651430428028 19.656511336565018 287.52350699156523
leaf_count=8379 11564 439 174 1467 7070 159 2058 7814 113 23321 13821 413 1578 872 2840 777 210 636 170 351 115 2483
internal_value=-0.000228958 0.010838 0.00659686 0.011574 0.00930015 0.0304435 -0.0103661 -0.00400544 0.0414934 -0.0125246 -0.0132811 0.0304435 0.0377924 -0.0113814 0.00665743 -0.00400544 -0.0167097 -0.00400544 0.0194786 -0.0130238 0.0661748 0.0194786
internal_weight=7628.69 3647.05 2999.52 2041.2 1834.55 647.532 3981.64 958.317 321.13 3208.42 2960.03 206.652 281.456 1907.47 284.316 248.388 1052.56 773.222 326.402 85.7295 39.6742 305.672
internal_count=86824 36399 31342 20514 18634 5057 50425 10828 2245 41410 38224 1880 2017 24193 3014 3186 14031 9015 2812 1128 228 2642
is_linear=0
shrinkage=0.02


Tree=13
num_leaves=23
num_cat=0
split_feature=1 1 25 25 48 1 0 6 27 0 0 19 1 14 3 3 3 3 25 1 15 15
split_gain=2215.4 739.045 440.757 252.546 248.378 200.724 185.874 104.311 59.2662 56.3067 52.4404 51.7025 38.5368 32.7835 14.8996 14.8683 13.1619 13.0542 11.7182 5.84656 5.15801 0.454978
threshold=0.39648739993572241 0.91811931133270275 1.0000000180025095e-35 1.0000000180025095e-35 1.0000000180025095e-35 0.5447276532649995 19.814388275146488 1.0000000180025095e-35 1.0000000180025095e-35 3.9083231687545781 8.6792855262756365 1.0000000180025095e-35 0.2808417826890946 1.0000000180025095e-35 20.849999427795414 2.6499999761581425 12.949999809265138 3.0499999523162846 1.0000000180025095e-35 0.42548932135105139 3.5000000000000004 1.0000000180025095e-35
decision_type=2 2 2 2 2 2 2 2 2 2 2 10 2 8 2 2 2 2 2 2 8 10
left_child=6 2 4 11 5 -2 18 13 20 -9 15 -3 14 -5 -10 -4 -14 -13 -1 -6 21 -8
right_child=1 3 10 7 19 -7 8 9 12 -11 -12 17 16 -15 -16 -17 -18 -19 -20 -21 -22 -23
leaf_value=-0.0020835237158144601 0.0047071444264183649 0.039904861270118192 -0.0051818150050199577 0.061147801504304891 0.0098298710846898823 0.017715351629082787 -0.0084744838751911224 0.04225789533424016 -0.016683737960500506 0.0046836907648619489 -0.0051818150050199577 0.069184622214042021 -0.011753096516608566 0.025676329119420832 -0.01118780922196635 0.0046836907648619489 -0.0051818150050199577 0.039904861270118192 -0.0051818150050199577 0.039904861270118192 -0.0051818150050199577 -0.016060059894636245
leaf_weight=1045.0103659629822 1094.8012173771858 344.45464020967484 53.508402898907661 10.741440907120703 8.9028482064604741 837.81670854240656 8.1560992971062678 16.382031574845314 1348.501542404294 199.43673691153526 676.56683968007565 32.928960859775543 1101.853448048234 183.62513074278831 84.286757208406925 148.82306586951017 70.675850957632065 11.223189868032931 58.102666899561882 66.753581665456295 215.58700376003981 23.638281114399433
leaf_count=12252 11690 2497 567 75 84 7713 109 106 18200 1944 7868 180 14183 1508 1113 1579 895 70 711 590 2775 310
internal_value=0.000187674 0.0113419 0.00662642 0.0283561 0.0117942 0.0103526 -0.0102059 0.0173444 -0.012996 0.00771756 -0.00518182 0.0399049 -0.0138975 0.0279396 -0.0161057 0.00468369 -0.0111878 0.0621151 -0.00518182 0.0399049 -0.00518182 -0.0144319
internal_weight=7641.78 3685.96 2887.17 798.792 2008.27 1932.62 3955.81 410.185 2852.7 215.819 878.898 388.607 2605.32 194.367 1432.79 202.331 1172.53 44.1522 1103.11 75.6564 247.381 31.7944
internal_count=87019 36471 30091 6380 20077 19403 50548 3633 37585 2050 10014 2747 34391 1583 19313 2146 15078 250 12963 674 3194 419
is_linear=0
shrinkage=0.02


Tree=14
num_leaves=24
num_cat=0
split_feature=1 1 25 1 25 1 32 0 6 0 19 15 0 34 14 3 0 27 6 27 3 11 22
split_gain=2042.48 656.819 409.429 224.36 180.902 173.466 171.959 73.6593 72.8752 59.8155 54.5969 52.7406 41.4004 31.5978 30.2145 27.3508 26.7617 19.4417 16.5451 14.8815 9.25081 6.18115 4.04581
threshold=0.39648739993572241 0.98251724243164074 1.0000000180025095e-35 0.55027195811271679 1.0000000180025095e-35 0.29377762973308569 1.0000000180025095e-35 19.814388275146488 1.0000000180025095e-35 8.6792855262756365 1.0000000180025095e-35 3.5000000000000004 3.9083231687545781 1.0000000180025095e-35 1.0000000180025095e-35 23.349999427795414 28.827504158020023 1.0000000180025095e-35 1.0000000180025095e-35 1.0000000180025095e-35 0.75000000000000011 4.940650701522828 0.094996374100446715
decision_type=2 2 2 2 2 2 2 2 2 2 10 10 2 2 10 2 2 2 2 2 2 10 10
left_child=5 2 3 11 10 15 -5 -7 13 18 14 -2 -10 -6 -3 16 19 -9 -4 -1 -19 -12 -18
right_child=1 4 9 6 8 7 -8 17 12 -11 21 -13 -14 -15 -16 -17 22 20 -20 -21 -22 -23 -24
leaf_value=-0.0042209416307129113 0.0057575677641645917 0.040138197760091483 0.010229203279711741 0.022978552902383105 0.023423705220811112 -0.0042209416307129113 0.0057575677641645917 -0.0042209416307129113 0.036053100359356514 -0.0042209416307129113 0.065285789083648113 -0.0042209416307129113 0.00485497805041864 0.049880002304795487 0.026506110243154135 -0.0098594906610657233 -0.018150141284155888 -0.0042209416307129113 0.00061454781701906385 -0.013383576348654292 -0.0098594906610657233 0.040138197760091483 -0.013383576348654292
leaf_weight=73.296784020960331 1019.9245112687349 190.971346616745 127.13717024773359 768.93477687239647 142.39809255301952 715.93692084401846 140.49594991654158 58.478476002812386 18.093027770519257 673.64532665163279 32.289390787482262 154.08229557424784 149.49515552073717 21.036796867847443 113.36127449572086 48.250268965959549 667.33674521744251 66.249772384762764 162.54307299852371 1338.1480964049697 877.51325595378876 10.984469905495642 62.824969500303268
leaf_count=946 10749 1279 1264 6843 1093 8246 1320 739 114 7866 172 1655 1399 159 790 627 9184 853 1780 17528 11387 61 867
internal_value=-6.81597e-05 0.0105264 0.00655818 0.0115418 0.0283062 -0.0101677 0.0189943 -0.0054061 0.0176411 -0.00422094 0.0383828 0.00575757 0.00829924 0.0271117 0.0351638 -0.0138995 -0.0145329 -0.00985949 0.00485498 -0.0129025 -0.00985949 0.0597154 -0.0176625
internal_weight=7633.43 3725.39 3046.76 2083.44 678.63 3908.04 909.431 1718.18 331.023 963.326 347.606 1174.01 167.588 163.435 304.333 2189.86 2141.61 1002.24 289.68 1411.44 943.763 43.2739 730.162
internal_count=86921 36544 31477 20567 5067 50377 8163 21225 2765 10910 2302 12404 1513 1252 2069 29152 28525 12979 3044 18474 12240 233 10051
is_linear=0
shrinkage=0.02


Tree=15
num_leaves=21
num_cat=0
split_feature=0 0 25 0 48 0 0 0 6 27 21 0 34 3 2 11 2 11 25 14
split_gain=1932.47 651.705 368.657 251.195 207.414 163.887 90.7435 53.6609 49.3348 47.6476 36.6118 32.0764 26.1215 20.0283 11.4715 10.6369 9.89309 9.31956 4.12495 0.0931308
threshold=17.033202171325687 5.8774940967559823 1.0000000180025095e-35 9.487096309661867 1.0000000180025095e-35 8.6792855262756365 20.726070404052738 3.9083231687545781 1.0000000180025095e-35 1.0000000180025095e-35 27.199240684509281 27.803687095642093 1.0000000180025095e-35 1.6500000357627871 1.2500000000000002 18.742683410644535 4.9500000476837167 23.223414421081547 1.0000000180025095e-35 1.0000000180025095e-35
decision_type=2 2 2 2 2 2 2 2 2 2 8 2 2 2 2 8 2 8 2 8
left_child=1 7 3 -3 -5 8 18 14 -4 -8 16 15 -12 -7 -1 -11 -9 -13 -2 -16
right_child=6 2 5 4 -6 13 9 10 -10 11 12 17 -14 -15 19 -17 -18 -19 -20 -21
leaf_value=0.064036568236552946 -0.0045762752233126161 0.023876466992297986 0.014122765879184032 0.0062410929534924596 0.023876466992297986 -0.00076695336036661861 -0.008449272176205001 0.044698361445903861 0.00094568633818639962 -0.008449272176205001 0.023876466992297986 -0.008449272176205001 0.042984254962622606 -0.008449272176205001 0.057414526255895541 -0.012887968826026086 0.023876466992297986 -0.017657956965134339 -0.008449272176205001 0.044698361445903861
leaf_weight=16.612654365599155 1047.4651423022151 500.87325065582991 206.21877697110176 1837.0387257486582 95.030090339481831 135.95301497727633 239.13081272691488 32.147876009345055 252.04140947759151 145.32624758780003 214.80602930486202 12.546668738126753 30.533874608576298 570.73961763828993 20.254577681422234 1369.1278503537178 12.071091316640375 779.68605920672417 20.123427465558052 84.655366867780685
leaf_count=88 12423 4199 1915 19096 887 1580 3132 218 2664 1924 1574 172 212 6729 110 18262 82 10898 247 500
internal_value=8.77926e-06 0.00956819 0.00683737 0.011266 0.00798612 -0.00241321 -0.0105968 0.0333945 0.00689326 -0.0130128 0.0285129 -0.0140415 0.0252934 -0.00844927 0.0446984 -0.0123168 0.0446984 -0.0173188 -0.00844927 0.0446984
internal_weight=7622.38 4008.98 3597.89 2432.94 1932.07 1164.95 3613.41 411.081 458.26 2545.82 289.559 2306.69 245.34 706.693 121.523 1514.45 44.219 792.233 1067.59 104.91
internal_count=86912 39854 37070 24182 19983 12888 47058 2784 4579 34388 2086 31256 1786 8309 698 20186 300 11070 12670 610
is_linear=0
shrinkage=0.02


Tree=16
num_leaves=26
num_cat=0
split_feature=2 3 25 2 2 48 19 32 12 3 3 3 31 3 3 3 2 3 3 3 3 12 22 2 3
split_gain=1391.2 567.499 467.766 201.934 173.42 161.016 156.91 120.558 99.2138 69.6105 67.2225 66.8049 53.7573 40.9251 36.1735 30.8844 27.7629 30.1761 6.78158 16.7279 6.6731 6.25082 3.24915 1.39095 1.16019
threshold=14.250000000000002 7.0499999523162851 1.0000000180025095e-35 5.6499998569488534 18.550000190734867 1.0000000180025095e-35 1.0000000180025095e-35 1.0000000180025095e-35 6.5947694778442392 14.050000190734865 10.650000095367433 25.849999427795414 1.0000000180025095e-35 13.050000190734865 5.0499999523162851 10.250000000000002 27.050000190734867 9.9499998092651385 3.6499999761581425 1.2500000000000002 9.8499999046325701 4.7795169353485116 0.075560245662927641 34.049999237060554 20.150000572204593
decision_type=2 2 2 2 2 2 10 2 10 2 2 2 2 2 2 2 2 2 2 2 2 10 8 2 2
left_child=1 2 6 14 9 8 7 -1 11 -2 -10 -3 -5 15 -4 -7 17 19 -8 -6 23 -15 -22 -18 -19
right_child=4 5 3 12 16 13 18 -9 10 -11 -12 -13 -14 21 -16 -17 20 24 -20 -21 22 -23 -24 -25 -26
leaf_value=0.02243087449317412 -0.0031634700781353153 -0.0031634700781353153 0.022665817308986005 -0.0031634700781353153 -0.0031634700781353153 0.018313125204677424 0.060400243177073216 0.007071581777123942 0.034462079512637522 -0.012675946869695774 0.00051950550771413557 0.050495905279092805 0.0092632907403392053 -0.0031634700781353153 0.0092632907403392053 0.047593165235931947 -0.017632104278103144 -0.014329686328079842 0.036709979040430107 -0.0099520408988734085 -0.020262011951696968 0.017050194819180735 -0.014329686328079842 -0.021358463380466576 -0.012675946869695774
leaf_weight=1142.1368544772267 944.19576305896044 1406.0416426733136 214.90582336485386 682.72412874549627 157.32683839648962 30.078185774385929 37.986693806946278 250.36374381929636 45.584579385817051 200.8950811624527 46.834727816283703 9.2577478513121587 161.36614596843719 8.5550100505352003 56.329868920147419 30.766990393400192 352.33030995726585 625.30562670528889 12.763861544430254 843.00462142378092 43.542411930859089 5.1858799234032622 174.39591929316521 77.557044208049774 49.962312899529934
leaf_count=9697 10678 16521 1663 7517 1996 271 196 2079 441 2759 547 121 1717 105 587 326 4992 8560 88 11032 620 61 2464 1111 682
internal_value=-0.000194978 0.00763084 0.0134516 0.0037186 -0.00953733 -0.0017838 0.0209653 0.0196764 -0.00316347 -0.00316347 0.0174509 -0.00316347 -0.00111091 0.0267045 0.018697 0.033649 -0.0126759 -0.0126759 0.0552666 -0.00883372 -0.0168429 -0.00316347 -0.0143297 -0.0183524 -0.0143297
internal_weight=7609.4 4140.88 2558.58 1115.33 3468.52 1582.3 1443.25 1392.5 1507.72 1145.09 92.4193 1415.3 844.09 74.5861 271.236 60.8452 2323.43 1675.6 50.7506 1000.33 647.826 13.7409 217.938 429.887 675.268
internal_count=86831 41937 23544 11484 44894 18393 12060 11776 17630 13437 988 16642 9234 763 2250 597 31457 22270 284 13028 9187 166 3084 6103 9242
is_linear=0
shrinkage=0.02


Tree=17
num_leaves=21
num_cat=0
split_feature=1 1 25 12 1 25 48 15 0 4 19 25 3 3 3 8 3 0 21 22
split_gain=1826.25 548.884 377.218 184.471 169.957 168.926 132.596 65.8365 50.5095 47.6921 37.8691 33.931 27.299 18.1385 15.302 9.52039 7.64164 1.23993 1.16749 0.072634
threshold=0.39648739993572241 0.91811931133270275 1.0000000180025095e-35 4.7435042858123788 0.29377762973308569 1.0000000180025095e-35 1.0000000180025095e-35 2.5000000000000004 8.6792855262756365 1.0000000180025095e-35 1.0000000180025095e-35 1.0000000180025095e-35 2.8500000238418584 6.6499998569488534 1.2500000000000002 5.0120003223419198 3.0499999523162846 34.127773284912116 19.377722740173343 0.082019142806530013
decision_type=2 2 2 10 2 2 2 10 2 2 10 2 2 2 2 10 2 2 8 8
left_child=4 2 3 6 13 10 -2 -5 12 14 -3 -11 -4 17 18 -16 -12 19 -6 -1
right_child=1 5 8 7 9 -7 -8 -9 -10 11 16 -13 -14 -15 15 -17 -18 -19 -20 -21
leaf_value=-0.020123776662965859 0.0072108680856293253 0.032957059602242635 -0.0052275955058945535 0.031092446203221963 -0.017285786707478469 0.015128028423994917 0.032957059602242635 0.0087727282454373931 -0.0052275955058945535 0.0016028487545884742 0.056360320998546286 -0.013450799601739623 0.0091897682782416217 -0.013450799601739623 -0.011691863319357614 -0.0052275955058945535 0.032957059602242635 -0.021260224176922356 -0.0052275955058945535 -0.017285786707478469
leaf_weight=39.705784916877747 1748.2722861543298 376.40404734760523 55.095058798789978 211.61287599802017 5.6558698862791053 430.57402300089598 34.411311335861683 71.677517347037792 666.18241470307112 755.24139297753572 36.203111261129379 37.518141821026802 148.99516864866018 1768.8406658992171 698.34728457033634 82.999718822538853 12.382930189371107 62.37084636092186 117.06504083424807 248.16175512224436
leaf_count=568 17258 2523 581 1850 74 3655 304 658 7859 8831 177 464 1554 24115 9272 1094 70 909 1532 3520
internal_value=9.60222e-05 0.00992482 0.00581317 0.0104643 -0.00967075 0.0240125 0.0080626 0.0240125 -0.0052276 -0.0052276 0.0329571 -0.0052276 0.00470442 -0.0134508 -0.00983822 -0.0109242 0.0510509 -0.0180521 -0.0052276 -0.0172858
internal_weight=7607.72 3791.81 2936.25 2065.97 3815.91 855.564 1782.68 283.29 870.273 1696.83 424.99 792.76 204.09 2119.08 904.068 781.347 48.586 350.238 122.721 287.868
internal_count=86868 36489 30064 20070 50379 6425 17562 2508 9994 21267 2770 9295 2135 29112 11972 10366 247 4997 1606 4088
is_linear=0
shrinkage=0.02


Tree=18
num_leaves=25
num_cat=0
split_feature=1 1 25 0 7 25 1 0 6 2 0 2 0 2 10 27 7 27 6 2 19 1 12 2
split_gain=1738.67 536.947 341.933 194.901 135.317 129.181 123.257 81.3036 81.2393 46.585 37.6541 37.0709 27.7858 27.456 26.1623 22.8893 17.8375 17.5278 13.7571 12.2301 11.964 8.36736 7.12212 4.91644
threshold=0.37962783873081213 0.98251724243164074 1.0000000180025095e-35 14.766346931457521 1.0000000180025095e-35 1.0000000180025095e-35 0.27737425267696386 8.6792855262756365 1.0000000180025095e-35 3.6499999761581425 19.380015373229984 16.750000000000004 3.9083231687545781 5.4500000476837167 2.5000000000000004 1.0000000180025095e-35 1.5000000000000002 1.0000000180025095e-35 1.0000000180025095e-35 32.850000381469734 1.0000000180025095e-35 0.64773565530776989 4.8135857582092294 20.550000190734867
decision_type=2 2 2 2 10 2 2 2 2 2 2 2 2 2 10 2 10 2 2 2 8 2 10 2
left_child=6 2 3 4 -2 9 13 18 14 20 -5 -8 -10 -1 -7 -13 -11 23 -4 -19 -3 -9 -17 -15
right_child=1 5 7 10 -6 8 11 21 12 16 -12 15 -14 17 -16 22 -18 19 -20 -21 -22 -23 -24 -25
leaf_value=-0.0065088434411765548 0.017821491381574701 0.030816522929722982 0.0094666458943753577 0.0035068560258725025 0.0035068560258725025 0.030180826856072391 -0.0065088434411765548 -0.0065088434411765548 0.02983350156063028 0.029561521968655004 -0.0065088434411765548 -0.0065088434411765548 0.0047241740267283247 -0.0065088434411765548 0.012335799240486205 -0.011679379135252755 0.0090453455539953372 -0.014662362863539327 0.00075705199464439778 -0.020887030066531805 0.048346961858427684 -0.0020930348662667594 -0.0065088434411765548 -0.010885937644182312
leaf_weight=114.81300902366638 1085.9836991131306 28.863433510065079 132.31096397340298 813.05331170558929 349.70228466391563 126.49705740064383 687.73137567192316 388.63935717195272 17.149598300457001 244.86827689409256 97.554959334433079 77.596861660480499 155.65099741518497 28.334558270871639 47.02335711568594 1007.4374602362514 19.379587262868881 1323.7686133980751 159.55661135911942 145.96706191450357 80.036119669675827 286.15500788390636 75.498249530792236 122.94270410388708
leaf_count=1406 9884 170 1282 8632 3206 913 8113 4658 101 1574 1190 1014 1414 373 348 13588 129 18673 1728 2154 422 3344 1004 1695
internal_value=2.54625e-05 0.00903322 0.0056283 0.00975128 0.0143396 0.0246824 -0.0101088 -0.00437878 0.0158129 0.0328499 0.00250941 -0.00650884 0.00605168 -0.0139359 0.0254433 -0.0100869 0.0280967 -0.0146245 0.00472417 -0.0152943 0.0440233 -0.00650884 -0.0112211 -0.00805848
internal_weight=7616.51 4032.42 3312.96 2346.29 1435.69 719.468 3584.09 966.662 346.321 373.147 910.608 1848.26 172.801 1735.83 173.52 1160.53 264.248 1621.01 291.868 1469.74 108.9 674.794 1082.94 151.277
internal_count=87015 38995 33924 22912 13090 5071 48020 11012 2776 2295 9822 23719 1515 24301 1261 15606 1703 22895 3010 20827 592 8002 14592 2068
is_linear=0
shrinkage=0.02


Tree=19
num_leaves=21
num_cat=0
split_feature=1 1 25 1 25 48 2 6 3 0 0 19 10 3 2 1 3 25 2 22
split_gain=1651.21 462.432 341.182 166.579 163.749 192.009 117.895 60.224 50.7355 42.583 41.8146 39.4255 29.4969 28.5328 26.3559 21.1136 16.1177 10.2803 10.2364 3.05043
threshold=0.39648739993572241 0.91811931133270275 1.0000000180025095e-35 0.29377762973308569 1.0000000180025095e-35 1.0000000180025095e-35 14.250000000000002 1.0000000180025095e-35 23.349999427795414 8.6792855262756365 5.658621311187745 1.0000000180025095e-35 2.5000000000000004 8.3499999046325701 26.94999980926514 0.25782336294651037 2.6499999761581425 1.0000000180025095e-35 1.8499999642372134 0.10184820741415025
decision_type=2 2 2 2 2 2 2 2 2 2 2 10 8 2 2 2 2 2 2 10
left_child=3 2 5 8 11 6 -2 12 14 16 -9 18 -6 -5 15 -1 -4 -15 -3 -16
right_child=1 4 9 13 7 -7 -8 10 -10 -11 -12 -13 -14 17 19 -17 -18 -19 -20 -21
leaf_value=-0.014564193926040614 0.011483414597182195 0.048128926506699435 -0.0052397124810137146 -0.0092127803563785693 0.035102079670096903 0.030521128179674603 0.00091423522855254766 0.019625649911753074 -0.0052397124810137146 -0.0052397124810137146 0.003795850903592315 0.048128926506699435 0.017156115445631465 -0.00084659801176063993 -0.017913631714765708 -0.0095196535496968812 0.003795850903592315 -0.0052397124810137146 0.030521128179674603 -0.014564193926040614
leaf_weight=813.87050295621157 1421.7504312545061 14.42019511759281 51.615668870508671 737.26523888856173 48.667204394936562 82.273021817207336 600.52539747208357 67.691515900194645 45.661641024053097 661.01241283863783 156.20467737317085 52.870539829134941 161.81602422147989 903.43915152549744 594.69513975828886 576.55638549476862 156.3549068570137 34.629880949854851 368.87504517287016 49.088652119040489
leaf_count=11271 13082 73 545 9827 354 668 6369 497 618 7863 1548 259 1225 10970 8790 7841 1616 436 2407 721
internal_value=-0.000157178 0.00905604 0.00529897 -0.00958834 0.0218683 0.00965089 0.00834684 0.0131297 -0.0133742 -0.00523971 0.00965089 0.0305211 0.0214519 -0.00523971 -0.014051 -0.0124808 0.00379585 -0.00523971 0.0305211 -0.0174178
internal_weight=7599.28 3844.08 2973.53 3755.21 870.545 2104.55 2022.28 434.379 2079.87 868.983 223.896 436.166 210.483 1675.33 2034.21 1390.43 207.971 938.069 383.295 643.784
internal_count=86980 36506 30143 50474 6363 20119 19451 3624 29241 10024 2045 2739 1579 21233 28623 19112 2161 11406 2480 9511
is_linear=0
shrinkage=0.02


Tree=20
num_leaves=21
num_cat=0
split_feature=0 0 25 48 0 0 0 3 10 19 2 25 3 25 0 27 3 11 10 11
split_gain=1610.52 465.252 353.719 215.281 176.467 146.115 84.1582 52.1177 39.306 36.0346 26.6143 14.7215 10.6056 9.00451 18.0126 5.85478 3.98313 2.17794 1.59154 0.547794
threshold=16.474374771118168 5.8774940967559823 1.0000000180025095e-35 1.0000000180025095e-35 9.9000000953674334 19.94066143035889 8.6792855262756365 13.050000190734865 2.5000000000000004 1.0000000180025095e-35 26.849999427795414 1.0000000180025095e-35 19.349999427795414 1.0000000180025095e-35 3.9083231687545781 1.0000000180025095e-35 1.2500000000000002 12.101274013519289 1.5000000000000002 17.911295890808109
decision_type=2 2 2 2 2 2 2 2 8 10 2 2 2 2 2 2 2 8 10 10
left_child=1 9 3 4 -3 7 8 11 -4 13 -7 -2 15 14 -1 -12 -11 18 -9 -19
right_child=5 2 6 -5 -6 10 -8 17 -10 16 12 -13 -14 -15 -16 -17 -18 19 -20 -21
leaf_value=0.039414048929503988 4.2845859538312932e-06 0.018699779512528589 0.017234414003293876 0.027920780535757778 0.0059971772809004741 -0.012091044155117206 -0.0031883954039471957 -0.0031883954039471957 0.0024964355375398455 0.053800943143628696 -0.012091044155117206 -0.012091044155117206 -0.012091044155117206 0.021480028136889394 0.027920780535757778 -0.017772711276232891 0.039414048929503988 -0.012091044155117206 -0.012091044155117206 -0.0031883954039471957
leaf_weight=59.516426026821136 781.95849521458149 595.39366410672665 88.395232006907463 103.46341329067945 1648.2386872917414 1961.0234877467155 681.01201606541872 9.7829695716500265 382.96482893824577 18.256828889250755 76.256002925336361 21.191575169563293 29.082644015550613 171.64104023575783 154.96017939597368 546.32586434483528 48.053725093603134 205.06544981896877 5.9291034862399092 4.5687219575047484
leaf_count=311 8740 4759 831 875 16658 27322 8165 122 3759 89 1098 262 419 1211 971 8237 249 2674 76 60
internal_value=1.65748e-05 0.00885693 0.00638499 0.0108389 0.0093749 -0.00957795 -0.00268814 -0.0031884 0.00529092 0.0279208 -0.012091 -0.0031884 -0.0161574 0.0279208 0.0281288 -0.017025 0.0429448 -0.012091 -0.00384635 -0.012091
internal_weight=7593.08 3951.9 3499.47 2347.1 2243.63 3641.18 1152.37 1028.5 471.36 452.428 2612.69 803.15 651.665 386.118 214.477 622.582 66.3106 225.346 15.7121 209.634
internal_count=86888 37878 35047 22292 21417 49010 12755 11934 4590 2831 37076 9002 9754 2493 1282 9335 338 2932 198 2734
is_linear=0
shrinkage=0.02


Tree=21
num_leaves=20
num_cat=0
split_feature=1 1 25 11 1 25 1 12 3 1 1 6 3 2 1 3 12 27 25
split_gain=1489.04 440.008 334.704 194.754 123.251 112.436 109.057 95.1184 47.6117 37.9823 35.2541 33.9713 29.536 27.6137 20.7756 19.6303 15.2912 3.12344 2.8176
threshold=0.37962783873081213 0.94522735476493847 1.0000000180025095e-35 8.6977915763854998 0.56036624312400829 1.0000000180025095e-35 0.29377762973308569 4.4654631614685067 23.349999427795414 1.4878956675529482 0.65390685200691234 1.0000000180025095e-35 0.75000000000000011 26.94999980926514 0.25782336294651037 9.1500000953674334 2.1260704994201665 1.0000000180025095e-35 1.0000000180025095e-35
decision_type=2 2 2 8 2 2 2 10 2 2 2 2 2 2 2 2 8 2 2
left_child=6 2 3 7 -5 9 8 -2 13 16 -4 -12 -11 14 -1 -8 -3 -15 -17
right_child=1 5 10 4 -6 -7 15 -9 -10 12 11 -13 -14 17 -16 18 -18 -19 -20
leaf_value=-0.013955920885297375 0.011466808992722895 0.013425391523046075 -0.0055832058822195829 0.0024252102837575697 0.013373545185105647 0.013559716950894101 -0.0088995916242969996 0.028466059939425893 -0.0055832058822195829 0.028466059939425893 0.0052727483234955913 -0.0051800393512571865 0.047696449928106455 -0.013955920885297375 -0.0088995916242969996 -0.0022248383374061072 0.028466059939425893 -0.01759786935540605 -0.0055832058822195829
leaf_weight=795.23423966765404 236.57576894760132 54.72290300577879 421.85727297514677 1292.1068788468838 602.75760936737061 400.90414850413799 696.68688220530748 222.84151536971331 46.40154293179512 28.357971534132957 234.21372536569834 262.90989306569099 76.413105651736259 77.431043058633804 564.16977259516716 742.51356085389853 255.52505695819855 541.04282017052174 21.235254548490047
leaf_count=11240 2038 346 5073 13670 5087 3206 9518 1813 637 153 2509 2998 378 1125 7804 9066 1591 8284 271
internal_value=-0.000149608 0.00803582 0.00475706 0.00875176 0.0059131 0.0211674 -0.00975446 0.0204215 -0.0127596 0.0284661 -0.00547511 -0.000254637 0.0407665 -0.0134793 -0.0118656 -0.00558321 0.0284661 -0.0170014 -0.00558321
internal_weight=7573.9 4089.19 3273.26 2354.28 1894.86 815.923 3484.72 459.417 2024.28 415.019 918.981 497.124 104.771 1977.88 1359.4 1460.44 310.248 618.474 763.749
internal_count=86807 38862 33188 22608 18757 5674 47945 3851 29090 2468 10580 5507 531 28453 19044 18855 1937 9409 9337
is_linear=0
shrinkage=0.02


Tree=22
num_leaves=25
num_cat=0
split_feature=1 1 25 12 1 1 25 2 7 0 2 27 19 32 27 12 2 12 25 2 12 12 11 2
split_gain=1469.02 356.674 289.87 165.333 149.178 131.658 87.9769 77.2657 57.1097 53.69 33.9509 32.2674 24.1435 18.2074 17.3061 15.4922 14.6621 14.252 13.2756 8.90853 4.72764 4.10177 2.7965 0.577596
threshold=0.39648739993572241 1.0145362019538882 1.0000000180025095e-35 4.7435042858123788 0.29014104604721075 0.56036624312400829 1.0000000180025095e-35 17.750000000000004 1.0000000180025095e-35 8.6792855262756365 6.8500001430511483 1.0000000180025095e-35 1.0000000180025095e-35 1.0000000180025095e-35 1.0000000180025095e-35 5.2397520542144784 27.650000572204593 3.4228254556655888 1.0000000180025095e-35 24.650000572204593 3.6716178655624394 2.9813778400421147 5.1627428531646737 5.4500000476837167
decision_type=2 2 2 10 2 2 2 2 10 2 2 2 10 2 2 10 2 8 2 2 10 10 8 2
left_child=4 2 3 5 10 -2 12 18 -5 13 23 -9 17 -4 19 -13 -16 -3 -6 -12 21 -8 -14 -1
right_child=1 6 9 8 7 -7 20 11 -10 -11 14 15 22 -15 16 -17 -18 -19 -20 -21 -22 -23 -24 -25
leaf_value=-0.0034476599896388722 0.0026503101609822543 0.019097040821652051 0.0089945543484021579 0.028476628340515956 0.0013426402482452702 0.01311840272002111 0.013923290799698704 -0.0034476599896388722 0.010980475805775523 -0.0034476599896388722 -0.0044191977690695699 -0.011486823170466039 0.048860989774469434 -0.00029599184372393773 -0.013330805999359574 -0.0034476599896388722 -0.01759979839080713 0.028977953767959003 -0.0034476599896388722 -0.011679676564566546 0.022736036378250661 0.0089945543484021579 0.033889434935684359 -0.0044191977690695699
leaf_weight=116.43571677058935 1078.7193828374147 94.263041540980339 174.43750216066837 207.28002938628197 740.78024242073298 866.67172376066446 283.69044329971075 58.738946616649628 106.86832366883755 656.56790249049664 62.427600555121899 842.5504043623805 27.134423032402992 162.44266675412655 1121.2088576480746 46.806243240833282 473.55190236866474 206.27156606316566 37.627903759479523 99.816676080226898 23.588442370295525 14.899697430431841 23.143740192055702 47.362602114677429
leaf_count=1458 11192 567 1682 1678 8691 7122 2163 781 932 7886 859 11641 122 1686 16226 633 7383 1199 479 1446 164 108 108 611
internal_value=-0.000189705 0.00829939 0.00555378 0.0095112 -0.00932718 0.00731819 0.0215427 -0.00505648 0.0215427 -0.00344766 -0.0131612 -0.00955402 0.0284766 0.00452706 -0.0139732 -0.0108136 -0.0146087 0.0284766 -0.00344766 -0.00767607 0.0139278 0.0131584 0.0427647 -0.0044192
internal_weight=7573.29 3925.98 3252.99 2259.54 3647.31 1945.39 672.991 1726.5 314.148 993.448 1920.8 948.096 350.813 336.88 1757.01 889.357 1594.76 300.535 778.408 162.244 322.179 298.59 50.2782 163.798
internal_count=86817 36609 32178 20924 50208 18314 4431 22225 2610 11254 27983 13055 1996 3368 25914 12274 23609 1766 9170 2305 2435 2271 230 2069
is_linear=0
shrinkage=0.02


Tree=23
num_leaves=24
num_cat=0
split_feature=1 1 12 32 1 12 1 0 3 14 3 2 2 3 3 2 42 12 12 12 12 12 12
split_gain=1424.1 440.618 287.081 195.909 152.435 133.081 93.0824 47.3044 39.3281 28.0425 26.0369 19.1771 14.2523 15.9568 14.1504 10.5933 8.37717 7.85631 7.68262 1.92398 0.299077 0.178539 0.0393332
threshold=0.37962783873081213 1.0145362019538882 5.9072575569152841 1.0000000180025095e-35 0.56036624312400829 7.1894831657409677 0.27737425267696386 3.9083231687545781 23.349999427795414 1.0000000180025095e-35 4.7500000000000009 6.1499998569488534 16.050000190734867 0.84999999403953563 0.94999998807907116 16.750000000000004 1.0000000180025095e-35 8.3108325004577654 3.4059224128723149 12.95816230773926 7.8591127395629892 7.6580505371093759 8.0734577178955096
decision_type=2 2 10 2 2 10 2 2 2 10 2 2 2 2 2 2 2 10 10 8 10 10 10
left_child=5 2 3 4 -2 6 8 9 12 14 13 -5 -1 -8 -3 -12 -4 20 -9 -19 21 -7 -22
right_child=1 7 16 11 -6 17 10 18 -10 -11 15 -13 -14 -15 -16 -17 -18 19 -20 -21 22 -23 -24
leaf_value=-0.011691612297341414 0.0012059315267652982 0.025779315898933203 0.022544167971381888 0.0018109122552635055 0.011146747443470603 0.0029959877670664319 -0.0058417068971308448 0.018266934667099156 -0.0071932449766069981 0.022544167971381888 -0.0058417068971308448 -0.0058417068971308448 -0.015970760015019611 -0.011691612297341414 0.045115009426928102 -0.0071932449766069981 0.012807761026428674 0.020210345585712681 0.022544167971381888 0.011961091528102506 0.001211120067551961 0.0073301700876460133 -0.0010817584035855798
leaf_weight=458.24097847938538 1290.5232089012861 25.552290022373199 214.3405529037118 130.70649402588606 1181.7792739495635 18.373658753931526 72.187689661979675 466.56891928613186 41.210975557565689 35.96167516708374 630.35134924948215 613.65386079996824 1089.4636234715581 324.21504070609808 71.718110591173172 696.59510523080826 23.141236737370491 43.999225087463856 71.660009495913982 23.303590290248394 5.132367864251135 5.2233275771141043 4.8517940640449524
leaf_count=6349 13778 134 1752 1317 10670 239 1016 3239 573 189 7551 6699 16705 4590 350 9728 182 532 449 308 65 67 62
internal_value=-0.000174069 0.0077316 0.00484645 0.00325241 0.0059603 -0.00972942 -0.0104195 0.0225442 -0.013912 0.0345753 -0.00719324 -0.00573746 -0.0147122 -0.0116914 0.0403497 -0.00584171 0.0225442 0.0128078 0.0225442 0.0128078 0.00302934 0.00421439 9.98534e-05
internal_weight=7538.75 4125.61 3454.14 3216.66 2472.3 3413.15 3312.26 671.461 1588.92 133.232 1723.35 744.36 1547.7 396.403 97.2704 1326.95 237.482 100.884 538.229 67.3028 33.5811 23.597 9.98416
internal_count=86544 38759 34398 32464 24448 47785 46512 4361 23627 673 22885 8016 23054 5606 484 17279 1934 1273 3688 840 433 306 127
is_linear=0
shrinkage=0.02


Tree=24
num_leaves=20
num_cat=0
split_feature=0 1 12 7 1 1 19 12 3 27 14 12 12 0 0 1 0 1 3
split_gain=1400.23 441.384 298.603 148.738 124.112 65.8326 62.971 49.9714 35.0969 21.1719 20.1923 18.9664 12.6696 12.1918 9.73727 9.59217 6.99021 4.31037 0.0172291
threshold=18.221827507019047 0.98251724243164074 6.6955211162567148 1.0000000180025095e-35 0.3213286846876145 0.27737425267696386 1.0000000180025095e-35 7.0499846935272226 23.349999427795414 1.0000000180025095e-35 1.0000000180025095e-35 3.690216183662415 8.8806543350219744 19.273557662963871 28.827504158020023 0.56036624312400829 4.8171489238739023 0.27737425267696386 1.2500000000000002
decision_type=2 2 10 10 2 2 10 10 2 2 8 8 10 2 2 2 2 2 2
left_child=1 2 3 4 -1 8 10 9 12 -7 16 -12 14 -11 -2 -5 -3 -4 -8
right_child=5 6 17 15 -6 7 18 -9 -10 13 11 -13 -14 -15 -16 -17 -18 -19 -20
leaf_value=-0.0044932168492851894 -0.013313913221932254 0.039246589706501474 0.0025653227056891071 -0.0044932168492851894 0.0065474793737112826 -0.0044932168492851894 0.047381493439251382 0.015403980284864392 -0.0083563248361301651 -0.0044932168492851894 0.012940396334702333 0.020706581267809724 0.0025653227056891071 -0.0083563248361301651 -0.01682748744290128 -0.0014269836428927941 0.026424210337379656 0.020706581267809724 0.039246589706501474
leaf_weight=288.35455672442913 718.02268838509917 18.211599454283714 16.639992028474808 459.9149894118309 2407.3426710218191 78.316923104226589 22.379640087485313 35.346038065850735 44.735461130738258 255.11493445932865 248.69736525416374 409.14134418964386 16.440580599009991 1217.4293718263507 621.35633280873299 409.24725726246834 28.131883397698402 209.58555573970079 51.146941632032394
leaf_count=3639 10773 95 199 5071 24226 1055 104 427 626 2939 1751 2713 240 16954 9826 3972 174 1751 245
internal_value=3.03967e-05 0.00699127 0.00417297 0.00269773 0.00501708 -0.0106163 0.0207066 -0.00781749 -0.0137783 -0.00835632 0.0207066 0.0207066 -0.0147411 -0.00835632 -0.0149552 -0.00449322 0.0361523 0.0207066 0.0392466
internal_weight=7555.56 4568.79 3791.09 3564.86 2695.7 2986.76 777.709 1586.21 1400.56 1550.86 704.182 657.839 1355.82 1472.54 1339.38 869.162 46.3435 226.226 73.5266
internal_count=86780 43940 38858 36908 27865 42840 5082 21375 21465 20948 4733 4464 20839 19893 20599 9043 269 1950 349
is_linear=0
shrinkage=0.02


Tree=25
num_leaves=21
num_cat=0
split_feature=0 0 25 32 3 6 0 2 6 19 3 25 0 3 0 22 27 32 3 22
split_gain=1383.17 309.366 302.517 135.872 128.583 84.5715 72.664 56.2323 48.1678 48.0295 41.5805 25.6453 17.5953 14.9197 13.6245 6.07732 5.28592 5.14748 4.02114 2.20562
threshold=17.033202171325687 7.2618865966796884 1.0000000180025095e-35 1.0000000180025095e-35 12.84999990463257 1.0000000180025095e-35 11.397806167602541 27.050000190734867 1.0000000180025095e-35 1.0000000180025095e-35 3.9500000476837163 1.0000000180025095e-35 14.441087245941164 23.349999427795414 5.0995097160339364 0.10327362269163133 1.0000000180025095e-35 1.0000000180025095e-35 4.0499999523162851 0.15111033618450168
decision_type=2 2 2 2 2 2 2 2 2 10 2 2 2 2 2 10 2 2 2 10
left_child=1 5 3 4 -3 9 8 -2 -4 10 -1 14 -5 15 -7 16 -9 -13 -11 -17
right_child=7 2 6 12 -6 11 -8 13 -10 18 -12 17 -14 -15 -16 19 -18 -19 -20 -21
leaf_value=0.023438124964297331 -0.009613051939351731 0.011614795595217 0.005084262736592654 -0.00076678824419109531 -0.009613051939351731 0.029136433073763103 -0.009613051939351731 -0.011916553911675854 -0.0058953884032782611 0.041625430414680295 0.011614795595217 0.0092920655969822071 -0.009613051939351731 -0.009613051939351731 0.011940239340452305 -0.009613051939351731 -0.018194725749502382 0.0029753750978189402 0.025430243805117089 -0.019375900688164544
leaf_weight=416.5022134706378 2741.8263954818249 1980.2373445704579 306.67904809117317 211.54811335355043 109.29020702838898 30.661139637231827 305.0187246799469 69.992096446454525 331.59538844972849 52.870482265949249 105.03475448489189 86.546149201691151 86.491761758923531 10.269752629101275 50.450300171971321 33.945941347628832 447.08194687962532 129.32840020954609 14.022458128631113 9.3037793226540071
leaf_count=2543 37685 18516 3326 2008 1397 161 3711 1069 3825 241 799 736 952 150 323 544 7264 1095 90 147
internal_value=5.69935e-05 0.00765452 0.00485838 0.00864591 0.0104473 0.018156 -0.00472724 -0.00961305 -0.000620169 0.0226587 0.0205369 0.0116148 -0.00397591 -0.015899 0.0187163 -0.0167567 -0.0173695 0.00553896 0.0386551 -0.00961305
internal_weight=7528.7 4216.28 3330.86 2387.57 2089.53 885.416 943.293 3312.42 638.274 588.43 521.537 296.986 298.04 570.594 81.1114 560.324 517.074 215.875 66.8929 43.2497
internal_count=86582 39723 33735 22873 19913 5988 10862 46859 7151 3673 3342 2315 2960 9174 484 9024 8333 1831 331 691
is_linear=0
shrinkage=0.02


Tree=26
num_leaves=20
num_cat=0
split_feature=0 0 32 48 0 2 11 11 32 2 3 27 0 6 3 3 0 33 27
split_gain=1288.56 335.635 309.245 197.705 192.373 48.8112 38.4643 49.066 30.0652 32.9943 25.8227 23.6844 19.5179 18.8987 11.8967 4.2551 3.94421 2.89816 0.307768
threshold=18.221827507019047 5.8774940967559823 1.0000000180025095e-35 1.0000000180025095e-35 9.487096309661867 26.849999427795414 7.071230649948121 13.260435104370119 1.0000000180025095e-35 2.5499999523162846 1.9499999880790713 1.0000000180025095e-35 20.616255760192875 1.0000000180025095e-35 19.349999427795414 4.4500000476837167 35.155725479125984 1.0000000180025095e-35 1.0000000180025095e-35
decision_type=2 2 2 2 2 2 8 8 2 2 2 2 2 2 2 2 2 2 2
left_child=1 8 3 4 -3 7 13 -2 9 15 -11 -9 -13 -4 16 -1 17 -7 -18
right_child=5 2 6 -5 -6 14 -8 11 -10 10 -12 12 -14 -15 -16 -17 18 -19 -20
leaf_value=0.043506806621417184 0.0029632759134452596 0.01492137267962531 0.012340993630309868 0.022065911530575341 0.0033774891062953723 -0.016825730127519353 -0.0077938225606030732 -0.0077938225606030732 0.016272851720788427 0.032112229114487384 0.022065911530575341 -0.0077938225606030732 -0.011912428874440257 0.0029632759134452596 -0.011912428874440257 0.025068083067320075 -0.016825730127519353 -0.01279932099481252 -0.021149491437806263
leaf_weight=44.736016675829887 49.69252173602581 766.31719446182251 85.060195878148079 132.18359649181366 2337.1143678724766 349.03010231629014 740.26638374477625 151.34578122198582 211.96100514382124 107.18848489224911 109.34421461075544 601.48374982178211 1544.0127189531922 76.405725710093975 28.297126341611147 11.308903336524962 10.741296730935572 114.75392540544271 97.170022118836641
leaf_count=217 604 6315 752 1104 24243 5711 8057 2107 1295 597 631 7659 22918 795 435 86 167 1823 1623
internal_value=-0.00025492 0.00633375 0.00448642 0.00737258 0.00623186 -0.0105885 -0.00586649 -0.00927913 0.0220659 0.0264947 0.0227551 -0.00975139 -0.0107169 0.00296328 -0.0156852 0.0402909 -0.0167595 -0.0158592 -0.0204481
internal_weight=7568.41 4621.89 4137.35 3235.62 3103.43 2946.53 901.732 2346.53 484.539 272.578 216.533 2296.84 2145.5 161.466 599.992 56.0449 571.695 463.784 107.911
internal_count=87139 44092 41266 31662 30558 43047 9604 33288 2826 1531 1228 32684 30577 1547 9759 303 9324 7534 1790
is_linear=0
shrinkage=0.02


Tree=27
num_leaves=24
num_cat=0
split_feature=1 14 1 32 25 1 6 10 40 3 25 14 15 15 0 21 13 3 32 1 28 15 3
split_gain=1281.44 373.332 265.173 238.502 144.365 98.239 90.7325 54.9169 42.9499 38.5352 24.0315 19.9642 16.6866 14.8902 14.2732 13.7774 12.1244 11.5291 13.4005 7.58041 7.51257 5.11228 2.58442
threshold=0.37962783873081213 1.0000000180025095e-35 0.91811931133270275 1.0000000180025095e-35 1.0000000180025095e-35 0.27737425267696386 1.0000000180025095e-35 2.5000000000000004 1.0000000180025095e-35 23.349999427795414 1.0000000180025095e-35 1.0000000180025095e-35 1.5000000000000002 4.5000000000000009 23.744578361511234 20.316153526306156 2.0394698381423955 4.2500000000000009 1.0000000180025095e-35 1.3973459601402285 1.0000000180025095e-35 1.5000000000000002 20.849999427795414
decision_type=2 8 2 2 2 2 2 10 2 2 2 8 10 10 2 8 10 2 2 2 2 10 2
left_child=5 8 3 4 -3 9 7 -4 12 14 -8 -7 16 21 22 -5 -2 -13 -19 -14 -16 -10 -1
right_child=1 2 6 15 -6 11 10 -9 13 -11 -12 17 19 -15 20 -17 -18 18 -20 -21 -22 -23 -24
leaf_value=-0.011057169251329376 0.023918316572378306 0.0086106451273475024 0.023918316572378306 0.0037861536129020117 -0.0033809808649531898 0.020611563657317294 0.016798393258288562 0.0086787613522890314 0.062590182195491395 -0.0072993701292740996 0.0037861536129020117 -0.011057169251329376 0.023918316572378306 0.023918316572378306 -0.015964745507914969 -0.0072993701292740996 0.058404376200768236 -0.0038730499518462914 -0.0072993701292740996 0.03917540332896588 -0.011057169251329376 0.045071554323541124 -0.0072993701292740996
leaf_weight=463.83552676439285 9.1472857072949427 2017.7601165473461 444.71086032688618 28.380363434553146 500.71280660480261 13.528763107955454 74.47655189037323 122.03470496833324 20.714688129723072 45.07326403260231 232.83963003754616 349.18050993978977 44.518865182995796 10.493879213929175 920.491933722049 628.32614541053772 10.054024159908293 1248.7023665346205 146.79070389270782 17.779972404241562 124.37573901563883 48.239173345267773 4.4741068854928008
leaf_count=6577 65 18893 2732 288 5672 154 441 796 140 645 2009 5110 316 68 14949 6997 68 16507 1973 82 1882 307 67
internal_value=-1.594e-05 0.0073076 0.00611504 0.00342729 0.00622612 -0.00931247 0.0158637 0.0206579 0.0370879 -0.0131181 0.00861065 -0.00729937 0.0263251 0.0476642 -0.0140136 -0.00729937 0.0434729 -0.00729937 -0.00729937 0.0239183 -0.0153268 0.0511539 -0.0110572
internal_weight=7526.64 4210.19 4049.24 3175.18 2518.47 3316.45 874.062 566.746 160.948 1558.25 307.316 1758.2 81.5001 79.4477 1513.18 656.707 19.2013 1744.67 1395.49 62.2988 1044.87 68.9539 468.31
internal_count=86738 38874 37828 31850 24565 47864 5978 3528 1046 24120 2450 23744 531 515 23475 7285 133 23590 18480 398 16831 447 6644
is_linear=0
shrinkage=0.02


Tree=28
num_leaves=23
num_cat=0
split_feature=1 1 25 12 1 1 25 7 1 3 18 40 7 2 1 1 3 12 25 27 12 12
split_gain=1139.31 298.148 252.379 144.442 105.248 97.9202 67.4374 50.0108 37.4512 35.8987 32.4024 27.3354 27.2979 25.8432 22.032 20.4548 10.9161 4.9347 4.4579 3.71084 1.51546 1.04544
threshold=0.37962783873081213 0.91811931133270275 1.0000000180025095e-35 4.4654631614685067 0.29377762973308569 0.55027195811271679 1.0000000180025095e-35 1.0000000180025095e-35 0.65390685200691234 23.349999427795414 1.0000000180025095e-35 1.0000000180025095e-35 1.0000000180025095e-35 26.94999980926514 0.25782336294651037 1.3973459601402285 9.1500000953674334 3.7363756895065312 1.0000000180025095e-35 1.0000000180025095e-35 1.0000000180025095e-35 4.6097517013549814
decision_type=2 2 2 10 2 2 2 10 2 2 10 2 10 2 2 2 2 10 2 2 8 10
left_child=4 2 3 5 9 -2 11 -5 -4 13 -10 12 -3 14 -1 -13 -6 20 -18 -15 -8 -19
right_child=1 6 8 7 16 -7 17 -9 10 -11 -12 15 -14 19 -16 -17 18 21 -20 -21 -22 -23
leaf_value=-0.013347802826674349 0.0014011550626412878 0.021773804784066916 -0.0053465343749311469 0.021773804784066916 -0.0079936225998936787 0.01036737337974562 0.017156715991237602 0.0083775798899388583 -0.0011417896116333954 -0.0053465343749311469 0.011140133480682147 0.025968823744374082 0.01036737337974562 -0.013347802826674349 -0.0079936225998936787 0.046115683427560707 -0.0015314894906252781 0.023462648775169674 -0.0053465343749311469 -0.01699283298121575 0.011140133480682147 0.014063749497913005
leaf_weight=740.67474219948053 1195.5276946499944 299.15064179897308 413.74193934351206 241.06270557641983 655.03584369271994 821.75691837072372 23.970985487103462 130.93383927643299 440.75818040966988 43.670373134315014 19.089080020785332 79.764342665672302 75.293749734759331 72.039855394512415 536.70908199995756 30.463495641946793 725.99739727377892 15.339654237031935 23.542748115956783 490.56200789287686 420.32333038747311 17.622537799179554
leaf_count=11203 12580 1678 5030 1920 9438 6688 188 1155 4922 630 197 464 441 1134 7849 141 8994 112 307 8294 3251 121
internal_value=-0.000134975 0.0067354 0.00384809 0.00721074 -0.00896156 0.00505694 0.016515 0.016515 -0.00534653 -0.0120667 0.000360343 0.0217738 0.0217738 -0.0126982 -0.0111062 0.0319013 -0.00534653 0.0111401 -0.00534653 -0.0162869 0.0111401 0.0189998
internal_weight=7513.03 4224.8 3262.87 2389.28 3288.23 2017.28 961.929 371.997 873.589 1883.66 459.847 484.672 374.444 1839.99 1277.38 110.228 1404.58 477.257 749.54 562.602 444.294 32.9622
internal_count=86737 38888 32492 22343 47849 19268 6396 3075 10149 29110 5119 2724 2119 28480 19052 605 18739 3672 9301 9428 3439 233
is_linear=0
shrinkage=0.02


Tree=29
num_leaves=21
num_cat=0
split_feature=1 1 25 32 2 1 32 2 3 3 25 1 1 2 6 1 21 3 33 3
split_gain=1189.85 297.236 273.866 137.251 141.77 107.761 82.5283 58.1775 46.3127 43.0326 34.504 37.5901 31.7051 25.0457 24.5858 19.1221 14.355 8.44407 3.84513 1.77127
threshold=0.37962783873081213 0.91811931133270275 1.0000000180025095e-35 1.0000000180025095e-35 14.250000000000002 0.29377762973308569 1.0000000180025095e-35 2.5499999523162846 1.7500000000000002 23.349999427795414 1.0000000180025095e-35 1.4878956675529482 0.65390685200691234 26.94999980926514 1.0000000180025095e-35 0.25782336294651037 16.042287826538089 9.1500000953674334 1.0000000180025095e-35 2.6499999761581425
decision_type=2 2 2 2 2 2 2 2 2 2 2 2 2 2 2 2 8 2 2 2
left_child=5 2 3 4 -2 9 7 19 -9 13 11 -8 -4 15 -14 -1 -5 -7 -15 -3
right_child=1 6 12 16 -6 17 10 8 -10 -11 -12 -13 14 18 -16 -17 -18 -19 -20 -21
leaf_value=-0.013487135107785403 0.01291818838262049 0.033616233370815145 -0.0054927873612946078 0.011975967478655905 0.0017764060779809981 -0.0079733965662363744 0.01291818838262049 0.025634256235404055 0.013849769137207368 -0.0054927873612946078 0.0046920571570096574 0.031161930664461761 0.0045972459900597146 -0.017547230835636394 -0.0046901533381358161 -0.0084783098487105722 -0.0054927873612946078 -0.0054927873612946078 -0.013487135107785403 0.047587156383264023
leaf_weight=733.06277414783835 1441.2438096404076 21.658356472849846 415.02875511348248 18.054656088352203 669.0913540199399 658.79797634482384 92.403547331690788 255.57234343141317 288.87782154232264 41.58481003344059 237.71841561049223 52.268997684121132 219.26045297086239 412.2051849141717 235.36373529583216 535.71970028057694 279.11220344156027 742.26791927218437 142.32109628617764 27.250037893652916
leaf_count=11217 12304 98 5066 172 7099 9555 560 1636 1854 602 1874 248 2345 7076 2723 7884 2783 9229 2354 133
internal_value=3.87431e-05 0.00701013 0.00412245 0.00759656 0.00938815 -0.00903871 0.0166946 0.0213639 0.0194184 -0.0122108 0.00941235 0.017083 -0.00549279 -0.0129502 -0.00021068 -0.0113806 -0.00511528 -0.00549279 -0.0165145 0.0421979
internal_weight=7518.86 4252.9 3277.15 2407.5 2110.34 3265.96 975.75 593.359 544.45 1864.89 382.391 144.673 869.653 1823.31 454.624 1268.78 297.167 1401.07 554.526 48.9084
internal_count=86812 38895 32492 22358 19403 47917 6403 3721 3490 29133 2682 808 10134 28531 5068 19101 2955 18784 9430 231
is_linear=0
shrinkage=0.02


Tree=30
num_leaves=20
num_cat=0
split_feature=0 1 48 11 15 1 24 3 13 11 14 42 1 27 3 11 0 0 2
split_gain=1137.6 305.176 220.697 115.624 138.259 68.2521 59.7567 44.4712 43.6511 33.197 23.4347 21.2656 16.2072 14.2361 10.3139 9.72548 8.37686 5.23749 0.503902
threshold=17.815863609313968 0.91811931133270275 1.0000000180025095e-35 8.608427047729494 2.5000000000000004 0.27737425267696386 1.0000000180025095e-35 23.349999427795414 4.8625376224517831 13.154595851898195 1.0000000180025095e-35 1.0000000180025095e-35 1.2566752433776858 1.0000000180025095e-35 0.35000000894069677 11.541632652282717 28.827504158020023 19.273557662963871 4.0499999523162851
decision_type=2 2 2 10 8 2 2 2 10 8 8 2 2 2 2 8 2 2 2
left_child=1 2 3 4 -1 7 10 15 -5 -7 12 14 -3 -11 -8 -2 -17 -15 -13
right_child=5 6 -4 8 -6 9 11 -9 -10 13 -12 18 -14 17 -16 16 -18 -19 -20
leaf_value=0.016008016714138106 0.0026389271495852874 0.019508291358431119 0.016008016714138106 -0.0041856896116999878 0.0026389271495852874 0.0026389271495852874 0.016008016714138106 -0.007072972912256289 0.016008016714138106 -0.0041856896116999878 0.016008016714138106 0.027638587657709653 0.040829064143056676 -0.0041856896116999878 0.032249312029663829 -0.012894830708413478 -0.016235696284441041 -0.007072972912256289 0.016008016714138106
leaf_weight=327.12750006467104 5.4130673855543128 29.895533725619316 135.90555798262358 976.38911659270525 2112.1490383967757 50.696206882596016 11.859260112047194 43.135804146528244 15.510629780590532 78.190850339829922 734.46568536013365 11.611670181155207 33.874679088592529 327.00185567885637 140.41810628771782 693.67061194032431 588.45011163130403 1176.2864880897105 14.132738858461378
leaf_count=2869 77 169 1107 10429 21604 574 64 627 139 1091 5070 58 158 3797 756 11042 10101 17061 84
internal_value=-0.000181531 0.00610558 0.0033917 0.00217799 0.00451868 -0.00982124 0.016008 -0.0131844 -0.00357698 -0.00707297 0.016008 0.0276248 0.0312894 -0.00707297 0.0306635 -0.0143148 -0.0144396 -0.00707297 0.016008
internal_weight=7506.18 4543.34 3567.08 3431.18 2439.28 2962.84 976.258 1330.67 991.9 1632.18 798.236 178.022 63.7702 1581.48 152.277 1287.53 1282.12 1503.29 25.7444
internal_count=86877 42507 36148 35041 24473 44370 6359 21847 10568 22523 5397 962 327 21949 820 21220 21143 20858 142
is_linear=0
shrinkage=0.02


Tree=31
num_leaves=20
num_cat=0
split_feature=1 1 25 1 12 1 25 15 3 0 3 0 3 3 0 12 12 25 27
split_gain=1078.59 273.628 243.34 122.782 114.61 98.8709 89.9449 57.734 47.0894 43.6889 26.6313 20.35 21.1301 17.891 17.538 16.9293 6.30393 5.52702 4.48529
threshold=0.39648739993572241 0.92739912867546093 1.0000000180025095e-35 0.27737425267696386 4.7435042858123788 0.56469392776489269 1.0000000180025095e-35 2.5000000000000004 23.349999427795414 8.6792855262756365 5.8500001430511483 4.4073791503906259 0.75000000000000011 3.7500000000000004 28.827504158020023 3.690216183662415 4.8135857582092294 1.0000000180025095e-35 1.0000000180025095e-35
decision_type=2 2 2 2 10 2 2 10 2 2 2 2 2 2 2 8 10 2 2
left_child=3 2 4 8 5 -2 11 -6 14 13 -5 12 -3 -4 16 -13 -1 -12 -16
right_child=1 6 9 10 7 -7 -8 -9 -10 -11 17 15 -14 -15 18 -17 -18 -19 -20
leaf_value=-0.012527171417226327 0.001670348846493675 0.022271597341460364 -0.0031921171541552163 -0.0095096571875117712 0.022271597341460364 0.01084687931711918 0.0099166663586901758 0.0035167236266687063 -0.0050502119114143916 -0.0050502119114143916 -0.0028766751503412793 0.012856086742495783 0.035734825781715794 0.0079513365268930221 -0.012527171417226327 0.022271597341460364 -0.0095096571875117712 -0.0050502119114143916 -0.017053383611056103
leaf_weight=788.75326504930854 1110.4251430556178 33.884292080998421 95.279028132557869 535.94530331715941 248.8778970465064 813.4284161478281 465.69475365430117 78.658659189939499 42.558998480439186 650.57539595663548 1349.4578079618514 118.59195660054684 96.010920181870461 143.18040895462036 76.971237871795893 233.78519973158836 96.688556969165802 39.090686865150928 499.78420078754425
leaf_count=12301 11257 165 967 7930 1877 6444 3442 655 622 7883 17658 685 436 1434 1247 1306 1415 511 8793
internal_value=-0.000130317 0.00680704 0.00396168 -0.00840068 0.00745924 0.00555392 0.016219 0.016219 -0.0126795 -0.00489394 -0.00505021 0.0222716 0.0303942 0.00350411 -0.0135819 0.0222716 -0.0117825 -0.00505021 -0.0163193
internal_weight=7517.64 4088.39 3140.42 3429.25 2251.39 1923.85 947.967 327.537 1504.76 889.035 1924.49 482.272 129.895 238.459 1462.2 352.377 885.442 1388.55 576.755
internal_count=87028 36551 30517 50477 20233 17701 6034 2532 24378 10284 26099 2592 601 2401 23756 1991 13716 18169 10040
is_linear=0
shrinkage=0.02


Tree=32
num_leaves=24
num_cat=0
split_feature=1 14 1 25 2 11 6 7 27 40 2 11 25 14 1 8 7 5 1 7 24 14 25
split_gain=1044.65 287.787 191.483 198.275 95.9865 95.9054 70.1185 51.0523 44.0512 34.7346 30.308 29.0477 21.1517 19.8693 19.3333 16.3773 16.0565 10.9028 7.17533 7.03225 6.3445 4.60798 3.24911
threshold=0.37962783873081213 1.0000000180025095e-35 0.91811931133270275 1.0000000180025095e-35 15.750000000000002 8.6977915763854998 1.0000000180025095e-35 1.0000000180025095e-35 1.0000000180025095e-35 1.0000000180025095e-35 6.8500001430511483 18.976422309875492 1.0000000180025095e-35 1.0000000180025095e-35 0.27737425267696386 1.5524403452873232 1.0000000180025095e-35 1.0000000180025095e-35 1.3239500522613528 1.5000000000000002 1.0000000180025095e-35 1.0000000180025095e-35 1.0000000180025095e-35
decision_type=2 8 2 2 2 10 2 10 2 2 2 8 2 8 2 10 10 2 2 8 2 10 2
left_child=4 9 3 5 13 -3 7 -4 -6 16 -5 19 -8 -1 -13 18 17 -2 -11 -10 -17 22 -15
right_child=1 2 6 10 8 -7 12 -9 11 15 -12 14 -14 21 -16 20 -18 -19 -20 -21 -22 -23 -24
leaf_value=0.011037497207522664 0.041185607103402626 0.0086388854938275906 0.02055331211470349 0.0031112942223982562 -0.0052891190027338211 -7.936926680639007e-05 0.014279719486188074 0.0086388854938275906 -0.0052891190027338211 0.02055331211470349 -0.0052891190027338211 -0.015138664301474319 0.0031112942223982562 -0.0023527485867267982 -0.010926005055228328 0.040940276177651176 0.014279719486188074 0.02055331211470349 0.040940276177651176 -0.013938117618457266 0.060008352508508174 -0.0052891190027338211 -0.0052891190027338211
leaf_weight=39.652902167290449 19.452471159398556 1624.8633843958378 482.58237405121326 171.19334924221039 190.78213777020574 731.89378975331783 79.991068050265312 103.71715487539768 145.45053482428193 22.379356861114502 687.31000891327858 892.55508320778608 241.93339293450117 502.15697855502367 886.86938796564937 40.779647700488567 36.306897975504398 27.985192142426968 10.815194398164747 38.057488925755024 16.231041215360165 480.75497026368976 20.746761035174131
leaf_count=496 137 14536 2825 1867 2922 7272 450 646 2080 152 8187 15429 2014 6666 13250 256 232 152 49 541 97 6328 281
internal_value=-0.000144312 0.00629551 0.00522817 0.00293554 -0.00879997 0.00593254 0.0133323 0.0176935 -0.0112996 0.0314223 -0.00528912 -0.0122621 0.00863889 -0.00528912 -0.0130464 0.0401069 0.0217049 0.0295527 0.0274324 -0.00528912 0.0468866 -0.00528912 -0.00289188
internal_weight=7494.46 4297.43 4123.48 3215.26 3197.03 2356.76 908.224 586.3 2153.71 173.95 858.503 1962.93 321.924 1043.31 1779.42 90.2052 83.7446 47.4377 33.1946 183.508 57.0107 1003.66 522.904
internal_count=86865 38872 37797 31862 47993 21808 5935 3471 34222 1075 10054 31300 2464 13771 28679 554 521 289 201 2621 353 13275 6947
is_linear=0
shrinkage=0.02


Tree=33
num_leaves=20
num_cat=0
split_feature=1 1 25 32 2 1 6 3 35 1 25 0 2 1 21 3 3 33 32
split_gain=1018.77 252.618 220.957 115.578 112.063 105.041 66.1365 46.4245 36.2868 35.1816 33.1742 30.4902 25.4501 15.2729 15.1256 13.2974 7.98497 3.01377 1.21137
threshold=0.37962783873081213 0.91811931133270275 1.0000000180025095e-35 1.0000000180025095e-35 14.34999990463257 0.29377762973308569 1.0000000180025095e-35 23.349999427795414 1.0000000180025095e-35 1.4878956675529482 1.0000000180025095e-35 8.6792855262756365 26.94999980926514 0.25782336294651037 16.042287826538089 2.6499999761581425 4.2500000000000009 1.0000000180025095e-35 1.0000000180025095e-35
decision_type=2 2 2 2 2 2 2 2 2 2 2 2 2 2 8 2 2 2 2
left_child=5 2 3 4 -2 7 8 12 9 -3 18 15 13 -1 -5 -4 -7 -14 -8
right_child=1 6 11 14 -6 16 10 -9 -10 -11 -12 -13 17 -15 -16 -17 -18 -19 -20
leaf_value=-0.012999052882690027 0.011349633334416465 0.015666406922441298 -0.0050890151461590108 0.012699963596608634 0.0014287689252827542 -0.008447702959312459 0.018723818877132807 -0.0050890151461590108 0.043978934050009189 0.027068930499639023 0.0030404571513811961 -0.0050890151461590108 -0.017298432220591888 -0.008447702959312459 -0.0050890151461590108 0.0030404571513811961 -0.0050890151461590108 -0.013477680494112711 0.012699963596608634
leaf_weight=705.70296176895499 1479.2857728227973 511.31632318347692 51.929302245378494 18.203678846359253 658.27963055670261 286.19461948424578 68.053096026182175 42.11586306989193 22.107892289757729 140.32530857622623 245.95396389812231 654.95860727131367 394.53097197785974 522.80364897102118 277.20449401438236 157.84972488135099 1092.4138166755438 134.39675762876868 21.045275881886482
leaf_count=11229 12365 3093 542 171 6963 4335 374 623 117 661 2021 8003 7157 7923 2752 1587 14510 2327 115
internal_value=-6.62685e-05 0.00627196 0.00359054 0.00667628 0.00829652 -0.00865405 0.0150251 -0.0118559 0.0190707 0.0181596 0.0113496 -0.00508902 -0.0126694 -0.0110706 -0.00503618 0.00252576 -0.00508902 -0.0163549 0.0172434
internal_weight=7484.67 4306.51 3297.71 2432.97 2137.57 3178.16 1008.8 1799.55 673.75 651.642 335.052 864.738 1757.43 1228.51 295.408 209.779 1378.61 528.928 89.0984
internal_count=86868 38764 32383 22251 19328 48104 6381 29259 3871 3754 2510 10132 28636 19152 2923 2129 18845 9484 489
is_linear=0
shrinkage=0.02


Tree=34
num_leaves=20
num_cat=0
split_feature=0 48 1 6 25 1 7 25 48 1 3 18 0 2 3 11 11 27 11
split_gain=985.436 286.639 278.162 148.926 144.194 107.574 62.1834 58.9009 44.3743 40.505 29.8936 31.5434 27.6762 20.9894 13.5241 12.2702 6.01656 3.98057 0.47439
threshold=18.221827507019047 1.0000000180025095e-35 0.72127985954284679 1.0000000180025095e-35 1.0000000180025095e-35 0.29377762973308569 1.0000000180025095e-35 1.0000000180025095e-35 1.0000000180025095e-35 0.29377762973308569 2.4500000476837163 1.0000000180025095e-35 9.2603988647460955 26.94999980926514 19.349999427795414 9.84637498855591 6.7087194919586191 1.0000000180025095e-35 8.5440454483032244
decision_type=2 2 2 2 2 2 10 2 2 2 2 8 2 2 2 10 8 2 10
left_child=1 2 4 6 5 -1 -4 -5 9 13 16 18 -6 17 -15 -13 -3 -2 -12
right_child=8 10 3 7 12 -7 -8 -9 -10 -11 11 15 -14 14 -16 -17 -18 -19 -20
leaf_value=-0.0096932838099680549 -0.0096932838099680549 0.038314876452575031 0.017910947539172394 0.012968177420973923 -0.0010419186426115043 0.0029127368649583883 0.006197006660589051 -0.0010419186426115043 0.017519320079046937 -0.0082228664865356179 0.020912510447461643 0.041668962753401866 -0.0082228664865356179 -0.016571698204417184 -0.010480849254538953 0.017854283467057565 0.070084299888690194 -0.010480849254538953 0.017519320079046937
leaf_weight=222.84932031482458 88.141708329319954 10.109693981707098 848.58547066152096 166.2183780297637 75.238017812371254 2115.6993270143867 232.236935287714 424.92008173465729 22.892844546586275 1210.7331962585449 42.710839480161667 58.674365162849426 498.11272148787975 500.36142410337925 24.758954554796219 6.514439456164836 9.4350273981690389 902.12504937127233 15.047589533030985
leaf_count=3034 1331 64 5656 1060 832 20306 1630 4056 301 16963 325 473 6216 9113 415 64 69 14757 142
internal_value=-0.000173865 0.00536384 0.00449145 0.0109907 0.00075721 0.00291274 0.015402 0.00291274 -0.00969328 -0.00992814 0.0332012 0.029102 -0.00822287 -0.0122177 -0.015467 0.0386473 0.0563161 -0.0104808 0.0178543
internal_weight=7475.37 4726.35 4583.86 1671.96 2911.9 2338.55 1080.82 591.138 2749.01 2726.12 142.492 122.947 573.351 1515.39 525.12 65.1888 19.5447 990.267 57.7584
internal_count=86807 43927 42790 12402 30388 23340 7286 5116 42880 42579 1137 1004 7048 25616 9528 537 133 16088 467
is_linear=0
shrinkage=0.02


Tree=35
num_leaves=21
num_cat=0
split_feature=0 1 32 25 1 25 0 24 35 32 1 31 27 3 2 2 1 3 3 3
split_gain=988.996 270.94 189.575 152.865 126.832 131.176 72.1188 49.9513 55.4355 46.4462 32.6048 31.3943 18.75 17.1599 15.681 15.6132 15.1034 8.15833 8.00222 2.00554
threshold=18.221827507019047 0.7272799313068391 1.0000000180025095e-35 1.0000000180025095e-35 0.29377762973308569 1.0000000180025095e-35 5.658621311187745 1.0000000180025095e-35 1.0000000180025095e-35 1.0000000180025095e-35 0.29377762973308569 1.0000000180025095e-35 1.0000000180025095e-35 0.84999999403953563 6.1499998569488534 32.850000381469734 0.3244475275278092 1.9499999880790713 12.750000000000002 19.849999427795414
decision_type=2 2 2 2 2 2 2 2 2 2 2 2 2 2 2 2 2 2 2 2
left_child=1 2 4 7 18 -6 13 9 -9 -3 12 -8 -2 -5 16 17 -4 -14 -1 -17
right_child=10 3 14 6 5 -7 11 8 -10 -11 -12 -13 15 -15 -16 19 -18 -19 -20 -21
leaf_value=-0.0058971228905351147 -0.0096330359183571246 0.017607687193077308 -0.0088842728995791893 0.011738394825272919 0.0075489669748583623 -0.0058971228905351147 0.00028299744580514351 0.022669990678408296 0.066628265356904096 0.003805119915519298 -0.0088842728995791893 0.011738394825272919 -0.019849173760199568 0.020676647414996627 -0.0088842728995791893 -0.020978246802817745 0.00028299744580514351 -0.012016559107895564 -0.0096330359183571246 -0.012016559107895564
leaf_weight=72.782960452139378 152.84943218901753 406.46102172136307 26.762197852134705 47.189313545823097 2006.1558780223131 338.51040050387383 498.36489301174879 292.54794146120548 11.278319120407103 129.05924515426159 1211.4849313721061 117.45311763882637 57.440667986869812 142.3034255579114 421.07391454279423 106.89716888591647 81.330998674035072 1184.1081410385668 142.0667158216238 8.7159226685762388
leaf_count=929 2446 2466 359 285 18740 4060 4815 1761 65 772 17042 1042 1048 842 4827 2041 907 20115 1996 143
internal_value=-2.80679e-05 0.0054953 0.00200222 0.0120501 0.00425554 0.00560601 0.00581445 0.0180189 0.024515 0.0142946 -0.00963304 0.00248334 -0.0119977 0.0165701 -0.00888427 -0.0130698 -0.0012541 -0.0123946 -0.00963304 -0.0201524
internal_weight=7454.84 4733.34 3088.68 1644.66 2559.52 2344.67 805.311 839.347 303.826 535.52 2721.5 615.818 1510.01 189.493 529.167 1357.16 108.093 1241.55 214.85 115.613
internal_count=86701 43866 31818 12048 25725 22800 6984 5064 1826 3238 42835 5857 25793 1127 6093 23347 1266 21163 2925 2184
is_linear=0
shrinkage=0.02


Tree=36
num_leaves=26
num_cat=0
split_feature=1 14 7 1 25 1 2 6 40 2 27 27 3 2 7 8 12 1 1 3 25 27 25 10 25
split_gain=935.148 254.679 181.779 145.801 160.723 92.4692 55.8312 45.2973 34.8235 29.268 19.6155 26.4681 21.3167 16.4143 15.9302 15.6106 13.5421 11.5704 14.7547 9.6739 6.29756 4.79329 3.67587 3.27646 2.61725
threshold=0.37962783873081213 1.0000000180025095e-35 1.0000000180025095e-35 1.0145362019538882 1.0000000180025095e-35 0.29014104604721075 16.750000000000004 1.0000000180025095e-35 1.0000000180025095e-35 26.94999980926514 1.0000000180025095e-35 1.0000000180025095e-35 0.75000000000000011 7.0499999523162851 1.0000000180025095e-35 1.6321719884872439 6.9294900894165048 1.2056658864021303 1.3973459601402285 23.349999427795414 1.0000000180025095e-35 1.0000000180025095e-35 1.0000000180025095e-35 2.5000000000000004 1.0000000180025095e-35
decision_type=2 8 10 2 2 2 2 2 2 2 2 2 2 2 10 10 10 2 2 2 2 2 2 10 2
left_child=5 8 3 4 -3 9 -7 -5 14 11 -8 -1 -12 -13 16 23 -2 24 -16 21 -17 -11 -19 -10 -4
right_child=1 2 17 7 -6 6 10 -9 15 19 12 13 -14 -15 18 20 -18 22 -20 -21 -22 -23 -24 -25 -26
leaf_value=-0.0024394788539952657 0.020654522452550072 0.0083921293374775528 -0.00099614523747621419 0.020654522452550072 -0.0024394788539952657 -0.0024394788539952657 -0.0024394788539952657 0.0083921293374775528 0.027740223885905399 -0.011256424911082195 -0.0024394788539952657 -0.0048507209265734588 -0.010337710711231659 -0.011856007234109719 0.0055913395691849534 0.04844004408608249 0.042677488636189642 0.0055913395691849534 0.020654522452550072 -0.011856007234109719 0.027740223885905399 -0.017458240629211794 -0.00072047016455835378 0.020654522452550072 -0.0024394788539952657
leaf_weight=82.932795226573944 34.406814150512218 1874.3686380535364 669.56442831456661 367.75381951034069 738.67742151021957 577.07069464027882 53.180283527821302 172.05055775493383 21.745625026524067 64.6834721788764 49.620599411427975 158.88043489679694 743.14923995360732 917.61075966060162 28.73135719448328 44.701132990419865 15.476667813956736 34.161481589078903 9.7080682367086393 10.489171527326105 12.492304787039755 433.98303439095616 36.692090108990669 12.480942301452158 289.01884520798922
leaf_count=1275 194 16485 6240 1957 8336 6954 770 1172 130 1111 758 2167 11344 15163 197 258 98 174 42 166 84 8226 228 72 3217
internal_value=-0.000101881 0.00586156 0.00485577 0.00723776 0.00527896 -0.00851505 -0.00476458 0.0166924 0.0291081 -0.0117088 -0.0083947 -0.00993632 -0.00934838 -0.0108276 0.0206545 0.0378328 0.0271517 -0.00243948 0.00971133 -0.0157176 0.0444731 -0.0166779 0.00559134 0.0257892 -0.00243948
internal_weight=7453.63 4362.03 4182.29 3152.85 2613.05 3091.6 1423.02 539.804 179.743 1668.58 845.95 1159.42 792.77 1076.49 88.3229 91.42 49.8835 1029.44 38.4394 509.156 57.1934 498.667 70.8536 34.2266 958.583
internal_count=86818 38884 37809 27950 24821 47934 19826 3129 1075 28108 12872 18605 12102 17330 531 544 292 9859 239 9503 342 9337 402 202 9457
is_linear=0
shrinkage=0.02


Tree=37
num_leaves=20
num_cat=0
split_feature=1 14 7 1 6 25 1 2 27 14 2 3 15 1 3 1 27 1 25
split_gain=879.86 226.874 169.807 147.918 131.454 94.4648 92.7845 57.6334 33.5203 31.8408 29.7243 17.3961 16.3056 14.301 14.2425 10.9864 9.29974 5.17247 1.95797
threshold=0.37962783873081213 1.0000000180025095e-35 1.0000000180025095e-35 0.7272799313068391 1.0000000180025095e-35 1.0000000180025095e-35 0.27737425267696386 16.750000000000004 1.0000000180025095e-35 1.0000000180025095e-35 5.4500000476837167 18.650000572204593 1.0000000180025095e-35 1.2056658864021303 0.84999999403953563 0.22077211737632754 1.0000000180025095e-35 1.3973459601402285 1.0000000180025095e-35
decision_type=2 8 10 2 2 2 2 2 2 8 2 2 10 2 2 2 2 2 2
left_child=6 12 3 5 -5 -3 10 9 -9 -8 -1 15 -2 18 -10 -12 -13 -14 -4
right_child=1 2 13 4 -6 -7 7 8 14 -11 11 16 17 -15 -16 -17 -18 -19 -20
leaf_value=-0.0022397315010573285 0.048196979607678346 0.0037722818898749755 -0.00084607686707080867 0.017423881766912713 0.0037722818898749755 -0.0022397315010573285 0.027707183456981296 -0.0022397315010573285 -0.0022397315010573285 -0.0022397315010573285 -0.017732474793518277 -0.0022397315010573285 0.027707183456981296 0.0037722818898749755 -0.0094566887174231274 -0.012771284227720574 -0.0094566887174231274 0.037159326103005812 -0.0022397315010573285
leaf_weight=105.7823824249208 16.363910339772701 1557.4793817773461 661.57381073385477 791.82706246525049 404.43043743818998 414.1025056540966 11.448689416050909 68.337805807590485 63.050492465496063 648.82475893944502 236.27985038608313 31.863743152469397 123.32154567539692 70.350901484489441 871.90085221081972 866.74990297481418 168.53976636752486 40.723812460899353 287.71480882167816
leaf_count=1430 102 14257 6172 5194 3466 5077 122 1003 993 7986 4238 490 786 397 13548 15263 2921 176 3211
internal_value=3.94092e-05 0.00580738 0.00485748 0.00714186 0.0126876 0.00377228 -0.00815886 -0.00495552 -0.00817138 -0.00223973 -0.0119342 -0.0127622 0.0277072 -0.00223973 -0.00945669 -0.0138491 -0.00945669 0.0277072 -0.00223973
internal_weight=7440.67 4367.89 4187.48 3167.84 1196.26 1971.58 3072.78 1663.56 1003.29 660.273 1409.22 1303.43 180.409 1019.64 934.951 1103.03 200.404 164.045 949.289
internal_count=86832 38838 37774 27994 8660 19334 47994 23652 15544 8108 24342 22912 1064 9780 14541 19501 3411 962 9383
is_linear=0
shrinkage=0.02


Tree=38
num_leaves=21
num_cat=0
split_feature=0 48 0 32 0 48 2 3 27 0 8 32 3 0 0 3 33 3 31 3
split_gain=863.201 247.743 246.995 219.199 134.685 50.0995 40.2638 38.6177 24.0648 23.3222 21.8949 19.8847 19.2191 16.659 15.8863 14.5071 9.79218 6.32388 3.78055 1.64055
threshold=18.221827507019047 1.0000000180025095e-35 5.8774940967559823 1.0000000180025095e-35 9.487096309661867 1.0000000180025095e-35 27.650000572204593 2.4500000476837163 1.0000000180025095e-35 3.9083231687545781 2.8287092447280888 1.0000000180025095e-35 10.250000000000002 22.243088722229007 7.3467674255371103 0.94999998807907116 1.0000000180025095e-35 19.349999427795414 1.0000000180025095e-35 8.9499998092651385
decision_type=2 2 2 2 2 2 2 2 2 2 8 2 2 2 2 2 2 2 2 2
left_child=1 2 9 4 -4 6 8 18 -2 15 -9 -11 -12 -10 -5 -1 17 -8 -3 -18
right_child=5 7 3 14 -6 -7 16 10 13 11 12 -13 -14 -15 -16 -17 19 -19 -20 -21
leaf_value=0.01821770911491552 -0.006187829123182045 0.039851609710229038 0.011981596392615099 -0.00012075464473888148 0.0026432579749859943 0.020116815491160227 -0.017598444261514985 0.020116815491160227 -0.0071958648877900626 0.01821770911491552 0.025491028905331711 0.0086422016838675134 0.048821539318490557 -0.0108400015106449 -0.006187829123182045 0.028228267302058442 -0.014476111219646653 -0.0108400015106449 0.066470531576072148 -0.0108400015106449
leaf_weight=47.757230788469315 146.27990180999041 12.240177541971207 833.58461636304855 172.67333796620369 2381.66217135638 22.374363977462053 304.56903331726789 54.35861149430275 911.37184352427721 219.83541559427977 48.09249322861433 148.08729231357574 23.120444566011429 1146.2024166211486 708.3602652028203 108.10589141398668 70.453908868134022 15.292682889848946 10.456734150648117 42.360595587641001
leaf_count=225 2206 76 6332 1391 24152 296 5990 419 12898 1169 346 905 232 19181 8029 482 1313 270 71 773
internal_value=3.04829e-05 0.00512165 0.00430131 0.0026456 0.00506729 -0.00909824 -0.0093537 0.0304836 -0.00825146 0.0172201 0.0257645 0.0143975 0.0336368 -0.00923017 -0.00618783 0.0237488 -0.014936 -0.0167771 0.0544028 -0.01084
internal_weight=7427.24 4768.33 4620.07 4096.28 3215.25 2658.9 2636.53 148.268 2203.85 523.786 125.572 367.923 71.2129 2057.57 881.034 155.863 432.676 319.862 22.6969 112.815
internal_count=86756 43829 42685 39904 30484 42927 42631 1144 34285 2781 997 2074 578 32079 9420 707 8346 6260 147 2086
is_linear=0
shrinkage=0.02


Tree=39
num_leaves=18
num_cat=0
split_feature=0 48 1 25 6 1 24 48 2 0 3 2 18 11 3 27 31
split_gain=819.447 228.699 262.502 145.065 135.75 94.549 74.1138 55.3907 50.6684 35.6805 35.4392 30.6699 27.6488 14.023 11.0861 8.35694 5.76502
threshold=18.221827507019047 1.0000000180025095e-35 0.7272799313068391 1.0000000180025095e-35 1.0000000180025095e-35 0.29377762973308569 1.0000000180025095e-35 1.0000000180025095e-35 4.9500000476837167 8.6792855262756365 2.4500000476837163 27.650000572204593 1.0000000180025095e-35 9.84637498855591 19.349999427795414 1.0000000180025095e-35 1.0000000180025095e-35
decision_type=2 2 2 2 2 2 2 2 2 2 2 2 10 8 2 2 2
left_child=1 2 3 5 6 -1 -4 11 -6 -5 16 -2 -12 -14 15 -13 -3
right_child=7 10 4 9 8 -7 -8 -9 -10 -11 12 14 13 -15 -16 -17 -18
leaf_value=-0.008960151680304649 -0.0092360805787264719 0.036433176429744515 0.011781465915926744 0.0027729606740479929 0.014830299115622026 0.0027729606740479929 0.024210175197454539 0.021281234767809038 0.0027729606740479929 -0.0092360805787264719 0.021281234767809038 -0.0092360805787264719 0.051905793697230848 0.021281234767809038 -0.0092360805787264719 -0.01681532343386663 0.063746336690159597
leaf_weight=217.99232015386224 2182.4048057943583 12.638938993215561 837.39212806522846 47.936673499643803 138.524195112288 2168.8978960886598 250.22895987331867 23.097295012325048 437.59402497857809 536.99602118134499 95.755731396377087 53.276449270546436 19.221625357866291 9.8119636625051481 19.471620291471481 352.40122411772609 11.417191661894321
leaf_count=3047 34220 78 5606 489 856 20496 1443 299 4043 6794 754 951 138 87 342 7025 74
internal_value=4.21935e-06 0.00493402 0.00414696 0.000585037 0.0105052 0.00277296 0.0146606 -0.00896015 0.00277296 -0.00833255 0.0292545 -0.00923608 0.0246062 0.0420085 -0.0146201 -0.0156773 0.051423
internal_weight=7415.06 4784.41 4635.56 2971.82 1663.74 2386.89 1087.62 2630.65 576.118 584.933 148.845 2607.55 124.789 29.0336 425.149 405.678 24.0561
internal_count=86742 43905 42774 30826 11948 23543 7049 42837 4899 7283 1131 42538 979 225 8318 7976 152
is_linear=0
shrinkage=0.02


Tree=40
num_leaves=19
num_cat=0
split_feature=1 1 25 7 0 1 0 3 10 2 25 2 12 0 3 22 32 22
split_gain=780.926 174.313 191.933 104.571 87.0484 85.2372 40.9472 39.6835 35.9876 31.8895 28.0485 22.1052 16.9139 15.0576 14.7915 11.6055 7.81797 4.86593
threshold=0.37962783873081213 0.98251724243164074 1.0000000180025095e-35 1.0000000180025095e-35 14.766346931457521 0.29014104604721075 3.9083231687545781 23.349999427795414 1.5000000000000002 6.8500001430511483 1.0000000180025095e-35 26.94999980926514 4.8135857582092294 8.6792855262756365 0.65000000596046459 0.97989431023597728 1.0000000180025095e-35 0.10184820741415025
decision_type=2 2 2 10 2 2 2 2 10 2 2 2 10 2 2 10 2 10
left_child=5 2 3 4 -2 7 14 11 -5 13 16 12 -1 -4 -3 -16 -8 -13
right_child=1 6 9 8 -6 -7 10 -9 -10 -11 -12 17 -14 -15 15 -17 -18 -19
leaf_value=-0.010923826452222299 0.011845894482357932 0.015436780028140581 0.0067949603523966319 0.0028583606892651297 0.0028583606892651297 -0.0041258137221032607 0.015436780028140581 -0.0041258137221032607 -0.0041258137221032607 -0.0041258137221032607 0.0075620153794510158 -0.015956068901382403 -0.0041258137221032607 -0.0041258137221032607 0.029921256212905006 0.015436780028140581 0.011845894482357932 -0.010923826452222299
leaf_weight=979.78063482046127 1254.4081029072404 31.25230310857296 156.74250220507383 234.83324559777975 657.67399517446756 1396.4588511809707 271.20734892785549 39.171460449695587 439.11740775406361 731.99558686465025 365.69097340106964 431.88265517354012 117.02336322143674 64.080325201153755 93.29061670601368 24.399366736412048 93.32800318300724 38.002624269574881
leaf_count=16365 9876 148 1502 2229 6717 19831 1352 610 4056 8686 2561 8538 1815 809 410 109 498 744
internal_value=0.000178528 0.00552664 0.00354446 0.00637106 0.00875768 -0.00769063 0.0134922 -0.0108326 -0.000403011 -0.00412581 0.0118459 -0.0116252 -0.0100511 0.00346242 0.0230745 0.0266418 0.0154368 -0.0152704
internal_weight=7420.34 4418.02 3538.85 2586.03 1912.08 3002.32 879.169 1605.86 673.951 952.818 730.226 1566.69 1096.8 220.823 148.942 117.69 364.535 469.885
internal_count=86856 38953 33875 22878 16593 47903 5078 28072 6285 10997 4411 27462 18180 2311 667 519 1850 9282
is_linear=0
shrinkage=0.02


Tree=41
num_leaves=19
num_cat=0
split_feature=1 1 12 12 6 1 1 25 3 2 21 21 3 12 12 2 26 25
split_gain=725.94 167.021 151.144 129.524 117.162 120.002 71.2828 47.0244 39.0809 26.1665 21.0015 17.2691 13.2672 12.6651 12.4621 10.0573 9.39711 2.22901
threshold=0.37962783873081213 1.2056658864021303 5.1094610691070566 7.0499846935272226 1.0000000180025095e-35 0.55027195811271679 0.27737425267696386 1.0000000180025095e-35 23.349999427795414 1.2500000000000002 24.160090446472172 11.992141246795656 4.2500000000000009 8.3108325004577654 6.9294900894165048 26.94999980926514 1.0000000180025095e-35 1.0000000180025095e-35
decision_type=2 2 10 10 2 2 2 2 2 2 8 10 2 10 10 2 2 2
left_child=3 2 4 6 5 -2 8 -6 15 -3 11 -11 -8 -5 -4 -1 -12 -14
right_child=1 9 14 13 7 -7 12 -9 -10 10 16 -13 17 -15 -16 -17 -18 -19
leaf_value=-0.011424804928311222 0.00020990316030785415 0.037505010816670258 0.010690989858079356 0.0027208996812060505 0.001847664348986742 0.0090126314948436488 -0.0095345064655379848 -0.0053862706582544955 -0.0053862706582544955 0.015930834604849283 0.015930834604849283 0.037019057689459255 -0.0040392483802197303 0.015930834604849283 0.015930834604849283 -0.015285871263119822 0.036646473729919166 -0.0053862706582544955
leaf_weight=861.28684337064624 1112.6126282438636 23.241657897830009 189.801718108356 37.147968485951424 512.04299065470695 1396.723221719265 309.0841989852488 594.86504659056664 38.561980880796909 18.086636826395988 343.80525679886341 34.575390487909317 1234.3805994018912 62.59146373718977 192.4652327299118 415.06522812694311 11.957151114940642 27.700802065432072
leaf_count=14697 11642 98 1515 514 4523 11050 5050 6666 601 85 1771 164 17515 813 1336 8387 54 381
internal_value=0.000129233 0.00526589 0.00398747 -0.00749144 0.0027209 0.00511123 -0.00826721 -0.00269766 -0.0117029 0.0170713 0.0159308 0.028634 -0.00538627 0.0148156 0.0159308 -0.0126914 0.0159308 -0.00538627
internal_weight=7416 4430.18 3998.51 2985.82 3616.24 2509.34 2886.08 1106.91 1314.91 431.666 408.424 52.662 1571.17 99.7394 382.267 1276.35 355.762 1262.08
internal_count=86862 38904 36732 47958 33881 22692 46631 11189 23685 2172 2074 249 22946 1327 2851 23084 1825 17896
is_linear=0
shrinkage=0.02


Tree=42
num_leaves=19
num_cat=0
split_feature=0 14 11 48 6 1 3 8 15 15 11 11 0 22 1 11 3 3
split_gain=759.178 204.085 176.686 145.191 132.694 58.0491 44.4279 37.6257 30.5369 22.9559 20.8685 18.7866 9.27997 8.19284 5.6572 3.92333 1.87304 0.343436
threshold=17.815863609313968 1.0000000180025095e-35 8.608427047729494 1.0000000180025095e-35 1.0000000180025095e-35 0.27737425267696386 18.94999980926514 1.8249195814132693 1.0000000180025095e-35 3.5000000000000004 13.260435104370119 3.1568622589111333 35.155725479125984 0.086948394775390639 1.3973459601402285 22.986300468444828 2.8500000238418584 12.949999809265138
decision_type=2 8 10 2 2 2 2 10 10 10 8 8 2 8 2 8 2 2
left_child=1 8 3 4 -3 6 12 -4 -1 -9 -7 -5 13 -2 -10 17 -17 -12
right_child=5 2 7 11 -6 10 -8 9 14 -11 15 -13 -14 -15 -16 16 -18 -19
leaf_value=0.046254676192672914 -0.01726438733555221 0.0080093821202546541 -0.0058083510794726843 -0.00056183456130431411 -0.00056183456130431411 -0.00056183456130431411 -0.0058083510794726843 0.003097413766484103 0.023835904627961223 -0.0057417468778632394 -0.0079659455029710818 0.023835904627961223 -0.020095238251778374 -0.012051818552033139 0.034231202489273825 -0.0078062070630409014 -0.0058083510794726843 -0.0058083510794726843
leaf_weight=24.433502987027168 152.07621011510491 2342.1560716256499 448.07861914113164 14.245505057275293 1044.3765940666199 53.556154772639275 188.40427264943719 377.73602100089192 150.67652072012424 169.40626189485192 508.6045535504818 100.51270820200443 82.76998383179307 737.29614631831646 42.053476959466934 204.99747991934419 691.97471049427986 58.255599714815617
leaf_count=164 2889 19794 4832 88 9978 608 3317 3878 1098 1839 7357 723 1732 13810 178 3107 10372 866
internal_value=0.000112085 0.00494298 0.00402543 0.00613875 0.00536671 -0.00838988 -0.0117573 -0.00340814 0.0238359 0.00035515 -0.00580835 0.0238359 -0.0135889 -0.0129615 0.0238359 -0.00580835 -0.00580835 -0.00777719
internal_weight=7391.61 4713.68 4496.51 3501.29 3386.53 2677.94 1160.55 995.221 217.164 547.142 1517.39 114.758 972.142 889.372 192.73 1463.83 896.972 566.86
internal_count=86630 42572 41132 30583 29772 44058 21748 10549 1440 5717 22310 811 18431 16699 1276 21702 13479 8223
is_linear=0
shrinkage=0.02


Tree=43
num_leaves=26
num_cat=0
split_feature=1 14 7 1 25 1 6 2 8 3 27 27 3 7 40 2 25 0 1 15 27 3 3 40 11
split_gain=698.246 166.877 125.161 117.943 92.1301 82.6087 82.3581 42.3738 32.1841 24.0631 22.8059 35.7853 18.2172 14.0628 12.3851 10.3738 9.22461 20.6774 14.5155 3.98354 2.29024 2.4878 2.17996 1.43957 1.15957
threshold=0.37962783873081213 1.0000000180025095e-35 1.0000000180025095e-35 0.7128843665122987 1.0000000180025095e-35 0.29377762973308569 1.0000000180025095e-35 16.750000000000004 3.1624106168746953 6.3500001430511483 1.0000000180025095e-35 1.0000000180025095e-35 0.94999998807907116 1.0000000180025095e-35 1.0000000180025095e-35 32.850000381469734 1.0000000180025095e-35 4.8171489238739023 0.56036624312400829 1.5000000000000002 1.0000000180025095e-35 0.94999998807907116 1.0000000180025095e-35 1.0000000180025095e-35 6.8019378185272226
decision_type=2 8 10 2 2 2 2 2 10 2 2 2 2 10 2 2 2 2 2 10 2 2 2 2 10
left_child=5 8 3 4 -3 9 -5 -7 13 20 -9 -11 -12 23 19 -13 18 -15 -4 -10 21 -1 -22 -2 -16
right_child=1 2 16 6 -6 7 -8 10 14 11 12 15 -14 17 24 -17 -18 -19 -20 -21 22 -23 -24 -25 -26
leaf_value=-0.0020857053464945121 0.023180724318628387 0.0052161876490516715 -0.0020857053464945121 0.014179338432701718 -0.0020857053464945121 -0.0020857053464945121 0.0052161876490516715 -0.0020857053464945121 0.036769335055789394 -0.0020857053464945121 -0.0020857053464945121 -0.010328360679771784 -0.009723832696589 0.023180724318628387 0.048453271951084294 -0.019260025809624035 -0.0020857053464945121 0.0012864163367481668 0.0012864163367481668 0.023180724318628387 -0.0051648589871674932 -0.013153192909521867 -0.017823289045924614 0.028724359248310644 0.031449447008446006
leaf_weight=3.5223068185150614 33.049033276736736 1553.907334215939 409.67899535596371 874.18210303038359 384.62442750483751 566.75812275707722 426.14120326191187 47.072999358177185 10.701419718563558 112.91489923000336 56.10561353713274 1225.8957791477442 656.03644812852144 16.671457275748253 21.464741706848145 54.891680806875229 325.31680643558502 39.983887992799282 295.42843967676163 19.3425063341856 6.6097176484763613 28.877812027931213 199.91534639149904 35.222165152430534 11.434081904590128
leaf_count=65 179 14053 4274 5611 4781 6868 3616 702 63 1888 891 21393 10466 72 114 1149 3426 252 2117 116 137 533 4043 197 70
internal_value=-0.000200798 0.00479885 0.00398395 0.00591503 0.00278683 -0.00773188 0.0105729 -0.00401912 0.023198 -0.010743 -0.00745472 -0.00972393 -0.00868321 0.0170875 0.0348691 -0.0107259 -0.00208571 0.00947033 0.000201601 0.0241623 -0.0166219 -0.0110103 -0.017445 0.0231807 0.0436456
internal_weight=7415.75 4457.15 4269.28 3238.86 1938.53 2958.6 1300.32 1325.97 187.869 1632.63 759.215 1393.7 712.142 124.927 62.9427 1280.79 1030.42 56.6553 705.107 30.0439 238.925 32.4001 206.525 68.2712 32.8988
internal_count=87076 38941 37878 28061 18834 48135 9227 18927 1063 29208 12059 24430 11357 700 363 22542 9817 324 6391 179 4778 598 4180 376 184
is_linear=0
shrinkage=0.02


Tree=44
num_leaves=24
num_cat=0
split_feature=1 14 32 1 25 1 24 2 14 40 0 1 1 3 3 24 3 1 15 10 22 3 21
split_gain=694.922 167.503 134.269 146.146 102.425 97.4562 63.852 48.1128 29.1816 23.4681 20.86 18.9065 18.3801 13.3107 16.618 10.0036 6.84012 5.78293 7.27351 5.09499 3.79197 4.12519 0.146984
threshold=0.37962783873081213 1.0000000180025095e-35 1.0000000180025095e-35 0.62877589464187633 1.0000000180025095e-35 1.1003130078315737 1.0000000180025095e-35 27.050000190734867 1.0000000180025095e-35 1.0000000180025095e-35 10.647534847259523 1.4878956675529482 0.25782336294651037 22.750000000000004 23.349999427795414 1.0000000180025095e-35 5.4500000476837167 0.62877589464187633 2.5000000000000004 1.5000000000000002 0.10327362269163133 8.5500001907348651 26.510186195373539
decision_type=2 8 2 2 2 2 2 2 8 2 2 2 2 2 2 2 2 2 10 10 8 2 10
left_child=7 9 3 4 -3 10 -5 8 -1 17 -4 -7 13 -10 20 16 -11 -2 -19 -17 22 -22 -9
right_child=1 2 5 6 -6 11 -8 14 12 15 -12 -13 -14 -15 -16 19 -18 18 -20 -21 21 -23 -24
leaf_value=0.010267225739070095 0.010267225739070095 0.0041865862811192155 -0.002541487403533888 0.00865651365306307 -0.00755419865090804 0.0047731869349205806 0.018806584669988972 -0.012477794670193384 -0.012416644324211036 0.029497346130733373 -0.00755419865090804 0.01655264303848366 -0.00755419865090804 -0.00755419865090804 -0.00755419865090804 0.050257202284537589 0.018806584669988972 0.029615640422862903 0.018806584669988972 0.027695505918485363 -0.016079752669000066 -0.012416644324211036 -0.019453539834571841
leaf_weight=46.841652356088161 26.502314232289791 1619.9097256362438 484.54795125871897 1090.6200622096658 212.84413809329271 143.78083793073893 321.71701297909021 8.438510235399006 615.74388251826167 56.077539287507534 323.63151047378778 88.014669209718704 1790.0172086395323 35.323284257203341 8.9475723020732385 14.776386648416521 14.684711262583731 26.939062088727951 42.406530827283859 12.38827010989189 211.32859076932073 126.64957777410746 88.13018286600709
leaf_count=604 193 15105 4798 8217 2660 898 2021 176 10863 289 3734 418 26800 568 150 80 109 140 212 61 4376 2614 1885
internal_value=1.4844e-05 0.0049694 0.00414381 0.00614753 0.00241942 -0.00210842 0.0109803 -0.0075542 -0.0075542 0.0231111 -0.00538731 0.00929783 -0.0075542 -0.0113105 -0.014144 0.0304233 0.0257239 0.0188066 0.0188066 0.0413167 -0.0152814 -0.0141723 -0.0189781
internal_weight=7410.26 4478.84 4285.07 3245.09 1832.75 1039.97 1412.34 2931.42 2487.93 193.775 808.179 231.796 2441.08 651.067 443.494 97.9269 70.7623 95.8479 69.3456 27.1647 434.547 337.978 96.5687
internal_count=86971 38935 37851 28003 17765 9848 10238 48036 38835 1084 8532 1316 38231 11431 9201 539 398 545 352 141 9051 6990 2061
is_linear=0
shrinkage=0.02


Tree=45
num_leaves=19
num_cat=0
split_feature=0 48 1 32 25 1 48 0 7 3 2 2 2 3 8 31 33 8
split_gain=655.466 181.981 179.343 125.22 95.7075 80.9571 43.7817 40.8996 39.1391 33.6678 31.6642 20.3599 15.3264 11.5078 10.7776 8.43087 6.29768 1.38469
threshold=18.221827507019047 1.0000000180025095e-35 0.7272799313068391 1.0000000180025095e-35 1.0000000180025095e-35 0.29377762973308569 1.0000000180025095e-35 5.658621311187745 1.0000000180025095e-35 2.4500000476837163 27.650000572204593 6.1499998569488534 6.7500000000000009 19.349999427795414 2.8287092447280888 1.0000000180025095e-35 1.0000000180025095e-35 4.9012579917907724
decision_type=2 2 2 2 2 2 2 2 10 2 2 2 2 2 8 2 2 10
left_child=1 2 3 5 8 -1 10 -6 -4 15 -2 -5 14 16 -11 -3 -12 -14
right_child=6 9 4 11 7 -7 -8 -9 -10 12 13 -13 17 -15 -16 -17 -18 -19
leaf_value=-0.0083588546753185829 -0.0083588546753185829 0.030650777434624275 0.015419294386785128 0.00043777275507267291 0.012613486199915876 0.0035004466382496141 0.018823439524403917 0.0035004466382496141 0.0052658108061393047 0.018823439524403917 -0.016734115545669854 -0.0083588546753185829 0.018823439524403917 -0.0083588546753185829 0.047475775094410207 0.05926498674323373 -0.010608459229864649 0.028056380288672467
leaf_weight=198.44306525960565 2093.4820301756263 12.473781615495682 694.49325182288885 105.15181266143918 196.84777794033289 2263.0931113883853 22.578896190971136 638.76296421140432 196.04783024638891 7.8225518688559559 279.22278808057308 414.19083872810006 101.40045312047005 19.101532980799675 13.348201803863047 12.195187278091908 98.177488200366497 11.259762145578859
leaf_count=2875 34147 73 3898 1242 1102 21812 293 5903 1175 64 6054 4841 748 355 113 73 1987 80
internal_value=-6.53408e-05 0.00421827 0.00350553 0.00053405 0.00863368 0.00241754 -0.00835885 0.00376525 0.0131925 0.0252301 -0.0086128 -0.00835885 0.0209833 -0.0140547 0.0367362 0.0465541 -0.0151728 0.0188234
internal_weight=7378.09 4865.53 4707.03 2980.88 1726.15 2461.54 2512.56 835.611 890.541 158.5 2489.98 519.343 133.831 396.502 21.1708 24.669 377.4 112.66
internal_count=86835 43999 42848 30770 12078 24687 42836 7005 5073 1151 42543 6083 1005 8396 177 146 8041 828
is_linear=0
shrinkage=0.02


Tree=46
num_leaves=19
num_cat=0
split_feature=0 48 1 24 25 1 1 0 3 3 48 0 3 10 22 22 1 25
split_gain=621.754 184.108 210.559 141.956 116.693 100.497 77.8198 42.9745 39.8505 36.7859 26.9293 17.6178 25.5315 15.8226 8.27218 6.05258 6.02673 0.0256583
threshold=19.273557662963871 1.0000000180025095e-35 0.7128843665122987 1.0000000180025095e-35 1.0000000180025095e-35 0.32562246918678289 1.2566752433776858 8.6792855262756365 2.4500000476837163 4.9500000476837167 1.0000000180025095e-35 28.827504158020023 22.750000000000004 1.0000000180025095e-35 0.094996374100446715 0.32283189892768865 0.63330608606338512 1.0000000180025095e-35
decision_type=2 2 2 2 2 2 2 2 2 2 2 2 2 8 10 10 2 2
left_child=1 2 4 6 5 -1 -4 -6 15 -5 11 17 14 -10 -13 -3 -15 -2
right_child=10 8 3 9 7 -7 -8 -9 13 -11 -12 12 -14 16 -16 -17 -18 -19
leaf_value=-0.0074280887191157195 -0.0078895661045013752 0.029723421020540021 0.0035751382206732707 0.022151241987459627 0.0035751382206732707 0.0034683302360461522 0.015113450511491107 -0.0088164005884836215 0.038744070076322461 0.0035751382206732707 0.017135200433936366 -0.015772051694811062 -0.0088164005884836215 0.017135200433936366 -0.0088164005884836215 0.055747905912479009 0.031621877152472347 -0.0088164005884836215
leaf_weight=397.77855559810996 1684.2869884669781 10.254757173359396 1170.260960534215 316.57918737083673 44.991693735122681 2242.5199253484607 291.53272700309753 510.13329884037375 15.565735794603823 27.510008573532104 14.997739616781471 430.51105839386582 36.654237557202578 116.3880333378911 40.080824743956327 15.607242450118063 11.913705155253409 3.6787488572299472
leaf_count=5552 28465 61 9306 1764 453 21190 1463 6573 118 181 209 9074 607 904 844 90 71 58
internal_value=5.98985e-05 0.00385479 0.00315692 0.00861363 7.13536e-05 0.00182452 0.00588504 -0.00825539 0.0242793 0.0201548 -0.0088164 -0.00900142 -0.0125802 0.0199137 -0.0149064 0.0469194 0.0173472 -0.0088164
internal_weight=7381.25 5171.04 5001.31 1805.88 3195.42 2640.3 1461.79 555.125 169.729 344.089 2210.21 2195.21 507.246 143.867 470.592 25.862 128.302 1687.97
internal_count=86983 47726 46482 12714 33768 26742 10769 7026 1244 1945 39257 39048 10525 1093 9918 151 975 28523
is_linear=0
shrinkage=0.02


Tree=47
num_leaves=16
num_cat=0
split_feature=1 14 48 48 1 32 1 7 3 12 3 14 32 8 1
split_gain=592.794 163.233 135.65 160.231 131.934 110.48 63.6823 45.1951 31.095 16.5743 13.4477 9.52811 7.23803 4.28162 1.92795
threshold=0.37962783873081213 1.0000000180025095e-35 1.0000000180025095e-35 1.0000000180025095e-35 0.91811931133270275 1.0000000180025095e-35 0.27737425267696386 1.0000000180025095e-35 20.849999427795414 10.288510322570803 8.5500001907348651 1.0000000180025095e-35 1.0000000180025095e-35 2.1260362863540654 1.3973459601402285
decision_type=2 8 2 2 2 2 2 10 2 10 2 8 2 10 2
left_child=3 9 4 6 5 -3 8 -6 10 14 -1 -8 -13 -11 -2
right_child=1 2 -4 -5 7 -7 11 -9 -10 13 -12 12 -14 -15 -16
leaf_value=-0.016841858234393152 0.022467137140515386 0.0029852702747705734 0.022467137140515386 0.022467137140515386 0.011753287676045778 -0.0062774733014930818 0.016005038509418024 0.0029852702747705734 -0.0062774733014930818 0.023990564119621905 -0.011370607047203244 -0.0043759758675884384 -0.0062774733014930818 0.04443103954474302 0.030531373029304469
leaf_weight=228.59653628244996 122.45043852180243 2571.1615317985415 120.56015634536743 60.078448865562677 777.5667392089963 643.05882086604834 12.131747599691151 198.13303903490305 85.650421436876059 11.016896583139898 947.89874495193362 1359.2649396061897 164.45943512767553 18.32788011431694 40.882043078541756
leaf_count=4974 721 23926 767 643 4589 7246 138 1309 1506 65 17619 20462 2550 104 171
internal_value=-1.77686e-05 0.00450344 0.00369544 -0.00714041 0.00308722 0.00113073 -0.00783964 0.0095247 -0.0113376 0.0224671 -0.0124471 -0.00627747 -0.00627747 0.0378006 0.0224671
internal_weight=7361.24 4503.16 4310.48 2858.08 4189.92 3214.22 2798 975.7 1262.15 192.677 1176.5 1535.86 1523.72 29.3448 163.332
internal_count=86790 38898 37837 47892 37070 31172 47249 5898 24099 1061 22593 23150 23012 169 892
is_linear=0
shrinkage=0.02


Tree=48
num_leaves=18
num_cat=0
split_feature=0 18 32 1 1 10 18 1 3 21 1 1 3 11 8 27 27
split_gain=581.402 160.76 137.836 139.219 111.53 73.1803 56.5764 49.899 35.4754 35.8876 34.7697 23.0047 22.6785 16.0999 10.1614 9.12823 2.41379
threshold=18.221827507019047 1.0000000180025095e-35 1.0000000180025095e-35 0.55027195811271679 1.1003130078315737 2.5000000000000004 1.0000000180025095e-35 0.29377762973308569 3.3500000238418584 29.200433731079105 0.29377762973308569 1.4878956675529482 6.3500001430511483 6.8019378185272226 1.8249195814132693 1.0000000180025095e-35 1.0000000180025095e-35
decision_type=2 10 2 2 2 10 10 2 2 10 2 2 2 8 8 2 2
left_child=1 2 3 7 13 -5 10 -1 9 14 12 -6 16 -4 -3 -14 -2
right_child=6 8 4 5 11 -7 -8 -9 -10 -11 -12 -13 15 -15 -16 -17 -18
leaf_value=-0.0080926155137974638 -0.010299788330365515 0.02625309590918402 0.00048368675375019615 0.010697622989529195 0.003836133272545718 0.0010135596767756592 0.020873998164161814 0.0010135596767756592 0.020873998164161814 0.020873998164161814 -0.006269433336613792 0.016213487556023254 -0.0080926155137974638 -0.006269433336613792 0.05314057886049682 -0.010333988705249715 -0.017028304172891567
leaf_weight=175.80854053795338 30.436141829937696 10.749818213284014 141.07489978522062 1569.3752864003181 148.1771060153842 300.2002292945981 12.079532526433466 1496.488923035562 149.80795903876424 24.676338776946068 1133.6189215816557 101.00182181596756 105.2476491779089 721.07762884348631 31.250419110059738 985.76155687868595 194.08854702115059
leaf_count=2574 595 61 1279 11362 901 2346 175 14995 1402 169 17052 469 1827 8005 190 18976 4204
internal_value=6.17336e-05 0.00406577 0.00327947 0.00520728 -0.00286372 0.00895593 -0.00785891 0.00101356 0.020874 0.0355748 -0.00809262 0.00889791 -0.0103658 -0.00626943 0.0470294 -0.00915842 -0.0161659
internal_weight=7330.92 4869.69 4653.2 3541.87 1111.33 1869.58 2461.23 1672.3 216.485 66.6766 2449.15 249.179 1315.53 862.153 42.0002 1091.01 224.525
internal_count=86582 43753 41931 31277 10654 13708 42829 17569 1822 420 42654 1370 25602 9284 251 20803 4799
is_linear=0
shrinkage=0.02


Tree=49
num_leaves=22
num_cat=0
split_feature=1 14 7 6 1 1 25 3 40 3 8 22 2 22 0 7 2 25 3 6 24
split_gain=552.369 133.865 131.868 85.2277 108.981 79.4677 48.9706 37.9736 27.7986 24.9966 22.1611 13.3299 11.1056 15.9966 10.9507 12.9604 6.08607 5.9032 3.76761 3.56455 3.33808
threshold=0.37962783873081213 1.0000000180025095e-35 1.0000000180025095e-35 1.0000000180025095e-35 0.7272799313068391 0.27737425267696386 1.0000000180025095e-35 23.349999427795414 1.0000000180025095e-35 4.2500000000000009 2.0000293254852299 0.086948394775390639 16.750000000000004 0.096441663801670088 3.9083231687545781 1.0000000180025095e-35 20.550000190734867 1.0000000180025095e-35 4.2500000000000009 1.0000000180025095e-35 1.0000000180025095e-35
decision_type=2 8 10 2 2 2 2 2 2 2 10 8 2 8 2 10 2 2 2 2 2
left_child=5 8 3 4 -3 7 -5 11 14 -7 18 16 -11 -13 -2 -16 -1 19 -10 -4 -12
right_child=1 2 17 6 -6 9 -8 -9 10 12 20 13 -14 -15 15 -17 -18 -19 -20 -21 -22
leaf_value=-0.012256108210747588 0.029868652345865731 0.0043295320179357402 -0.00079132445813223087 0.0052853237305551795 0.013310121836414494 -0.009172026064206815 -0.0026211048024297389 -0.0039532977997723418 0.021603516655104415 -0.0026211048024297389 0.03133481639789823 0.0056753637708160673 -0.0039532977997723418 -0.011050567641662921 0.015532787976992809 -0.00079132445813223087 -0.019220334845284962 -0.0026211048024297389 0.013310121836414494 -0.0026211048024297389 0.046161954551134768
leaf_weight=100.50944479554892 15.816608458757399 1477.0849817842245 558.44389999657869 462.04678463190794 852.89716643095016 296.95570822805166 488.18903247267008 38.248318407684565 29.875695079565048 646.55241898074746 40.951902218163013 22.852106630802155 631.89479006454349 965.89800911769271 45.878430664539337 33.096757858991623 121.64336358383298 327.70596971362829 12.88241098821163 149.33706188201904 15.653865359723566
leaf_count=1762 65 13777 5011 3778 5227 5117 5166 624 145 8123 218 442 10440 18721 255 203 2647 3478 87 1345 79
internal_value=-1.04439e-05 0.00433291 0.00359933 0.00556318 0.0076212 -0.00694439 0.000514187 -0.0107105 0.0205369 -0.0039533 0.0279426 -0.0116765 -0.00273488 -0.0106587 0.0133101 0.0133101 -0.0161385 -0.0026211 0.0164791 -0.000793221 0.0361653
internal_weight=7334.41 4509.86 4315.7 3280.22 2329.98 2824.55 950.236 1249.15 194.156 1575.4 99.3639 1210.9 1278.45 988.75 94.7918 78.9752 222.153 1035.49 42.7581 707.781 56.6058
internal_count=86710 38834 37782 27948 19004 47876 8944 24196 1052 23680 529 23572 18563 19163 523 458 4409 9834 232 6356 297
is_linear=0
shrinkage=0.02


Tree=50
num_leaves=19
num_cat=0
split_feature=1 14 7 48 1 2 27 8 1 7 3 14 12 2 34 12 7 5
split_gain=498.994 138.696 135.157 105.748 88.3434 72.1694 37.4022 26.611 26.0131 17.3655 19.5147 15.4712 13.6824 12.1819 8.16633 6.60536 4.15333 2.12302
threshold=0.37962783873081213 1.0000000180025095e-35 1.0000000180025095e-35 1.0000000180025095e-35 0.7272799313068391 15.750000000000002 1.0000000180025095e-35 3.9524260759353642 0.27737425267696386 1.0000000180025095e-35 7.8500001430511483 1.0000000180025095e-35 5.2397520542144784 32.850000381469734 1.0000000180025095e-35 5.2895565032958993 1.0000000180025095e-35 1.0000000180025095e-35
decision_type=2 8 10 2 2 2 2 10 2 10 2 8 10 2 2 8 10 2
left_child=5 9 3 4 -3 11 -7 15 13 14 -5 -1 -10 -8 17 -4 -13 -2
right_child=1 2 7 10 -6 6 8 -9 12 -11 -12 16 -14 -15 -16 -17 -18 -19
leaf_value=0.0098775118798195456 0.033658947150713985 0.0018570716883734267 -0.00303172422894127 0.025900702329922004 0.0086414401152123226 -0.00303172422894127 -0.011825382814503545 0.0018570716883734267 -0.008532938566814462 0.013306270673606407 0.0087818628547559792 -0.001519132593975848 -0.00303172422894127 -0.019658387622405776 0.041715649001359829 0.0018570716883734267 -0.00303172422894127 0.025900702329922004
leaf_weight=39.764729809015989 37.298302911221981 1925.4573369771242 814.77524235844612 81.128013201057911 1276.6832370460033 167.06047713384032 648.03183748573065 149.00705687701702 881.0609593950212 79.001357406377792 28.279961474239826 755.40017193928361 53.094486907124519 92.987739164382219 14.742434166371821 71.815149791538715 171.7617607973516 57.929054141044617
leaf_count=500 218 18706 7808 493 8692 2946 13515 1431 14793 441 185 10736 825 2172 78 590 2469 285
internal_value=-9.7838e-05 0.00400412 0.0032723 0.00524404 0.00456383 -0.00672058 -0.00906599 -0.00303172 -0.0100298 0.0207332 0.0207332 -0.00303172 -0.00779437 -0.0128335 0.0259007 -0.00303172 -0.00303172 0.0259007
internal_weight=7345.28 4536.12 4347.15 3311.55 3202.14 2809.16 1842.24 1035.6 1675.18 188.971 109.408 966.927 934.155 741.02 109.97 886.59 927.162 95.2274
internal_count=86883 38927 37905 28076 27398 47956 34251 9829 31305 1022 678 13705 15618 15687 581 8398 13205 503
is_linear=0
shrinkage=0.02


Tree=51
num_leaves=20
num_cat=0
split_feature=2 48 3 32 14 2 3 3 2 3 2 3 38 3 3 2 22 3 8
split_gain=449.28 204.647 177.399 134.395 122.531 109.641 61.5815 57.3101 33.1595 19.9309 16.9809 15.3985 16.8489 11.4577 19.4632 4.22062 3.9784 2.09716 1.25383
threshold=17.94999980926514 1.0000000180025095e-35 12.650000095367433 1.0000000180025095e-35 1.0000000180025095e-35 5.6499998569488534 25.849999427795414 28.349999427795414 27.050000190734867 2.2500000000000004 12.650000095367433 9.9499998092651385 1.0000000180025095e-35 10.050000190734865 12.750000000000002 34.049999237060554 0.057386787608265884 10.150000095367433 3.0414654016494755
decision_type=2 2 2 2 8 2 2 2 2 2 2 2 2 2 2 2 8 2 8
left_child=1 2 3 4 -1 -5 12 8 11 18 -8 -2 -4 -11 -15 16 -10 -13 -3
right_child=7 9 6 5 -6 -7 10 -9 15 13 -12 17 -14 14 -16 -17 -18 -19 -20
leaf_value=0.021578573987426908 -0.0071935520128421039 0.030773773890158829 -0.0097308935404175085 0.0059430228730535245 0.0044003351589922022 -0.0071935520128421039 0.059693308121245736 0.023607780751838479 -0.019005122787021371 0.016081039238238958 0.023607780751838479 -0.01250746535204331 0.018890085646098526 0.038865830495389511 0.023607780751838479 -0.019005122787021371 -0.01250746535204331 -0.010120169869224496 0.048733265205960719
leaf_weight=173.50188709795475 873.99083409458399 11.90829221904278 556.16950479149818 386.2512588724494 3485.4531253241003 738.67631505802274 6.4040148444473726 4.7787008956074706 36.492098838090897 99.723652392625809 4.1026664972305298 23.601283527910709 7.4597397670149794 39.065032251179218 18.203734844923019 71.720657121390104 296.09691987559199 506.58832907304168 13.138786531984804
leaf_count=1033 13882 64 9328 2787 31053 7948 96 81 849 624 66 412 120 345 222 1682 6608 9612 74
internal_value=-1.65222e-05 0.00281189 0.00210107 0.00336217 0.00522057 -0.00268175 -0.0083944 -0.00865492 -0.00889772 0.0236078 0.0377199 -0.00865492 -0.00865492 0.0236078 0.027719 -0.0144145 -0.0133706 -0.0106174 0.041704
internal_weight=7353.33 5540.06 5358.02 4783.88 3658.96 1124.93 574.136 1813.27 1808.49 182.039 10.5067 1404.18 563.629 156.992 57.2688 404.31 332.589 530.19 25.0471
internal_count=86886 53760 52431 42821 32086 10735 9610 33126 33045 1329 162 23906 9448 1191 567 9139 7457 10024 138
is_linear=0
shrinkage=0.02


Tree=52
num_leaves=18
num_cat=0
split_feature=0 48 1 32 1 6 48 2 35 2 3 12 8 3 22 33 11
split_gain=516.749 154.136 150.714 140.839 81.4149 54.0037 36.0938 33.6518 26.165 23.3675 23.2785 15.9304 13.2241 11.7658 9.43869 8.21055 5.68423
threshold=18.221827507019047 1.0000000180025095e-35 0.91811931133270275 1.0000000180025095e-35 0.29377762973308569 1.0000000180025095e-35 1.0000000180025095e-35 27.050000190734867 1.0000000180025095e-35 2.1499999761581425 2.4500000476837163 5.6021008491516122 4.4192144870758066 19.349999427795414 0.25833809375762945 1.0000000180025095e-35 6.7087194919586191
decision_type=2 2 2 2 2 2 2 2 2 2 2 10 8 2 8 2 8
left_child=1 2 3 4 -1 8 7 -2 -4 -7 16 -5 -12 15 -14 -9 -3
right_child=6 10 5 11 -6 9 -8 13 -10 -11 12 -13 14 -15 -16 -17 -18
leaf_value=-0.007495989986371761 -0.007495989986371761 0.026178156507435997 0.012149130170112328 -0.0074154872106069868 0.0040078512984487932 0.024810256883951092 0.01648686557106727 -0.016193536694533658 0.034770670682714354 0.0040078512984487932 0.01648686557106727 0.0040078512984487932 0.04020801454370046 -0.007495989986371761 0.02124772446957551 -0.0094006998373785608 0.049277058538900555
leaf_weight=188.55628425627947 1962.4738367125392 12.477562658488752 710.54382407665253 679.36893415078521 2777.6027202904224 21.055931106209755 23.942415598779917 281.7916123457253 20.397773802280426 336.97996581345797 79.005437612533569 19.172828510403633 15.986239217221735 19.626362506300211 45.724055998027325 102.30772362276912 14.107999749481676
leaf_count=2835 33288 64 3701 7891 25518 99 297 6622 98 2423 534 181 131 389 318 2219 79
internal_value=0.000131587 0.00383711 0.00317044 0.00122814 0.00313106 0.00969966 -0.00749599 -0.00774552 0.0128271 0.00400785 0.0226484 -0.00684499 0.0191543 -0.0133065 0.0267223 -0.0144133 0.0397779
internal_weight=7311.12 4920.98 4753.68 3664.7 2966.16 1088.98 2390.14 2366.2 730.942 358.036 167.301 698.542 140.716 403.726 61.7103 384.099 26.5856
internal_count=86687 43872 42746 36425 28353 6321 42815 42518 3799 2522 1126 8072 983 9230 449 8841 143
is_linear=0
shrinkage=0.02


Tree=53
num_leaves=21
num_cat=0
split_feature=0 32 0 14 35 1 1 12 3 3 23 12 32 22 12 8 22 1 21 3
split_gain=491.052 141.414 119.641 109.065 86.7024 95.379 70.036 35.7946 30.8613 26.5905 29.2423 13.2831 10.3824 9.86876 9.44123 6.1783 3.61795 2.80902 1.52002 0.169874
threshold=16.474374771118168 1.0000000180025095e-35 5.658621311187745 1.0000000180025095e-35 1.0000000180025095e-35 0.55027195811271679 0.27737425267696386 4.7435042858123788 18.650000572204593 0.15000000223517421 1.0000000180025095e-35 11.802836894989015 1.0000000180025095e-35 0.086948394775390639 6.2327127456665048 3.6055893898010258 0.033542664721608169 1.3973459601402285 19.983171463012699 9.0500001907348651
decision_type=2 2 2 8 2 2 2 8 2 2 2 8 2 8 10 10 8 2 10 2
left_child=1 3 9 11 5 -5 8 -6 13 -3 -11 17 -8 18 -15 -13 -10 -1 -2 -4
right_child=6 2 19 4 7 -7 12 -9 16 10 -12 15 -14 14 -16 -17 -18 -19 -20 -21
leaf_value=0.021380318360241998 -0.0056040665793893564 -0.0056040665793893564 -0.0056040665793893564 3.2350573944326581e-07 0.0021633831531860715 0.0073733584159623236 -0.003082337917595573 0.021380318360241998 -0.018631561761733792 0.017548611628891653 0.0010992451012914514 0.022590543741818875 -0.0056040665793893564 -0.01198303016878576 -0.0056040665793893564 0.048812490417680723 -0.0056040665793893564 0.030193032764385137 -0.017328465267662119 -0.0044762379606821234
leaf_weight=130.02040732651949 3.3292028270661822 16.991883873939514 764.60635750740767 1146.6896437108517 43.875343237072229 1807.9399094209075 1656.1578833088279 148.7388181835413 15.376776069402693 149.02427409589291 60.923757493495941 10.411775812506677 185.03146922215819 714.03684147447348 26.162970885634422 9.5440435856580716 166.73024241998792 28.97751572728157 155.4333776421845 77.109603486955166
leaf_count=836 67 89 7937 11745 387 13256 23794 1203 304 790 294 62 2824 14966 504 59 3187 120 3368 1001
internal_value=-2.5471e-05 0.00419904 -0.00212881 0.00623211 0.00536426 0.00451286 -0.00637808 0.0183337 -0.0108517 0.0107289 0.0128031 0.0213803 -0.00560407 -0.0124496 -0.0114451 0.0368623 -0.00560407 0.0192189 -0.0170319 -0.00560407
internal_weight=7317.11 4394.85 1068.66 3326.2 3147.24 2954.63 2922.26 192.614 1081.07 226.94 209.948 178.954 1841.19 898.962 740.2 19.9558 182.107 158.998 158.763 841.716
internal_count=86793 37779 10111 27668 26591 25001 49014 1590 22396 1173 1084 1077 26618 18905 15470 121 3491 956 3435 8938
is_linear=0
shrinkage=0.02


Tree=54
num_leaves=22
num_cat=0
split_feature=1 14 7 11 1 1 3 8 12 10 7 2 1 3 7 3 22 12 8 8 22
split_gain=476.888 115.264 111.749 86.6696 79.625 70.7162 40.8588 29.8735 23.2576 22.7181 18.3203 17.532 25.4898 16.2678 17.2291 11.3188 10.0984 7.79123 17.2908 5.98325 5.46701
threshold=0.37962783873081213 1.0000000180025095e-35 1.0000000180025095e-35 8.1025457382202166 1.2056658864021303 0.27737425267696386 23.349999427795414 3.8561130762100224 12.95816230773926 2.5000000000000004 1.0000000180025095e-35 4.9500000476837167 1.3973459601402285 4.2500000000000009 1.0000000180025095e-35 8.5500001907348651 0.086948394775390639 7.0499846935272226 1.7891100049018862 7.6844685077667245 0.10327362269163133
decision_type=2 8 10 8 2 2 2 10 10 10 10 2 2 2 8 2 8 10 10 10 10
left_child=5 8 3 9 -5 6 15 11 10 -3 17 -4 -12 -7 18 20 -17 -2 -15 -16 -1
right_child=1 2 7 4 -6 13 -8 -9 -10 -11 12 -13 -14 14 19 16 -18 -19 -20 -21 -22
leaf_value=-0.016667192332937779 0.021862562868514318 0.014482755534337532 0.0024820194598009541 0.0024820194598009541 0.014890525847668382 -0.0085095991530651643 -0.0037790609202397454 0.0024820194598009541 0.042297817358061346 0.006058221890292083 0.0024820194598009541 -0.0037790609202397454 0.021862562868514318 -0.0037790609202397454 -0.0037790609202397454 -0.01474008655847066 -0.0093894159121555611 0.033106998412860487 0.0024820194598009541 0.0024820194598009541 -0.0085095991530651643
leaf_weight=191.2507073841989 81.61555340886116 416.67404579371214 91.207412950694561 2497.8744598031044 224.62141691148281 290.42102102190256 39.149276178330183 161.00847753882408 14.808658413588999 187.79713467508554 59.768324121832848 796.17776287347078 18.364693626761436 102.56036906689405 951.32483261823654 176.89331466332078 779.07532325387001 27.428813144564629 186.43998334184289 24.260750085115433 17.549708858132362
leaf_count=4545 416 2757 595 22792 1075 5167 650 1543 81 1373 351 7790 76 1409 14285 3557 15176 143 2567 382 408
internal_value=-3.35908e-05 0.00392496 0.00324063 0.00503452 0.00351088 -0.00660028 -0.0102381 -0.00245149 0.0186598 0.0118797 0.0165748 -0.00377906 0.0090121 -0.00377906 -0.00377906 -0.0113389 -0.0103939 0.0218626 0.00160797 -0.00377906 -0.0155956
internal_weight=7336.27 4577.35 4375.36 3326.97 2722.5 2758.93 1203.92 1048.39 201.986 604.471 187.177 887.385 78.133 1555.01 1264.59 1164.77 955.969 109.044 289 975.586 208.8
internal_count=87138 38992 37925 27997 23867 48146 24336 9928 1067 4130 986 8385 427 23810 18643 23686 18733 559 3976 14667 4953
is_linear=0
shrinkage=0.02


Tree=55
num_leaves=19
num_cat=0
split_feature=0 12 1 25 6 1 24 12 15 13 2 0 22 22 13 22 0 12
split_gain=461.731 137.182 143.788 126.658 110.174 62.9073 52.7414 32.3804 28.927 26.2466 21.5562 19.6983 14.7474 10.2018 7.26961 3.81144 0.647536 0.628107
threshold=19.273557662963871 6.6955211162567148 0.6680140793323518 1.0000000180025095e-35 1.0000000180025095e-35 0.27622883021831518 1.0000000180025095e-35 7.1894831657409677 1.5000000000000002 4.4542806148529062 26.94999980926514 5.658621311187745 0.38600337505340582 0.42969700694084173 1.5305603146553042 0.10761697962880136 9.2603988647460955 8.8806543350219744
decision_type=2 10 2 2 2 2 2 10 10 10 2 2 10 10 10 10 2 8
left_child=1 2 3 5 6 -1 -4 10 9 12 -2 -6 -3 17 15 -12 -5 -10
right_child=7 8 4 16 11 -7 -8 -9 13 -11 14 -13 -14 -15 -16 -17 -18 -19
leaf_value=-0.0081268020612720038 -0.0081268020612720038 0.020956815203428892 0.0075710129107373417 -0.00033609116154454272 0.0094523954753225146 0.0012412892399431296 0.017064506322968895 0.0092204613226415585 0.0039097754823006715 0.045275750162979141 -0.014540268961617172 0.0012412892399431296 0.0092204613226415585 0.028418436527953866 -0.0081268020612720038 -0.0081268020612720038 -0.0081268020612720038 0.0092204613226415585
leaf_weight=187.80235636234283 1622.6273224316537 151.98668217286468 1045.6940329968929 48.211053319275379 139.27164515852928 2260.1396545954049 302.24115125089884 41.390130970627069 65.949532568454742 15.838981732726095 327.56943928450346 555.97483400255442 19.541386544704437 10.878093980252741 42.928600255399942 25.526635408401489 406.0191868878901 30.44666650146246
leaf_count=2996 29029 1120 6948 538 752 22108 1693 693 529 89 7749 5167 113 66 1007 587 5327 223
internal_value=-0.000106972 0.00304688 0.00225524 -0.000606409 0.00631829 0.00124129 0.00971077 -0.0081268 0.0162814 0.021058 -0.00848688 0.00124129 0.0185723 0.00922046 -0.0128748 -0.0139298 -0.0081268 0.00922046
internal_weight=7300.04 5240 4945.35 2902.17 2043.18 2447.94 1347.94 2060.04 294.641 187.367 2018.65 695.246 171.528 107.274 396.025 353.096 454.23 96.3962
internal_count=86734 47669 45529 30969 14560 25104 8641 39065 2140 1322 38372 5919 1233 818 9343 8336 5865 752
is_linear=0
shrinkage=0.02


Tree=56
num_leaves=20
num_cat=0
split_feature=0 48 1 25 1 6 1 3 11 35 2 42 1 3 33 3 13 2 12
split_gain=425.3 138.101 160.538 116.323 91.3105 46.9935 43.4803 28.2717 26.3052 25.6459 22.9198 21.4799 19.0979 14.4026 6.79819 5.06205 4.95221 4.3848 0.728883
threshold=19.193097114562992 1.0000000180025095e-35 0.91811931133270275 1.0000000180025095e-35 0.32725246250629431 1.0000000180025095e-35 0.65390685200691234 13.050000190734865 4.1239080429077157 1.0000000180025095e-35 27.050000190734867 1.0000000180025095e-35 1.6381919384002688 19.349999427795414 1.0000000180025095e-35 8.9499998092651385 0.76088988780975353 32.850000381469734 4.3545050621032724
decision_type=2 2 2 2 2 2 2 2 8 2 2 2 2 2 2 2 10 2 10
left_child=1 2 3 4 -1 9 -5 8 16 -4 -2 -10 -7 14 17 -16 -3 -12 -9
right_child=10 7 5 6 -6 12 -8 18 11 -11 13 -13 -14 -15 15 -17 -18 -19 -20
leaf_value=-0.0066832926277475601 -0.007712570568094399 0.00087086321503624157 0.011341144837385188 -0.007712570568094399 0.0037023865356183377 0.0037023865356183377 -0.0010532827467332659 -0.007712570568094399 0.028821879516905891 0.032178389462900608 -0.014187906664471634 0.0023666393677802358 0.019657319802904312 -0.007712570568094399 -0.013874506617946113 -0.007712570568094399 0.016916357921219417 -0.020522669896229685 0.00058687029308807223
leaf_weight=387.13569467514753 1680.387953016907 23.287399478256702 712.94721677154303 433.29597360268235 2656.4772767797112 331.73852696269751 466.79532606899738 5.734032601118086 121.17050057649612 23.792804896831512 201.6823504678905 13.856581561267374 29.393327191472054 19.467329047620296 61.158375557512045 34.667232815176249 10.577733486890791 65.21496806293726 5.2316024750471115
leaf_count=5573 30149 134 3673 5644 23554 2390 5078 69 812 111 4899 93 132 395 1398 775 60 1693 59
internal_value=-2.55396e-05 0.0030119 0.0023954 0.00051155 0.00237961 0.0091558 -0.00580082 0.0201842 0.0222102 0.0120568 -0.00771257 0.0261444 0.00370239 -0.0126198 -0.0141447 -0.00940035 0.0062241 -0.0158066 -0.00771257
internal_weight=7284.01 5221.43 5041.58 3943.7 3043.61 1097.87 900.091 179.858 168.892 736.74 2062.58 135.027 361.132 382.19 362.723 95.8256 33.8651 266.897 10.9656
internal_count=86691 47382 46155 39849 29127 6306 10722 1227 1099 3784 39309 905 2522 9160 8765 2173 194 6592 128
is_linear=0
shrinkage=0.02


Tree=57
num_leaves=21
num_cat=0
split_feature=0 12 1 25 6 18 3 12 25 15 13 2 22 33 1 3 3 3 12 0
split_gain=444.058 146.204 148.146 106.886 100.369 58.0081 55.534 36.7791 30.3176 26.4717 25.1147 21.8011 12.5661 12.5657 6.71335 7.24091 5.4282 3.26643 2.90286 2.34529
threshold=19.273557662963871 6.6955211162567148 0.63330608606338512 1.0000000180025095e-35 1.0000000180025095e-35 1.0000000180025095e-35 12.84999990463257 7.1894831657409677 1.0000000180025095e-35 1.5000000000000002 5.725156545639039 27.650000572204593 0.38600337505340582 1.0000000180025095e-35 0.69653239846229564 1.2500000000000002 19.349999427795414 8.9499998092651385 10.926615238189699 10.647534847259523
decision_type=2 10 2 2 2 10 2 10 2 10 10 2 10 2 2 2 2 2 8 2
left_child=1 2 3 6 5 -4 -1 11 -6 10 12 -2 -3 16 18 -16 -13 -15 -11 -5
right_child=7 9 4 19 8 -7 -8 -9 -10 14 -12 13 -14 17 15 -17 -18 -19 -20 -21
leaf_value=0.000965498940871864 -0.007781533785471687 0.021429649916814623 0.0084008920998644085 -0.0024148128340208386 0.0062154565437985004 0.027465513034641582 -0.007781533785471687 0.01051990330246527 -0.0024148128340208386 0.0021641220443598804 0.049914952798972914 -0.016155078069894042 0.01051990330246527 -0.013045877228114251 0.01051990330246527 0.027758113130259818 -0.007781533785471687 -0.007781533785471687 0.01051990330246527 -0.007781533785471687
leaf_weight=2123.7191423401237 1655.6164319738746 159.40712354704738 1410.1609720140696 98.814143903553486 235.56210408359766 66.124173454940319 229.38511992618442 42.184875667095184 521.32387690991163 69.270491901785135 10.970367953181265 233.00291792303324 19.41870254278183 54.819165177643299 12.947484552860258 19.73193321377039 10.81604792550206 34.677630607038736 8.8977856487035734 293.38224201649427
leaf_count=20799 30257 1153 9252 1234 1475 393 3595 707 5042 593 59 5911 112 1280 64 109 231 769 70 3931
internal_value=0.00016309 0.00322064 0.00240093 -0.000710877 0.00622497 0.00927283 0.000965499 -0.00778153 0.000965499 0.0167417 0.0213494 -0.0081748 0.0193291 -0.0129956 0.0105199 0.0201964 -0.0153909 -0.00778153 0.0105199 -0.00778153
internal_weight=7310.23 5279.12 4978.47 2745.3 2233.17 1476.29 2353.1 2031.12 756.886 300.644 189.796 1988.93 178.826 333.316 110.848 32.6794 243.819 89.4968 78.1683 392.196
internal_count=87036 47881 45721 29559 16162 9645 24394 39155 6517 2160 1324 38448 1265 8191 836 173 6142 2049 663 5165
is_linear=0
shrinkage=0.02


Tree=58
num_leaves=21
num_cat=0
split_feature=2 3 25 7 40 2 3 3 6 2 7 38 3 3 13 22 3 2 3 2
split_gain=375.107 129.416 146.892 105.452 83.4948 81.3775 51.2752 48.816 44.1662 35.1175 22.8269 17.1034 9.83739 6.55199 6.16606 5.00116 4.64357 3.37989 3.10414 0.322268
threshold=16.750000000000004 12.650000095367433 1.0000000180025095e-35 1.0000000180025095e-35 1.0000000180025095e-35 7.7500000000000009 25.849999427795414 28.349999427795414 1.0000000180025095e-35 26.94999980926514 1.5000000000000002 1.0000000180025095e-35 3.0499999523162846 20.849999427795414 1.5640919208526614 0.10184820741415025 1.2500000000000002 32.850000381469734 23.650000572204593 9.6500000953674334
decision_type=2 2 2 10 2 2 2 2 2 2 10 2 2 2 10 10 2 2 2 2
left_child=1 2 3 4 -1 8 11 9 -4 16 -5 13 -7 -3 15 -11 -2 -16 -18 -8
right_child=7 6 5 10 -6 12 19 -9 -10 14 -12 -13 -14 -15 17 -17 18 -19 -20 -21
leaf_value=0.0059034874318434159 -0.0050756323857338451 -0.0073214483741006814 0.0072139176135377261 0.0021770825586258252 0.013976241695300373 -0.0037685776151736893 0.052737077502080502 0.036897595070514176 -0.002055123187091462 -0.014990844061750219 -0.0050756323857338451 0.021335243130195962 -0.0073214483741006814 0.0030191208559323243 -0.0073214483741006814 -0.0073214483741006814 -0.0073214483741006814 -0.017835761525003737 0.0030191208559323243 0.036897595070514176
leaf_weight=1875.7207356914878 162.3730009868741 472.39480578899384 415.09669772163033 498.17210041731596 705.90528862178326 319.68840247392654 4.9402300231158716 5.1092173010110846 405.83852109313011 317.53075572103262 265.12936484068632 7.4271024316549292 288.93108977377415 26.274703040719032 32.491242166608572 28.049717918038368 1423.281960207969 12.363400746136902 8.1256847605109197 4.6974334754049778
leaf_count=14864 2327 8037 3073 4231 5704 3675 72 88 3718 7811 2355 116 3716 488 773 668 24528 306 145 75
internal_value=7.99243e-05 0.00286398 0.00389232 0.00618514 0.00811541 -0.00147309 -0.0066451 -0.00732145 0.00263474 -0.00749697 -0.00034546 -0.00732145 -0.00700916 -0.00732145 -0.0133364 -0.0142592 -0.00732145 -0.00732145 -0.00732145 0.0368976
internal_weight=7279.54 5290.22 4774.48 3344.93 2581.63 1429.55 515.734 1989.32 820.935 1984.22 763.301 506.097 608.619 498.67 390.435 345.58 1593.78 44.8546 1431.41 9.63766
internal_count=86770 50124 41336 27154 20568 14182 8788 36646 6791 36558 6586 8641 7391 8525 9558 8479 27000 1079 24673 147
is_linear=0
shrinkage=0.02


Tree=59
num_leaves=22
num_cat=0
split_feature=2 3 32 11 8 2 2 8 3 2 3 3 3 3 48 3 3 3 8 2 3
split_gain=342.125 135.222 142.354 97.9379 98.0671 69.6086 66.1171 47.5942 28.3791 22.4445 21.3788 18.2574 16.7531 9.70299 9.62978 6.13347 19.715 4.95853 3.65624 2.65664 2.53874
threshold=17.349999427795414 12.650000095367433 1.0000000180025095e-35 8.608427047729494 2.8287092447280888 5.4500000476837167 1.2500000000000002 1.7891100049018862 3.9500000476837163 27.050000190734867 11.949999809265138 25.849999427795414 0.15000000223517421 9.8499999046325701 1.0000000180025095e-35 25.849999427795414 28.349999427795414 11.250000000000002 4.1630630493164071 34.049999237060554 3.6499999761581425
decision_type=2 2 2 10 10 2 2 10 2 2 2 2 2 2 2 2 2 2 10 2 2
left_child=1 2 3 4 -1 8 -3 -5 -4 10 -2 14 -7 19 -8 18 17 -15 -12 20 -11
right_child=9 6 5 7 -6 12 11 -9 -10 13 15 -13 -14 16 -16 -17 -18 -19 -20 -21 -22
leaf_value=0.0058310893387928473 -0.006238715825230519 0.062152058924110104 0.0088952790433023537 -0.0058713130582955311 0.01720618801359021 0.0088952790433023537 -0.0085503534718648754 0.0034898436415024348 -0.0024576043546421299 -0.011385644773745818 -0.01171577140616531 0.021975566306134908 -0.006238715825230519 -0.006238715825230519 0.005344030986580298 0.0085551420012984405 0.0085551420012984405 -0.01171577140616531 -0.0085503534718648754 -0.020329354328117527 -0.016355842860413684
leaf_weight=2573.5792589150369 1060.556109007448 4.5042461045086375 221.08155281841755 370.2983471006155 343.13384169340134 25.969213202595711 516.89061763882637 522.62667765468359 145.36962220817804 85.34495434910059 305.47542988136411 7.3062805086374274 719.14229511097074 27.480754278600216 20.112094555050135 5.7376660630106917 2.8111024089157572 97.022944286465645 68.127154350280762 42.464459404349327 114.13537517562509
leaf_count=21026 17484 62 1137 3757 2310 252 9073 5131 1434 2104 6327 110 7775 680 235 99 48 2365 1379 1143 2844
internal_value=1.981e-05 0.00251352 0.00356389 0.00540099 0.00717474 -0.00273155 -0.0068945 -0.000394478 0.00439721 -0.00751718 -0.00751718 -0.00751718 -0.00623872 -0.0124568 -0.00802101 -0.0109912 -0.0109912 -0.0109912 -0.0109912 -0.0154349 -0.0142968
internal_weight=7279.17 5470.01 4921.2 3809.64 2916.71 1111.56 548.813 892.925 366.451 1809.16 1439.9 544.309 745.112 369.26 537.003 379.34 127.315 124.504 373.603 241.945 199.48
internal_count=86775 52302 42822 32224 23336 10598 9480 8888 2571 34473 25289 9418 8027 9184 9308 7805 3093 3045 7706 6091 4948
is_linear=0
shrinkage=0.02


Tree=60
num_leaves=24
num_cat=0
split_feature=1 6 1 1 12 36 8 12 12 2 24 8 12 42 40 11 12 15 8 11 11 22 1
split_gain=365.979 124.21 87.8562 70.1509 58.224 52.9609 46.3897 45.2082 68.4755 50.0219 36.3868 24.8461 19.7648 17.6041 15.6327 15.3217 15.2486 12.1529 13.4716 9.66505 7.85263 6.54999 4.38138
threshold=0.37962783873081213 1.0000000180025095e-35 0.6680140793323518 0.27737425267696386 4.8498277664184579 1.0000000180025095e-35 3.7363115549087529 6.8092269897460946 6.9294900894165048 5.4500000476837167 1.0000000180025095e-35 2.4166216850280766 8.8806543350219744 1.0000000180025095e-35 1.0000000180025095e-35 8.1025457382202166 4.6741912364959726 2.5000000000000004 5.643782615661622 13.260435104370119 9.1296329498291033 0.10761697962880136 0.56469392776489269
decision_type=2 2 2 2 10 2 8 10 10 2 2 8 10 2 2 10 10 8 10 10 10 10 2
left_child=3 2 4 12 6 7 -2 9 11 -3 16 19 17 -12 22 -16 -4 21 -19 -5 -9 -1 -7
right_child=1 5 10 8 -6 14 -8 20 -10 -11 13 -13 -14 -15 15 -17 -18 18 -20 -21 -22 -23 -24
leaf_value=-0.014901555947715434 -0.0029607577707050649 0.0052479771682281597 0.0066234362997872201 -0.0039659784682454201 0.0093794611463189192 0.0093794611463189192 0.003631305108488656 0.012216041842529857 0.0093794611463189192 -0.0039659784682454201 0.01805626992377854 -0.0039659784682454201 0.0093705941318926213 0.0093794611463189192 0.04918095495489043 0.0093794611463189192 0.015401656887493462 -0.0095269114035603647 -0.0039659784682454201 -0.0095269114035603647 0.032673331869909068 -0.0095269114035603647 0.0191669153920947
leaf_weight=269.3403422832489 512.34668883308768 246.62051045894623 996.21266950666904 81.742245841771364 274.21869158744812 12.470118410885336 1080.6670073717833 34.125129923224449 65.008776146918535 1003.2931429222226 288.1903073489666 1138.9521054849029 20.981872513890266 43.409034043550491 9.7439588606357557 6.2193948104977599 85.80280963331461 722.71598057076335 73.922312315553427 225.94844541698694 9.7165615111589414 56.776428785175085 18.430487647652626
leaf_count=5972 5188 1721 6560 991 1978 114 10358 209 739 10130 1580 18131 340 238 80 63 481 15296 1497 3787 70 1176 132
internal_value=0.000124404 0.00352405 0.00561949 -0.00579147 0.00276945 -0.00160441 0.00126315 -0.002367 -0.00296076 -0.00296076 0.00937946 -0.00396598 -0.00952691 0.0160146 0.0190576 0.0346158 0.00937946 -0.00988809 -0.00952691 -0.00952691 0.0173775 -0.0134748 0.010187
internal_weight=7276.86 4621.47 3280.85 2655.39 1867.23 1340.62 1593.01 1293.76 1511.65 1249.91 1413.61 1446.64 1143.74 331.599 46.864 15.9634 1082.02 1122.76 796.638 307.691 43.8417 326.117 30.9006
internal_count=86831 38902 26383 47929 17524 12519 15546 12130 23648 11851 8859 22909 24281 1818 389 143 7041 23941 16793 4778 279 7148 246
is_linear=0
shrinkage=0.02


Tree=61
num_leaves=19
num_cat=0
split_feature=0 18 11 25 0 8 12 8 2 3 21 18 3 27 15 22 12 3
split_gain=369.655 128.002 101.231 91.4543 71.3424 65.2665 52.4601 35.4205 20.596 18.3391 20.6512 16.2987 14.13 10.1431 7.4502 5.52013 1.55904 0.922119
threshold=19.193097114562992 1.0000000180025095e-35 8.608427047729494 1.0000000180025095e-35 8.6792855262756365 2.1471621990203862 7.6580505371093759 1.7478299736976626 27.650000572204593 3.3500000238418584 29.200433731079105 1.0000000180025095e-35 19.349999427795414 1.0000000180025095e-35 2.5000000000000004 0.10327362269163133 8.5654463768005389 9.8499999046325701
decision_type=2 10 10 2 2 10 10 10 2 2 10 10 2 2 10 10 10 2
left_child=1 2 3 5 -5 -1 7 -4 11 10 14 -2 13 17 -3 -15 -8 -10
right_child=8 9 6 4 -6 -7 16 -9 12 -11 -12 -13 -14 15 -16 -17 -18 -19
leaf_value=0.0042373321542107439 -0.0074690675613280771 0.040828282752727325 -0.0074690675613280771 0.002798120258176418 -0.0073404745385723712 0.012989914531892814 0.006768133965765105 -0.00095029025359339911 -0.01247757625050977 0.017130115144969794 0.017130115144969794 0.017130115144969794 -0.0074690675613280771 -0.016578536504957619 0.019934334351950952 -0.0074690675613280771 0.017130115144969794 -0.0074690675613280771
leaf_weight=2287.0580993518233 1673.1872439086437 33.455972135066986 473.27717131748796 709.38891934603453 454.75074489787221 399.97544659674168 13.811592884361742 681.38253493234515 29.7731803804636 158.19438481703401 27.09793446213007 8.6369971968233568 16.143794480711222 244.57982613146305 12.471415400505064 23.04169737547636 19.656549610197544 13.419007040560244
leaf_count=19006 31131 189 5262 5403 5707 2608 117 7311 684 1422 175 133 338 6508 64 577 143 288
internal_value=-0.000170868 0.00261162 0.0019422 0.00351652 -0.00116524 0.00554454 -0.00315942 -0.00389365 -0.00746907 0.0171301 0.027282 -0.00746907 -0.012498 -0.0141702 0.0357003 -0.0156811 0.0171301 -0.00746907
internal_weight=7279.3 5270.52 5039.3 3851.17 1164.14 2687.03 1188.13 1154.66 2008.78 231.22 73.0253 1681.82 326.958 310.814 45.9274 267.622 33.4681 43.1922
internal_count=87066 47407 45557 32724 11110 21614 12833 12573 39659 1850 428 31264 8395 8057 253 7085 260 972
is_linear=0
shrinkage=0.02


Tree=62
num_leaves=17
num_cat=0
split_feature=0 48 1 32 1 27 48 21 21 2 1 12 22 2 22 6
split_gain=367.735 128.005 127.555 113.177 93.0823 33.9428 27.292 22.5133 23.8423 21.8956 15.4284 14.4946 8.37422 5.11878 8.4205 2.11907
threshold=19.273557662963871 1.0000000180025095e-35 1.2566752433776858 1.0000000180025095e-35 0.55027195811271679 1.0000000180025095e-35 1.0000000180025095e-35 24.160090446472172 13.092922210693361 32.850000381469734 0.85203310847282421 5.6600327491760263 0.46112260222435003 6.7500000000000009 0.053425425663590438 1.0000000180025095e-35
decision_type=2 2 2 2 2 2 2 10 10 2 2 10 10 2 10 2
left_child=1 2 3 4 -1 -2 9 8 -4 11 -5 -7 13 14 -3 -11
right_child=5 12 7 10 -6 6 -8 -9 -10 15 -12 -13 -14 -15 -16 -17
leaf_value=-0.0003191454681499028 -0.0050263083134844434 0.018039739496799385 0.013288150092207879 -0.0050263083134844434 0.0059719140894838032 -0.009092661552118228 0.018039739496799385 0.0059719140894838032 0.031678700543947266 -0.020507841116035458 -0.00052749164690497679 -0.0050263083134844434 0.031975985552452284 0.018039739496799385 0.038646937093191246 -0.009092661552118228
leaf_weight=1969.4107312783599 167.75801172852516 9.4419867247343081 310.42539325356483 647.55000330880284 1799.9771017059684 1618.0682929083705 14.125307906419037 60.57330496609211 30.813187077641487 70.133335884660482 305.16794936358929 73.043635036796331 18.56232213973999 145.50298427790403 13.549666337668894 9.0031648650765401
leaf_count=21382 3148 75 1422 7723 13187 32198 197 314 135 1923 2377 1315 93 973 96 245
internal_value=-8.23635e-05 0.00264609 0.00205088 0.00112908 0.00268578 -0.00750294 -0.00881166 0.0128542 0.0150365 -0.00903597 -0.00502631 -0.00854485 0.0188526 0.0180397 0.028217 -0.0192935
internal_weight=7263.11 5310.97 5123.92 4722.11 3769.39 1952.13 1784.37 401.812 341.239 1770.25 952.718 1691.11 187.057 168.495 22.9917 79.1365
internal_count=86803 47777 46540 44669 34569 39026 35878 1871 1557 35681 10100 33513 1237 1144 171 2168
is_linear=0
shrinkage=0.02


Tree=63
num_leaves=21
num_cat=0
split_feature=1 18 12 1 32 0 12 2 3 8 18 42 12 12 35 33 22 5 2 12
split_gain=322.442 152.061 104.487 108.841 94.8798 32.6663 23.4028 19.8176 17.4436 13.611 14.7681 13.4145 12.4989 10.5104 6.53702 6.48575 5.57191 11.3757 3.92764 3.90318
threshold=0.31478744745254522 1.0000000180025095e-35 6.6955211162567148 1.0145362019538882 1.0000000180025095e-35 4.4073791503906259 7.1894831657409677 27.650000572204593 2.1499999761581425 2.2275993824005131 1.0000000180025095e-35 1.0000000180025095e-35 10.926615238189699 11.802836894989015 1.0000000180025095e-35 1.0000000180025095e-35 0.29156945645809179 1.0000000180025095e-35 32.850000381469734 5.7789437770843515
decision_type=2 10 10 2 2 2 10 2 2 8 10 2 10 10 2 2 10 2 2 10
left_child=6 2 3 4 -2 -5 7 9 16 19 -11 13 14 -4 -10 18 17 -3 -9 -1
right_child=1 8 11 5 -6 -7 -8 15 12 10 -12 -13 -14 -15 -16 -17 -18 -19 -20 -21
leaf_value=-0.011128564083884745 0.0013977916559873597 0.050057360925622352 0.014171290436972177 0.014842553320484462 -0.0061837226420373686 0.005581136053579995 0.0059673725568628443 -0.013116274946777407 0.014842553320484462 -0.0061837226420373686 0.0096907089803186016 0.0059673725568628443 0.034981684180783505 0.026366794367137698 0.027396661255481361 -0.011128564083884745 0.026366794367137698 0.026366794367137698 -0.019443466219425106 -0.0061837226420373686
leaf_weight=222.9115245193243 3473.1038372553885 14.182287320494652 191.07058022916317 209.94140711426735 814.20415225625038 557.42916835844517 50.303450852632523 165.36651405319571 118.47869499027729 1120.9372319467366 23.193867161870003 22.357480581849813 12.863472342491148 34.570576153695583 18.629751063883305 83.220577456057072 27.696230322122574 14.345385700464249 60.221662074327469 18.701626069843769
leaf_count=4153 35160 98 1348 931 9549 3129 772 4409 904 21270 327 149 83 241 127 2033 168 64 1716 323
internal_value=0.00010634 0.0024796 0.00182248 0.00119918 -4.31226e-05 0.00813094 -0.00738368 -0.00778329 0.0192884 -0.00675312 -0.00618372 0.0144706 0.0155383 0.0155383 0.0155383 -0.0123694 0.0288451 0.036899 -0.0148837 -0.0111286
internal_weight=7253.73 5508.87 5302.68 5054.68 4287.31 767.371 1744.86 1694.55 206.196 1385.74 1144.13 247.999 149.972 225.641 137.108 308.809 56.2239 28.5277 225.588 241.613
internal_count=86954 51951 50507 48769 44709 4060 35003 34231 1444 26073 21597 1738 1114 1589 1031 8158 330 162 6125 4476
is_linear=0
shrinkage=0.02


Tree=64
num_leaves=25
num_cat=0
split_feature=2 11 6 3 43 14 2 3 2 7 3 11 13 10 7 3 3 22 11 3 3 21 3 3
split_gain=274.05 115.321 126.322 65.9351 60.9715 51.721 44.7368 41.6323 35.8918 32.3131 18.1347 16.753 15.4151 12.4084 10.464 8.21825 4.45863 5.31755 3.74476 3.40194 2.75744 2.5123 0.587042 2.06663
threshold=14.250000000000002 9.3060421943664569 1.0000000180025095e-35 13.050000190734865 1.0000000180025095e-35 1.0000000180025095e-35 5.4500000476837167 25.849999427795414 27.050000190734867 1.0000000180025095e-35 14.050000190734865 16.00541973114014 5.2098793983459482 1.0000000180025095e-35 1.5000000000000002 9.8499999046325701 15.34999990463257 0.10761697962880136 15.559178352355959 3.6499999761581425 2.3500000238418584 34.837694168090827 11.250000000000002 12.449999809265138
decision_type=2 10 2 2 2 10 2 2 2 8 2 10 10 10 10 2 2 10 8 2 2 10 2 2
left_child=1 2 3 4 -1 11 14 -5 10 -8 -2 12 -3 21 -4 17 -15 19 -12 -10 -19 -7 -17 -24
right_child=8 5 6 7 -6 13 9 -9 15 -11 18 -13 -14 16 -16 22 -18 20 -20 -21 -22 -23 23 -25
leaf_value=0.0072774762521013872 -0.0051236148028990852 0.0017258102493075229 0.0067719814751846519 -0.0051236148028990852 0.051613891215322005 0.0017258102493075229 0.0045716324824325002 0.04986080104269662 -0.01220880469284299 -0.0051236148028990852 -0.0051236148028990852 0.044911137280376386 0.032231874232511448 -0.0051236148028990852 -0.0051236148028990852 -0.0051236148028990852 -0.010396021713277628 -0.017901768291986444 -0.010396021713277628 -0.017781135159446508 -0.0051236148028990852 -0.0051236148028990852 -0.019602717259093509 -0.010396021713277628
leaf_weight=2560.9811394996941 1911.7115828879178 20.758665550500158 264.09214103966951 136.72901238501072 11.496187612414358 55.388451803475618 160.50221728906035 4.6166884824633589 89.648790318518877 685.97985000163317 4.0875191390514365 7.0096765160560599 8.8177668005228025 637.20290822163224 23.863027919083834 26.089683216065168 58.257146030664444 6.0212638080120113 337.23895424231887 118.09517513215542 13.434597525745628 11.41538420319557 16.017953686416149 78.502814639359713
leaf_count=19386 28331 210 1976 2416 76 676 1372 66 2390 7085 72 76 47 7113 183 678 1166 151 7296 3181 339 150 423 1982
internal_value=7.36579e-05 0.00298289 0.00441826 0.00676036 0.00749559 -0.00392851 -0.00118558 -0.00512361 -0.00512361 -0.0035017 -0.00512361 0.0189889 0.0115774 -0.00505191 0.00561152 -0.011545 -0.00512361 -0.0145066 -0.010396 -0.0154465 -0.00512361 0.00172581 -0.010396 -0.010396
internal_weight=7247.96 4647.11 3848.26 2713.82 2572.48 798.85 1134.44 141.346 2600.85 846.482 2253.04 36.5861 29.5764 762.264 287.955 347.81 695.46 227.2 341.326 207.744 19.4559 66.8038 120.61 94.5208
internal_count=86841 41998 32560 21944 19462 9438 10616 2482 44843 8457 35699 333 257 9105 2159 9144 8279 6061 7368 5571 490 826 3083 2405
is_linear=0
shrinkage=0.02


Tree=65
num_leaves=18
num_cat=0
split_feature=1 12 1 6 25 32 36 42 8 13 2 10 3 33 2 3 3
split_gain=323.827 126.297 128.892 119.14 55.6407 45.2249 40.0286 30.0251 26.2639 16.9965 15.8629 15.8347 11.1416 8.83234 4.41016 4.07724 3.90295
threshold=0.31235727667808538 6.6955211162567148 0.55027195811271679 1.0000000180025095e-35 1.0000000180025095e-35 1.0000000180025095e-35 1.0000000180025095e-35 1.0000000180025095e-35 1.7891100049018862 5.725156545639039 26.849999427795414 3.5000000000000004 19.349999427795414 1.0000000180025095e-35 32.850000381469734 6.9500000476837167 5.2500000000000009
decision_type=2 10 2 2 2 2 2 2 8 10 2 10 2 2 2 2 2
left_child=10 2 4 5 8 -4 -5 9 -2 11 -1 -3 13 14 -12 -15 -9
right_child=1 7 3 6 -6 -7 -8 16 -10 -11 12 -13 -14 15 -16 -17 -18
leaf_value=-0.0076931729260701692 -0.0070588285711360868 0.016262668083171328 0.0091818518244336164 -0.0013589215629166119 -0.0076931729260701692 0.0020779790251487492 0.020994817810420223 0.0044971351979233732 -0.0013589215629166119 0.033782230550689581 -0.013654689968298573 -0.0076931729260701692 -0.0076931729260701692 -0.013444111416705047 -0.020360713434728433 -0.0076931729260701692 -0.0076931729260701692
leaf_weight=1308.5988878421485 351.44544920697808 245.43874468281865 1413.3012025728822 898.92055277526379 210.66623852401972 481.10420366376638 31.046466276049614 10.705824226140978 1873.5034607648849 21.331935659050941 202.77757353708148 10.727965105324982 19.550189312547445 50.200240399688482 55.647632945328951 44.132394213229418 15.135249219834803
leaf_count=24553 4133 1721 9188 8060 2849 3674 237 64 22349 106 5384 78 428 1255 1650 1072 104
internal_value=-3.01322e-06 0.00232146 0.00159636 0.00450298 -0.00177467 0.0073798 -0.00135892 0.0148484 -0.00135892 0.0167645 -0.00769317 0.0152215 -0.0118351 -0.0132492 -0.0151716 -0.00787861 -0.00558615
internal_weight=7244.23 5563.33 5259.99 2824.37 2435.62 1894.41 929.967 303.34 2224.95 277.499 1680.91 256.167 372.308 352.758 258.425 94.3326 25.8411
internal_count=86905 52563 50490 21159 29331 12862 8297 2073 26482 1905 34342 1799 9789 9361 7034 2327 168
is_linear=0
shrinkage=0.02


Tree=66
num_leaves=20
num_cat=0
split_feature=0 18 1 32 1 1 0 32 21 8 27 0 3 11 11 11 3 22 1
split_gain=324.884 118.377 90.8143 116.233 66.796 33.2412 28.2227 27.4383 18.6895 17.5057 17.0005 23.6717 10.1388 9.68504 18.1472 11.0363 8.75423 1.54586 0.863367
threshold=19.273557662963871 1.0000000180025095e-35 1.0145362019538882 1.0000000180025095e-35 0.55027195811271679 0.31235727667808538 3.9083231687545781 1.0000000180025095e-35 31.844388008117679 2.5962972640991215 1.0000000180025095e-35 28.253318786621097 18.94999980926514 6.7087194919586191 16.479555130004886 23.223414421081547 0.65000000596046459 0.050400044769048698 0.27174687385559088
decision_type=2 10 2 2 2 2 2 2 10 8 2 2 2 8 8 8 2 8 2
left_child=1 2 3 4 -1 18 16 -8 9 -7 -2 14 15 -5 -12 -13 -4 -14 -3
right_child=10 5 6 13 -6 8 7 -9 -10 -11 11 12 17 -15 -16 -17 -18 -19 -20
leaf_value=-0.00011247323187056168 -0.006163583171286395 -0.00011247323187056168 0.0095246410500973502 -0.00011781943006307768 0.0054776502654265112 0.015713730869241535 0.0095246410500973502 0.0010313042272609555 0.015713730869241535 0.030573722409283986 -0.00011781943006307768 -0.00011781943006307768 -0.015894538350441932 -0.006163583171286395 -0.0071054656064529495 -0.01477411205168015 0.015713730869241535 -0.0071054656064529495 0.0065175540443112084
leaf_weight=1975.1361014731228 166.72510648146272 22.117646362632513 34.736089423298836 106.0279499143362 1506.5766099616885 46.393519565463066 389.44027025997639 249.72616049647331 80.387138769030571 78.675703294575214 90.695595059543848 4.8531137444078913 10.901494074612854 689.01135225594044 1256.4344904758036 320.91594052873552 120.8195606470108 53.721744697540998 10.926307354122399
leaf_count=21144 3194 324 152 1007 11398 297 1963 1535 580 530 1483 112 242 8084 24100 8734 507 1187 129
internal_value=-6.44441e-06 0.00253528 0.00188601 0.00073152 0.00230731 0.0162759 0.00809008 0.00621304 0.0192775 0.0247722 -0.00709162 -0.00837202 -0.0127132 -0.00616358 -0.00710547 -0.0141929 0.0157137 -0.00710547 -0.000112473
internal_weight=7214.22 5309.97 5071.47 4276.75 3481.71 238.5 794.722 639.166 205.456 125.069 1904.25 1737.52 390.392 795.039 1347.13 325.769 155.556 64.6232 33.044
internal_count=86702 47650 45790 41633 32542 1860 4157 3498 1407 827 39052 35858 10275 9091 25583 8846 659 1429 453
is_linear=0
shrinkage=0.02


Tree=67
num_leaves=21
num_cat=0
split_feature=0 32 11 0 35 1 13 2 3 21 3 11 9 1 3 24 2 54 3 13
split_gain=301.356 111.808 93.0881 78.6256 73.0399 56.7845 37.9857 32.308 30.6152 20.3046 17.0431 13.9574 11.1418 7.22765 10.0883 6.83398 5.21424 1.31475 0.318643 0.143454
threshold=18.221827507019047 1.0000000180025095e-35 10.730720520019533 4.4073791503906259 1.0000000180025095e-35 0.55027195811271679 5.725156545639039 26.849999427795414 12.650000095367433 35.634487152099616 19.349999427795414 8.784886837005617 1.0000000180025095e-35 0.21755004674196246 9.8499999046325701 1.0000000180025095e-35 1.8499999642372134 1.0000000180025095e-35 1.0000000180025095e-35 1.7511229515075686
decision_type=2 2 10 2 2 2 10 2 2 8 2 8 10 2 2 2 2 2 2 10
left_child=1 2 4 16 5 -1 12 18 -6 11 13 -5 -4 19 -15 -11 -3 -18 -2 -9
right_child=7 3 6 9 8 -7 -8 10 -10 15 -12 -13 -14 14 -16 -17 17 -19 -20 -21
leaf_value=0.0011738976038060402 -0.0092184373129078779 0.020902769027370198 0.00046017679122686681 0.011974879716805296 0.01789273804793896 0.0067293808217729345 0.031729561392312387 -0.019339986069689351 -0.0052580559012296137 -0.0052580559012296137 -0.0052580559012296137 -0.0029127324838720205 -0.0052580559012296137 -0.013650391375652561 -0.0052580559012296137 -0.00022577308832188805 0.011974879716805296 0.020902769027370198 -0.0052580559012296137 -0.013650391375652561
leaf_weight=1195.421145465225 8.8889553435146791 27.000047229230404 165.47134092822671 44.656713176518679 223.02148796617985 1915.7819801419973 11.185262713581322 69.946389717981219 10.717211384326218 766.14462057501078 19.015378754585981 55.507480505853891 408.67999970167875 211.3411998655647 54.014448743313551 122.92877251282334 79.263485088944435 14.239127323031424 1817.7345829829574 8.3885629437863809
leaf_count=12087 143 117 1728 375 1686 13067 65 2005 157 8062 421 600 4441 5710 1419 1118 356 70 33177 232
internal_value=-0.000152084 0.0025392 0.00412189 -0.00306475 0.00540929 0.00459585 -0.00323174 -0.00634597 0.016171 -0.00492536 -0.0117953 0.00377745 -0.00396682 -0.0133173 -0.0116529 -0.00525806 0.0121243 0.0119749 -0.00525806 -0.0187373
internal_weight=7229.35 5040.02 3930.28 1109.74 3344.94 3111.2 585.337 2189.33 233.739 989.238 362.706 100.164 574.151 343.691 265.356 889.073 120.503 93.5026 1826.62 78.335
internal_count=87036 43929 33231 10698 26997 25154 6234 43107 1843 10155 9787 975 6169 9366 7129 9180 543 426 33320 2237
is_linear=0
shrinkage=0.02


Tree=68
num_leaves=18
num_cat=0
split_feature=1 18 14 11 25 12 28 2 3 1 5 8 21 21 12 3 12
split_gain=296.222 140.941 93.2865 77.9287 78.992 37.8683 26.5049 23.1759 17.0712 15.1242 14.5312 21.4157 10.9936 3.10436 2.49385 1.64065 0.700038
threshold=0.31235727667808538 1.0000000180025095e-35 1.0000000180025095e-35 8.608427047729494 1.0000000180025095e-35 8.3108325004577654 1.0000000180025095e-35 32.850000381469734 23.349999427795414 0.25782336294651037 1.0000000180025095e-35 2.8232434988021855 32.570604324340827 31.713248252868656 1.3828456997871401 19.849999427795414 6.3961360454559335
decision_type=2 10 8 10 2 10 2 2 2 2 2 8 10 8 10 2 10
left_child=6 2 14 4 -4 -5 7 8 9 -1 11 13 -13 -3 -2 -9 -16
right_child=1 10 3 5 -6 -7 -8 15 -10 -11 -12 12 -14 -15 16 -17 -18
leaf_value=-0.010641681604113353 0.0052139366575703373 0.027882785329663005 0.0044130248212330544 -0.0034928062380482818 -0.0018953771833188152 0.015252161372088178 -0.0034928062380482818 -0.020388326277365643 -0.0034928062380482818 -0.006467036213503358 0.015252161372088178 0.035587220276319997 0.019173186496178045 0.015252161372088178 0.012950975015698571 -0.010641681604113353 0.015252161372088178
leaf_weight=640.38715544342995 11.208180345594881 9.954483784735201 2697.1315501481295 1311.1318088695407 1124.3596174307168 15.886109031736849 131.75622899085283 66.011062107980251 17.694412838667631 774.95240032300353 68.971909984946251 49.855292536318302 30.740103799849749 47.952382519841194 107.73309672996402 6.6090156696736804 73.576389495283365
leaf_count=14144 54 67 23335 15788 10723 146 2661 2035 310 14794 409 360 216 357 566 143 393
internal_value=4.36592e-05 0.00224973 0.00161971 0.00110709 0.00255696 -0.00306694 -0.00742862 -0.00838056 -0.00781103 -0.00836208 0.0183828 0.0228666 0.0296384 0.0152522 0.0152522 -0.0193604 0.0152522
internal_weight=7185.91 5548.5 5341.03 5148.51 3821.49 1327.02 1637.41 1505.65 1433.03 1415.34 207.474 138.502 80.5954 57.9069 192.518 72.6201 181.309
internal_count=86501 52414 51005 49992 34058 15934 34087 31426 29248 28938 1409 1000 576 424 1013 2178 959
is_linear=0
shrinkage=0.02


Tree=69
num_leaves=20
num_cat=0
split_feature=1 48 1 25 24 35 0 19 48 10 2 1 28 22 18 3 2 13 28
split_gain=274.896 138.99 108.901 93.4784 83.0897 59.0676 56.5537 48.2721 21.3924 13.7254 13.4759 13.308 11.8825 7.77623 5.36215 1.88452 1.61141 1.05549 0.304327
threshold=0.31235727667808538 1.0000000180025095e-35 0.63330608606338512 1.0000000180025095e-35 1.0000000180025095e-35 1.0000000180025095e-35 18.221827507019047 1.0000000180025095e-35 1.0000000180025095e-35 1.0000000180025095e-35 32.850000381469734 0.594089835882187 1.0000000180025095e-35 0.25833809375762945 1.0000000180025095e-35 19.849999427795414 4.8500001430511483 0.46905632317066198 1.0000000180025095e-35
decision_type=2 2 2 2 2 2 2 10 2 10 2 2 2 8 10 2 2 10 2
left_child=8 2 3 6 7 -6 -2 -4 10 13 18 14 15 -3 -11 -12 -5 -13 -1
right_child=1 9 4 16 5 -7 -8 -9 -10 11 12 17 -14 -15 -16 -17 -18 -19 -20
leaf_value=-0.0073758637806672113 0.0022564111934176515 0.043216770798304827 0.0022564111934176515 0.0022564111934176515 0.010760325010780532 0.044875682859913495 -0.0040954800536877438 0.019454843919009205 0.0099557969851725037 0.0099557969851725037 -0.020366543897126981 0.020618554494246415 -0.0072650258503906898 0.026860668609550692 0.020618554494246415 -0.0073758637806672113 -0.0072650258503906898 0.026860668609550692 -0.0072650258503906898
leaf_weight=1406.9018159881234 1917.9386396035552 13.324005380272864 1805.4362072572112 39.23882819712162 437.43382810801268 20.430686309933662 791.13241821527481 66.74287111312151 27.541330322623253 61.201795823872089 64.255310565233231 13.876519143581392 11.699103921651838 53.024696730077267 19.104146480560303 6.3993385545909396 333.86261399462819 12.460244387388228 119.89999723806977
leaf_count=29218 17624 104 13541 454 2455 108 12631 292 321 403 2018 68 286 325 115 140 4510 60 2389
internal_value=-5.94379e-05 0.00205302 0.00148709 -0.000979588 0.00474903 0.0123771 0.000400636 0.00287788 -0.00726503 0.0196483 -0.00756577 0.0149532 -0.0154534 0.0268607 0.0106724 -0.0193093 -0.00726503 0.0268607 -0.00726503
internal_weight=7221.9 5585.21 5412.22 3082.17 2330.04 457.865 2709.07 1872.18 1636.7 172.991 1609.16 106.643 82.3538 66.3487 80.3059 70.6546 373.101 26.3368 1526.8
internal_count=87062 52690 51615 35219 16396 2563 30255 13833 34372 1075 34051 646 2444 429 518 2158 4964 128 31607
is_linear=0
shrinkage=0.02


Tree=70
num_leaves=21
num_cat=0
split_feature=0 6 1 7 3 3 18 35 13 10 0 2 2 28 36 22 2 22 22 3
split_gain=267.292 125.932 75.2717 65.4514 56.7232 39.4323 32.2986 29.4245 29.0245 25.2715 24.6275 20.7292 20.6519 14.8282 14.571 12.7538 11.7277 7.43848 6.59148 2.96595
threshold=14.441087245941164 1.0000000180025095e-35 0.29377762973308569 1.0000000180025095e-35 2.8500000238418584 23.349999427795414 1.0000000180025095e-35 1.0000000180025095e-35 4.8625376224517831 1.5000000000000002 5.658621311187745 7.4500000476837167 26.94999980926514 1.0000000180025095e-35 1.0000000180025095e-35 0.38600337505340582 4.2500000000000009 1.1769502162933352 0.10184820741415025 1.7500000000000002
decision_type=2 2 2 10 2 2 10 2 10 10 2 2 2 2 2 8 2 8 8 2
left_child=1 3 5 4 6 12 -1 10 -6 19 17 -9 13 -2 -12 -13 -11 -3 -14 -5
right_child=2 7 -4 9 8 -7 -8 11 -10 16 14 15 18 -15 -16 -17 -18 -19 -20 -21
leaf_value=0.010676169011501547 -0.0083378386754203119 0.021956962777446007 -0.0019892013207941086 0.010676169011501547 0.0046180610471463213 -0.0019892013207941086 0.02735908087175799 0.041267722295783675 0.031440067440329171 0.0046180610471463213 -0.0019892013207941086 0.025115943396627764 -0.019005902063664256 -0.0019892013207941086 0.0064393627614084108 -0.0019892013207941086 -0.0019892013207941086 0.0064393627614084108 -0.011891574887371368 0.0046180610471463213
leaf_weight=754.66326645761728 797.60358025506139 11.5286827981472 2158.9532139860094 28.80513633787632 1282.0847102366388 34.897625021636486 49.018057078123093 8.6612470783293229 15.378346666693686 62.403039459139109 934.93812524527311 8.6600547134876269 69.081961767747998 55.59619452804327 34.395642794668674 17.308531314134598 338.88184509426355 131.46562112867832 268.73882759548724 126.0155651755631
leaf_count=4626 16704 63 28440 195 10456 612 256 76 88 361 9271 60 2056 1083 283 128 2831 688 7437 1078
internal_value=-8.89544e-05 0.0035483 -0.00417665 0.00593832 0.00755245 -0.00813315 0.0117264 -0.0019892 0.00495994 -0.000163002 -0.0019892 0.016189 -0.00920644 -0.00753299 -0.0019892 0.00660448 -0.0019892 0.00643936 -0.0133982 0.00461806
internal_weight=7189.08 3804.21 3384.87 2657.25 2101.14 1225.92 803.681 1146.96 1297.46 556.106 1112.33 34.6298 1191.02 853.2 969.334 25.9686 401.285 142.994 337.821 154.821
internal_count=86792 30460 56332 19891 15426 27892 4882 10569 10544 4465 10305 264 27280 17787 9554 188 3192 751 9493 1273
is_linear=0
shrinkage=0.02


Tree=71
num_leaves=19
num_cat=0
split_feature=0 25 0 1 12 8 19 15 0 3 8 54 1 3 1 0 27 3
split_gain=250.566 93.1445 84.9402 82.3358 66.2712 58.8101 25.5685 22.736 19.6117 18.4252 16.2909 14.6586 12.8073 25.2887 10.4771 8.63981 5.64861 4.34135
threshold=18.314747810363773 1.0000000180025095e-35 8.6792855262756365 0.7128843665122987 5.4855608940124521 1.7478299736976626 1.0000000180025095e-35 3.5000000000000004 5.658621311187745 0.84999999403953563 5.0600924491882333 1.0000000180025095e-35 0.27737425267696386 17.94999980926514 0.22245679050683978 20.235735893249515 1.0000000180025095e-35 1.2500000000000002
decision_type=2 2 2 2 10 8 10 10 2 2 10 2 2 2 2 2 2 2
left_child=1 3 8 4 5 -1 10 -6 9 -3 -5 -10 13 14 16 -16 -2 -8
right_child=12 2 -4 6 7 -7 17 -9 11 -11 -12 -13 -14 -15 15 -17 -18 -19
leaf_value=-0.0058161776242072272 -0.010351484297974587 0.00063159979521377129 -0.0058161776242072272 0.0089213660063059402 0.0089213660063059402 0.0023446988967073625 0.032521514427529541 -0.0058161776242072272 0.00063159979521377129 0.011049542750904678 0.02129075157179007 -0.0058161776242072272 -0.0058161776242072272 -0.0058161776242072272 -0.0058161776242072272 -0.010351484297974587 -0.018092766765063936 0.02129075157179007
leaf_weight=369.29212622717023 11.697999250143765 54.037529215216637 658.72319192811847 915.17194521427155 336.65343888103962 1890.652958534658 16.36172591149807 31.536874193698168 471.35066851228476 167.69499136507511 31.787170201539993 94.129163570702076 1234.0392453111708 207.83028378523886 35.466124329715967 521.09649644605815 102.80203129537404 50.003445625305176
leaf_count=3682 280 282 8419 4939 2469 18239 68 287 3766 859 166 898 21154 4556 716 13056 2892 215
internal_value=-2.85723e-05 0.00237585 -0.00191782 0.00408082 0.00221177 0.000914522 0.00892137 0.00892137 0.00261269 0.00763952 0.00892137 0.0006316 -0.00581618 -0.00823706 -0.0105885 -0.00942196 -0.016128 0.0212908
internal_weight=7200.33 5087.4 1445.94 3641.46 2628.14 2259.95 1013.32 368.19 787.212 221.733 946.959 565.48 2112.93 878.893 671.063 556.563 114.5 66.3652
internal_count=86943 44289 14224 30065 24677 21921 5388 2756 5805 1141 5105 4664 42654 21500 16944 13772 3172 283
is_linear=0
shrinkage=0.02


Tree=72
num_leaves=20
num_cat=0
split_feature=1 12 1 24 25 0 35 8 12 43 40 2 24 12 33 0 13 3 12
split_gain=246.391 124.397 100.045 69.2952 68.0191 56.2057 56.1643 55.5139 20.4324 18.8711 20.4318 17.1429 12.8699 12.4514 9.45056 7.87433 5.68081 4.53855 0.933488
threshold=0.31478744745254522 5.9846715927124032 0.63330608606338512 1.0000000180025095e-35 1.0000000180025095e-35 4.4073791503906259 1.0000000180025095e-35 1.7478299736976626 8.3108325004577654 1.0000000180025095e-35 1.0000000180025095e-35 26.849999427795414 1.0000000180025095e-35 6.6955211162567148 1.0000000180025095e-35 10.647534847259523 1.5640919208526614 6.9500000476837167 7.0499846935272226
decision_type=2 10 2 2 2 2 2 8 10 2 2 2 2 10 2 2 10 2 10
left_child=8 2 4 5 7 -4 -5 -2 11 10 13 18 -12 -3 16 -6 -13 -16 -1
right_child=1 9 3 6 15 -7 -8 -9 -10 -11 12 14 -14 -15 17 -17 -18 -19 -20
leaf_value=-0.0068114944759016076 -0.0068114944759016076 -0.0021130662704856515 0.013315403078899526 0.0099472935009515123 0.0014422502679070836 0.0014422502679070836 0.045982258863898333 0.0011787641799066418 0.0081053899271515926 0.034680942017461573 0.01258581258872251 -0.014527221653696099 0.023426256039230077 0.0097951811021882891 -0.013260859796906959 -0.0068114944759016076 -0.0068114944759016076 -0.0068114944759016076 0.0014117065131577275
leaf_weight=1259.4525433182716 389.64199541509151 47.496845375746489 175.57054229080677 416.75531900674105 89.151409916579723 1651.8454711064696 17.158620163798332 2135.6486380696297 35.150185346603394 14.282766506075857 144.03847346827388 221.13750079460442 66.369784899055958 130.49535543099046 46.721925403922796 266.7046183757484 26.803947158157825 43.154450759291649 17.322028554975986
leaf_count=24640 4365 372 779 2336 1110 12765 92 23934 538 96 991 6499 445 894 1252 3679 778 1105 273
internal_value=-2.8434e-05 0.00199046 0.00115101 0.00429886 -0.00132028 0.00258963 0.0114747 -8.9212e-05 -0.00681149 0.0126813 0.0117853 -0.00714106 0.0160999 0.00810539 -0.0113824 -0.00681149 -0.0134303 -0.00681149 -0.00681149
internal_weight=7194.9 5545.16 5142.48 2261.33 2881.15 1827.42 433.914 2525.29 1649.74 402.683 388.4 1614.59 210.408 177.992 337.818 355.856 247.941 89.8764 1276.77
internal_count=86943 51858 49060 15972 33088 13544 2428 28299 35085 2798 2702 34547 1436 1266 9634 4789 7277 2357 24913
is_linear=0
shrinkage=0.02


Tree=73
num_leaves=23
num_cat=0
split_feature=1 12 2 32 1 15 3 3 42 7 14 10 2 33 22 8 1 3 16 2 3 3
split_gain=231.077 111.212 96.2505 82.8152 75.7071 28.2909 21.38 22.5596 19.3301 19.0603 17.0941 14.2775 14.1442 11.2185 10.6049 9.47835 7.15362 6.57727 6.55027 4.6523 1.48252 4.16796
threshold=0.31478744745254522 5.0766053199768075 4.9500000476837167 1.0000000180025095e-35 0.5447276532649995 2.5000000000000004 2.8500000238418584 0.94999998807907116 1.0000000180025095e-35 1.0000000180025095e-35 1.0000000180025095e-35 1.5000000000000002 27.650000572204593 1.0000000180025095e-35 0.53643181920051586 3.1906572580337529 0.68817996978759777 19.349999427795414 1.0000000180025095e-35 32.850000381469734 8.9499998092651385 3.6499999761581425
decision_type=2 10 2 2 2 10 2 2 2 8 10 10 2 2 8 10 2 2 10 2 2 2
left_child=12 2 6 4 -4 8 7 -2 10 -5 -3 15 -1 17 -8 -7 -13 19 -10 -14 21 -15
right_child=1 5 3 9 -6 11 14 -9 18 -11 -12 16 13 20 -16 -17 -18 -19 -20 -21 -22 -23
leaf_value=-0.0067044170675139682 0.0043564744898069857 0.023476772656972095 -0.001553566372174766 0.0023220819376219728 0.0043564744898069857 0.0018814385485300233 0.015333697033254295 0.016479675459369746 0.0068090676302050594 -0.0067044170675139682 0.012246362753088246 -0.0067044170675139682 -0.01281832730527366 -0.0067044170675139682 0.0043564744898069857 0.018365379750669038 0.0018814385485300233 -0.0067044170675139682 -0.0067044170675139682 -0.020230120392533336 -0.0067044170675139682 -0.017009584455865086
leaf_weight=1347.840811483562 89.323410585522652 67.028488919138908 1858.6035434491932 102.99549753963947 1623.4098020270467 26.149136513471603 35.623964764177799 180.05420605838299 20.805362045764923 753.54216971620917 310.38399572297931 55.015729185193777 145.88759160600603 21.055320326238871 334.99920153617859 29.549814403057098 41.033595398068428 11.708899781107901 16.230784270912409 49.977361150085926 29.258598169311881 25.720882149413228
leaf_count=26569 407 343 22393 1041 11886 212 332 805 143 8546 2415 517 4361 585 2172 231 232 277 106 1682 750 717
internal_value=-9.04753e-05 0.00185642 0.00090027 -0.000168484 0.00120232 0.0102475 0.00813429 0.012417 0.012948 -0.00573599 0.0142977 0.00283547 -0.00670442 -0.0111807 0.00499646 0.0107963 -0.00184469 -0.0137095 -0.000820317 -0.0148027 -0.00670442 -0.0115581
internal_weight=7176.2 5544.75 4978.55 4338.55 3482.01 566.197 640.001 269.378 414.449 856.538 377.412 151.748 1631.45 283.609 370.623 55.699 96.0493 207.574 37.0361 195.865 76.0348 46.7762
internal_count=86722 51781 47582 43866 34279 4199 3716 1212 3007 9587 2758 1192 34941 8372 2504 443 749 6320 249 6043 2052 1302
is_linear=0
shrinkage=0.02


Tree=74
num_leaves=19
num_cat=0
split_feature=0 48 1 24 32 27 35 11 11 2 12 3 3 13 32 3 3 3
split_gain=249.13 117.481 90.6747 77.4154 49.7393 49.3916 40.5724 21.4338 21.3036 21.3008 20.1717 13.8494 11.1012 6.8577 5.36473 5.00204 3.00097 0.35923
threshold=19.814388275146488 1.0000000180025095e-35 0.63330608606338512 1.0000000180025095e-35 1.0000000180025095e-35 1.0000000180025095e-35 1.0000000180025095e-35 4.0005929470062265 10.730720520019533 32.850000381469734 6.1451075077056894 23.349999427795414 10.050000190734865 0.4986234605312348 1.0000000180025095e-35 10.550000190734865 19.849999427795414 24.349999427795414
decision_type=2 2 2 2 2 2 2 8 10 2 10 2 2 8 2 2 2 2
left_child=1 2 14 4 -4 -2 -5 13 12 10 11 -7 -9 -3 -1 -10 -11 -18
right_child=5 7 3 6 -6 9 -8 8 15 16 -12 -13 -14 -15 -16 -17 17 -19
leaf_value=0.00021965397169641061 -0.00070228193159565936 -0.00070228193159565936 0.0051530746293928075 0.010509168686385104 -0.00070228193159565936 -0.0080982905625123485 0.038161113062663267 0.019307370575211508 0.013935487612758122 -0.020290730101646313 -0.00070228193159565936 -0.00070228193159565936 0.032458130552708651 0.014470565185506141 -0.00070228193159565936 -0.00070228193159565936 -0.0080982905625123485 -0.016435689583455031
leaf_weight=2524.2620093077421 158.05951016396284 22.075822554528713 1235.1163216307759 444.54642550647259 639.5973514020443 1425.2830232996494 21.488838747143745 103.3413498327136 8.6003169044852275 59.532529959455132 52.846782997250557 12.919370912015436 38.660689190030098 13.195231132209299 405.20089452341199 11.251974426209925 2.7141080275177947 3.5239404998719692
leaf_count=26626 3175 121 8332 2462 5426 30979 110 565 66 2015 964 249 318 68 5209 118 68 72
internal_value=0.000125236 0.00221148 0.00164277 0.00457667 0.00275995 -0.0065235 0.0118632 0.0173312 0.0203943 -0.00777387 -0.00727256 -0.00779879 0.0230897 0.00310001 -0.000702282 0.000932006 -0.0188597 -0.00809829
internal_weight=7182.22 5467.34 5270.21 2340.75 1874.71 1714.88 466.035 197.125 161.854 1556.82 1491.05 1438.2 142.002 35.2711 2929.46 19.8523 65.7706 6.23805
internal_count=86943 49421 48165 16330 13758 37522 2572 1256 1067 34347 32192 31228 883 189 31835 184 2155 140
is_linear=0
shrinkage=0.02


Tree=75
num_leaves=21
num_cat=0
split_feature=1 48 1 12 32 0 42 11 3 3 34 22 48 1 3 27 1 21 12 3
split_gain=239.489 119.147 103.839 89.8736 73.6749 22.9307 17.863 17.7331 14.8596 14.8176 16.1717 14.3863 10.9768 8.49457 9.06048 7.24192 10.5377 5.04991 2.38605 0.849687
threshold=0.31235727667808538 1.0000000180025095e-35 1.0145362019538882 5.0766053199768075 1.0000000180025095e-35 3.9083231687545781 1.0000000180025095e-35 3.1568622589111333 0.65000000596046459 1.0500000119209292 1.0000000180025095e-35 0.086948394775390639 1.0000000180025095e-35 0.2819118350744248 22.150000572204593 1.0000000180025095e-35 0.25782336294651037 29.954905509948734 3.690216183662415 5.8500001430511483
decision_type=2 2 2 10 2 2 2 8 2 2 2 8 2 2 2 2 2 10 10 2
left_child=11 2 3 4 -2 8 -5 -3 -4 -9 -11 13 15 14 17 -13 -17 -1 -7 -15
right_child=1 7 5 6 -6 18 -8 9 -10 10 -12 12 -14 19 -16 16 -18 -19 -20 -21
leaf_value=-0.0091483897364070792 0.00064066960257471242 0.00060581729031573286 0.0078112366977028478 0.0078112366977028478 -0.0061241995047956353 0.0055062996442638056 -0.0061605456043136598 0.041251159762531062 0.018512513946683091 0.020978799486887474 0.0027327262223616716 -0.0061605456043136598 0.00060581729031573286 -0.0091483897364070792 -0.0061605456043136598 -0.009822637449995994 -0.0061605456043136598 -0.016865136318751247 0.0078112366977028478 -0.0061605456043136598
leaf_weight=51.383345616981387 3323.4173735044897 21.144689068198204 34.402299717068672 394.92732561007142 797.6854036450386 612.46213546395302 38.891848158091307 11.888891376554964 132.06399855017662 125.72389160841703 23.334296151995659 132.24714586511254 23.227974247187376 13.095612581819294 8.0041065514087659 537.26007062382996 632.74403791502118 131.74233143217862 84.372800201177597 41.216843634843826
leaf_count=1213 33989 107 148 3203 9511 3335 295 64 552 782 145 2746 270 277 166 12919 12627 3328 402 711
internal_value=5.63181e-05 0.00199222 0.00145573 0.000249716 -0.000669914 0.00781124 0.00781124 0.0178605 0.0152365 0.0201096 0.0181597 -0.00684203 -0.00616055 -0.0113051 -0.0133599 -0.00631425 -0.00775191 -0.0147613 0.00781124 -0.00616055
internal_weight=7171.24 5600.31 5418.22 4554.92 4121.1 863.301 433.819 182.092 166.466 160.947 149.058 1570.92 1325.48 245.442 191.13 1302.25 1170 183.126 696.835 54.3125
internal_count=86790 52533 51435 46998 43500 4437 3498 1098 700 991 927 34257 28562 5695 4707 28292 25546 4541 3737 988
is_linear=0
shrinkage=0.02


Tree=76
num_leaves=16
num_cat=0
split_feature=1 18 14 7 48 27 2 10 14 1 7 23 11 13 6
split_gain=196.931 111.317 78.5651 78.059 50.3384 22.8213 21.6258 20.0106 15.8045 14.0257 13.427 8.31977 14.5811 11.739 2.71962
threshold=0.31235727667808538 1.0000000180025095e-35 1.0000000180025095e-35 1.0000000180025095e-35 1.0000000180025095e-35 1.0000000180025095e-35 32.850000381469734 1.0000000180025095e-35 1.0000000180025095e-35 0.27737425267696386 1.0000000180025095e-35 1.0000000180025095e-35 6.9924235343933114 0.48453612625598913 1.0000000180025095e-35
decision_type=2 10 8 10 2 2 2 10 8 2 10 2 8 10 2
left_child=5 2 10 4 -4 -1 8 -5 -7 -10 -2 -3 -13 -14 -8
right_child=1 11 3 7 -6 6 14 -9 9 -11 -12 12 13 -15 -16
leaf_value=-0.0036734802916877571 0.015739605554510039 0.015739605554510039 0.0016254905210994893 0.0016254905210994893 0.01343494652578444 0.0072675933703911675 -0.020286214944309745 -0.0036734802916877571 -0.0088335954275733635 -0.0046011085580705 0.0072675933703911675 0.015739605554510039 0.023695263206053516 0.050184197008406768 -0.0088335954275733635
leaf_weight=130.09821694344282 106.67750519886613 132.84215988591313 3780.4036119394004 107.07861209288239 120.53879141807556 30.01862071081996 56.644499255344272 1161.715683106333 829.0116611532867 509.51167352497578 91.49511343985796 40.506569743156433 32.547720205038786 9.5154344514012319 6.9925749637186518
leaf_count=2721 537 894 35478 1382 744 430 1917 12352 19663 9396 491 224 233 67 230
internal_value=-8.03937e-05 0.00167608 0.00110889 0.000633889 0.00203546 -0.00635481 -0.00744455 -0.00367348 -0.00690412 -0.00722713 0.0134349 0.0157396 0.0222807 0.0307137 -0.0187802
internal_weight=7145.6 5583.32 5367.91 5169.74 3900.94 1562.28 1432.18 1268.79 1368.54 1338.52 198.173 215.412 82.5697 42.0632 63.6371
internal_count=86759 52402 50984 49956 36222 34357 31636 13734 29489 29059 1028 1418 524 300 2147
is_linear=0
shrinkage=0.02


Tree=77
num_leaves=23
num_cat=0
split_feature=1 48 12 1 25 24 42 3 18 22 15 48 11 11 1 3 21 2 3 3 22 3
split_gain=215.474 109.198 80.7877 90.2111 69.5057 50.8222 24.3053 19.7677 16.3657 15.4291 14.3177 11.0688 10.6279 10.0986 5.87516 7.30727 6.0808 5.66497 10.1699 1.71475 0.771802 0.0134494
threshold=0.31235727667808538 1.0000000180025095e-35 6.6955211162567148 0.63330608606338512 1.0000000180025095e-35 1.0000000180025095e-35 1.0000000180025095e-35 2.4500000476837163 1.0000000180025095e-35 0.086948394775390639 1.5000000000000002 1.0000000180025095e-35 6.51477074623108 4.4195518493652353 0.2819118350744248 22.150000572204593 27.860182762146 27.650000572204593 9.8499999046325701 5.2500000000000009 0.0078851594589650648 5.8500001430511483
decision_type=2 2 10 2 2 2 2 2 8 8 10 2 8 8 2 2 10 2 2 2 10 2
left_child=9 2 3 4 -2 -5 10 12 20 14 -4 17 -3 -10 15 16 -1 -11 -19 -8 -9 -16
right_child=1 7 6 5 -6 -7 19 8 13 11 -12 -13 -14 -15 21 -17 -18 18 -20 -21 -22 -23
leaf_value=-0.0069056314642169728 -0.00024889534750659447 0.017046989410585623 0.018477966381882018 0.0023103776979333389 -0.0065463892723288553 0.0098463200930390838 0.0018964519321554331 0.0022688210702946367 0.0068467249945429604 -0.0065463892723288553 0.0081582575055037746 0.0068467249945429604 0.041683536253686732 0.02356314517117386 -0.0069056314642169728 -0.0065463892723288553 -0.016377641458996017 -0.013378548503309105 -0.0065463892723288553 -0.0065463892723288553 0.0068467249945429604 -0.0065463892723288553
leaf_weight=35.941296946257353 2528.1494363620877 15.09533455967903 135.30753351375461 1843.473455272615 361.60999288409948 443.54938075691462 10.072558607906105 15.96783874183893 15.896518804132937 1069.1020910218358 93.175898909568787 21.788185127079487 17.211794279515743 63.50022142380476 13.080014657229183 7.2560792490839949 144.29803585074842 149.26510233432055 74.64804382994771 10.281645528972147 58.185459889471531 40.533725243061781
leaf_count=847 28842 70 930 13595 4899 2452 60 107 82 21719 641 258 91 391 280 154 3713 4604 2156 74 364 703
internal_value=3.67337e-05 0.0018629 0.00134493 0.000808676 -0.00153989 0.00377558 0.0124531 0.0168956 0.0137403 -0.00654639 0.0143235 -0.00654639 0.0310297 0.0200133 -0.0116128 -0.0133039 -0.0145374 -0.00654639 -0.0101392 -0.00654639 0.00684672 -0.00654639
internal_weight=7167.39 5611.48 5425.62 5176.78 2889.76 2287.02 248.838 185.857 153.55 1555.91 228.483 1314.8 32.3071 79.3967 241.109 187.495 180.239 1293.02 223.913 20.3542 74.1533 53.6137
internal_count=87032 52598 51493 49788 33741 16047 1705 1105 944 34434 1571 28737 161 473 5697 4714 4560 28479 6760 134 471 983
is_linear=0
shrinkage=0.02


Tree=78
num_leaves=23
num_cat=0
split_feature=1 14 25 1 42 1 1 3 40 3 8 2 1 8 15 13 2 2 1 25 22 1
split_gain=184.26 74.588 65.0095 57.8937 52.7141 43.7246 26.8629 22.3274 21.4173 20.1825 17.8782 17.0417 11.4183 9.43852 7.32142 11.3675 7.02309 6.98792 6.55406 2.30339 1.98615 0.243856
threshold=0.37962783873081213 1.0000000180025095e-35 1.0000000180025095e-35 0.94522735476493847 1.0000000180025095e-35 0.7272799313068391 0.27044226229190832 17.94999980926514 1.0000000180025095e-35 1.5500000119209292 1.6321719884872439 6.8500001430511483 0.22245679050683978 2.8287092447280888 1.5000000000000002 1.992938816547394 4.2500000000000009 13.550000190734865 1.3239500522613528 1.0000000180025095e-35 0.033542664721608169 1.3973459601402285
decision_type=2 8 2 2 2 2 2 2 2 2 10 2 2 10 10 10 2 2 2 2 8 2
left_child=6 8 4 11 5 -3 7 12 14 -5 18 -4 16 -6 15 -2 -1 -14 -10 -12 -9 -16
right_child=1 2 3 9 13 -7 -8 20 10 -11 19 -13 17 -15 21 -17 -18 -19 -20 -21 -22 -23
leaf_value=-0.0082102978551461311 0.0082757295733156041 0.0026542144432623715 -0.00015872582378466643 0.0079434137936221678 -0.0045273866628887157 0.0082757295733156041 -0.0045273866628887157 -0.017315863632332236 0.0082757295733156041 -0.00015872582378466643 0.028798156156367081 -0.0045273866628887157 -0.0045273866628887157 0.0026586531892362447 0.0082757295733156041 0.030559360595981636 -0.01614142275991411 -0.0094405526591335824 0.022532225311935442 0.022532225311935442 -0.0045273866628887157 0.019350262123614723
leaf_weight=46.567292112857103 11.78132548928261 2021.8854045085609 192.31430464237928 227.84339421987534 272.12453607469797 761.95841325074434 1528.6445413958281 15.887120643630622 29.974341340363026 265.76281195133924 55.09026400744915 699.50817911699414 111.50618009641767 73.894172303378582 58.209856599569321 14.701051190495489 146.48248353973031 408.26411994360387 12.387489795684813 15.788197323679922 182.29158863611519 20.494352892041206
leaf_count=696 60 17692 2022 1439 2050 4029 25679 387 158 1701 258 8480 2095 586 316 70 3916 10934 51 84 4163 86
internal_value=-6.34566e-05 0.00223761 0.00168384 -0.00192221 0.00328016 0.00419528 -0.00452739 -0.00796315 0.0136253 0.00358963 0.0197019 -0.00452739 -0.00978305 -0.00407325 0.00827573 0.0190343 -0.0139534 -0.0082103 0.0091194 0.0258119 -0.00452739 0.00827573
internal_weight=7173.36 4733.72 4515.29 1385.43 3129.86 2783.84 2439.64 910.999 218.427 493.606 113.24 891.822 712.82 346.019 105.187 26.4824 193.05 519.77 42.3618 70.8785 198.179 78.7042
internal_count=86952 39082 37999 13642 24357 21721 47870 22191 1083 3140 551 10502 17641 2636 532 130 4612 13029 209 342 4550 402
is_linear=0
shrinkage=0.02


Tree=79
num_leaves=20
num_cat=0
split_feature=0 48 7 12 1 8 12 8 2 3 14 12 18 3 22 1 48 2 7
split_gain=181.037 100.437 82.2993 63.2529 75.248 35.037 22.7581 19.5753 19.4217 17.0188 16.518 15.3418 12.4658 10.4475 6.36731 5.96074 5.90577 4.95133 0.673372
threshold=19.273557662963871 1.0000000180025095e-35 1.0000000180025095e-35 4.6097517013549814 0.63330608606338512 1.6321719884872439 6.5947694778442392 7.6844685077667245 27.650000572204593 0.84999999403953563 1.0000000180025095e-35 2.8443207740783696 1.0000000180025095e-35 19.349999427795414 0.10761697962880136 1.2566752433776858 1.0000000180025095e-35 7.7500000000000009 1.0000000180025095e-35
decision_type=2 2 10 10 2 10 10 10 2 2 10 10 10 2 10 2 2 2 10
left_child=1 2 3 4 -1 15 -7 8 16 -3 -5 17 -13 14 -10 -4 18 -11 -2
right_child=7 9 5 10 -6 6 -8 -9 13 11 -12 12 -14 -15 -16 -17 -18 -19 -20
leaf_value=-0.00084387789224206033 -0.0049263683880793642 0.038589139286247028 -0.0054751432499646393 0.019943513128037962 0.0049724584504611839 -0.0010181736537616631 0.010449616684370031 -0.0010181736537616631 -0.013954526873145634 0.032339180541555435 0.010449616684370031 0.0061316619638042994 0.020538184764183693 -0.0054751432499646393 -0.0054751432499646393 -0.0010181736537616631 -0.0010181736537616631 0.018199938352472755 -0.0054751432499646393
leaf_weight=1874.3295054025948 1015.448143189773 11.461384892463682 484.42388033121824 73.515643071383238 1692.2934160977602 618.10873068124056 53.897605329751968 95.903697280213237 210.51421982236207 15.076230078935621 310.58117573335767 95.418694540858269 31.829105012118816 11.89780146256089 17.54159396700561 54.451272636651993 14.072492960840462 50.733262833207846 406.25168968550861
leaf_count=20336 20927 53 4897 449 11533 6025 389 2075 6790 105 2565 584 179 294 525 264 192 330 8288
internal_value=6.64507e-05 0.00189669 0.00135048 0.00274852 0.00191648 -0.00320938 -0.000843878 -0.00547514 -0.00608486 0.0156081 0.0104496 0.014052 0.00986728 -0.0113872 -0.012901 -0.00547514 -0.00547514 0.0218747 -0.00547514
internal_weight=7137.75 5366.12 5161.6 3950.72 3566.62 1210.88 672.006 1771.63 1675.73 204.519 384.097 193.057 127.248 239.954 228.056 538.875 1435.77 65.8095 1421.7
internal_count=86800 47709 46458 34883 31869 11575 6414 39091 37016 1251 3014 1198 763 7609 7315 5161 29407 435 29215
is_linear=0
shrinkage=0.02


Tree=80
num_leaves=18
num_cat=0
split_feature=1 48 14 7 1 48 14 40 2 10 1 11 8 8 8 1 13
split_gain=192.653 102.874 94.5949 73.1187 68.1785 27.1155 21.1822 19.9593 16.3529 12.5283 13.2467 13.0969 12.5261 12.0824 10.0704 8.00841 5.66637
threshold=0.31478744745254522 1.0000000180025095e-35 1.0000000180025095e-35 1.5000000000000002 0.63330608606338512 1.0000000180025095e-35 1.0000000180025095e-35 1.0000000180025095e-35 27.050000190734867 1.0000000180025095e-35 0.59877228736877453 4.5456764698028573 5.2548768520355233 8.0616731643676776 2.4756652116775517 1.3973459601402285 1.5640919208526614
decision_type=2 2 8 10 2 2 8 2 2 8 2 8 10 10 10 2 10
left_child=5 2 7 4 -4 6 -1 15 13 -3 -11 -12 -5 -8 -9 -2 -10
right_child=1 9 3 12 -6 -7 8 14 16 10 11 -13 -14 -15 -16 -17 -18
leaf_value=0.0088859624536401678 0.0088859624536401678 0.031640361505475167 -0.00053271535318932827 -0.0060779891193730087 0.0043317882645828492 0.012266278058956638 -0.0062450457185671705 0.014545746581314696 -0.012204741705546918 0.012266278058956638 0.012266278058956638 0.031640361505475167 -0.00053271535318932827 -0.00053271535318932827 0.027408165403414553 0.020960265328353409 -0.0062450457185671705
leaf_weight=34.381077710539103 88.865803882479668 19.06140111386776 2668.2873144857585 435.57088989019394 2027.4364582300186 30.70164642482996 1166.9794797487557 59.905006438493729 258.13118275627494 125.99657189100981 13.959949806332586 28.113660842180252 51.206145629286766 45.766336649656296 46.989170834422112 21.933874621987343 32.79135880805552
leaf_count=518 491 109 30136 4859 14079 347 24170 304 8092 779 63 136 717 909 234 92 1000
internal_value=0.000112803 0.00185177 0.00134502 0.000801149 0.00156807 -0.00607799 -0.0064519 0.0142297 -0.00680827 0.0163905 0.014484 0.0243416 -0.00607799 -0.00607799 0.0204015 0.00888596 -0.0111062
internal_weight=7156.08 5587.33 5400.19 5182.5 4695.72 1568.75 1538.05 217.694 1503.67 187.132 168.07 42.0736 486.777 1212.75 106.894 110.8 290.923
internal_count=87035 51999 50912 49791 44215 35036 34689 1121 34171 1087 978 199 5576 25079 538 583 9092
is_linear=0
shrinkage=0.02


Tree=81
num_leaves=21
num_cat=0
split_feature=0 11 6 1 12 8 48 8 0 8 22 0 22 22 42 3 3 8 38 3
split_gain=177.764 82.7864 80.6529 59.8144 58.7149 48.7794 34.7003 34.6216 29.246 26.9218 11.0321 14.6988 10.3445 28.2736 10.9065 7.08135 2.72364 2.13947 1.29279 0.759227
threshold=19.814388275146488 8.608427047729494 1.0000000180025095e-35 0.26123185455799108 8.5654463768005389 2.1471621990203862 1.0000000180025095e-35 1.7478299736976626 5.658621311187745 7.5305211544036874 0.086948394775390639 27.803687095642093 0.19518794119358066 0.088484857231378569 1.0000000180025095e-35 23.349999427795414 0.84999999403953563 1.3099038004875185 1.0000000180025095e-35 9.9499998092651385
decision_type=2 10 2 2 10 10 2 10 2 10 8 2 10 8 2 2 2 10 2 2
left_child=1 2 3 -1 7 -5 8 -3 -4 -9 11 16 -6 -12 18 -13 -2 -16 -15 -18
right_child=10 4 6 5 12 -7 -8 9 -10 -11 13 15 -14 14 17 -17 19 -19 -20 -21
leaf_value=-0.0057709557999348791 -0.018332899680083836 -0.0057709557999348791 0.0064669718420959409 0.004115264332227953 0.015315567060792193 0.010833060336843182 0.019281808970377404 -0.0010840444443827185 -0.0030662912058944504 0.023187751543488205 0.041021620904769913 -0.019077035307203016 0.042747821610561454 -0.0057709557999348791 -0.017861777835874164 -0.006340813742132652 -0.0057709557999348791 -0.010462732929763198 -0.015761403655068566 -0.006340813742132652
leaf_weight=85.782496605068445 6.409018423408269 497.16883568093181 146.14850793033838 2415.9321094416082 15.617282930761577 526.48035755380988 30.848628863692284 723.01118695735931 1029.235088147223 17.753181047737598 4.4980782698839894 74.087814813479781 9.4772484898567182 1329.9313559103757 30.710812009871006 4.2604035250842562 56.067757066339254 46.223532624542713 18.301495853811502 79.40884006023407
leaf_count=1464 123 5743 751 19427 115 3295 182 8019 10248 191 103 2373 54 29793 678 86 1105 998 430 1848
internal_value=-1.55121e-05 0.00171255 0.00305284 0.00479446 -0.00277976 0.00532054 -0.00131979 -0.00340299 -0.00187642 -0.00047187 -0.00577096 -0.0102539 0.0269169 -0.00577096 -0.00577096 -0.0171712 -0.00634081 -0.0136076 -0.00577096 -0.00577096
internal_weight=7147.35 5497.45 4234.43 3028.19 1263.03 2942.41 1206.23 1237.93 1175.38 740.764 1649.9 220.234 25.0945 1429.67 1425.17 78.3482 141.886 76.9343 1348.23 135.477
internal_count=87026 49489 35367 24186 14122 22722 11181 13953 10999 8210 37537 5535 169 32002 31899 2459 3076 1676 30223 2953
is_linear=0
shrinkage=0.02


Tree=82
num_leaves=19
num_cat=0
split_feature=0 6 11 2 35 7 25 2 12 1 12 3 3 27 21 3 22 12
split_gain=178.383 85.1952 69.7525 53.1369 47.9525 49.2327 37.5963 24.6408 20.137 18.6285 17.8627 14.0567 15.2048 12.2682 12.1068 8.92019 7.35154 5.63325
threshold=18.221827507019047 1.0000000180025095e-35 10.813221454620363 4.9500000476837167 1.0000000180025095e-35 1.0000000180025095e-35 1.0000000180025095e-35 27.650000572204593 6.6955211162567148 0.88161674141883861 7.6580505371093759 10.750000000000002 13.050000190734865 1.0000000180025095e-35 28.478149414062504 19.349999427795414 0.10327362269163133 9.2537512779235858
decision_type=2 2 10 2 2 8 2 2 10 2 10 2 2 2 8 2 10 8
left_child=1 2 4 11 5 -1 8 -2 -5 -6 14 17 -13 -9 -4 16 -15 -3
right_child=7 3 10 6 9 -7 -8 13 -10 -11 -12 12 -14 15 -16 -17 -18 -19
leaf_value=0.0085898651021361523 -0.0049365801259996806 0.0024696361430977085 0.0016212614241442416 -0.0010079829654759632 0.011639890798772786 0.0026605757681491542 -0.0049365801259996806 -0.0049365801259996806 0.0069569984732727325 0.028905423945610544 0.020486020415607171 0.0069569984732727325 0.057788795278192966 -0.015504734727988616 -0.0049365801259996806 -0.0049365801259996806 -0.0049365801259996806 0.0090048384890898964
leaf_weight=748.64217408373952 1765.96362330392 104.66391813382506 126.03080667555332 602.95437907800078 165.93807749077678 2222.7692863978446 567.79371646046638 38.391636658459902 50.280762564390898 29.356191188097 11.404635358601807 5.4147733598947507 3.5673389174044132 190.33821655996144 362.91517392545938 11.620065553113816 19.532591646537185 107.55861870571971
leaf_count=5087 34536 715 1307 5405 1285 18218 6508 1012 318 133 74 84 62 6486 4081 293 599 732
internal_value=8.40439e-05 0.00207531 0.00369466 -0.0020418 0.00479099 0.00415684 -0.0036764 -0.00493658 0.00016145 0.0143692 -0.00323966 0.006957 0.0307924 -0.0110908 -0.00383374 -0.0130959 -0.014279 0.006957
internal_weight=7135.14 5109.29 3667.06 1442.23 3166.71 2971.41 1221.03 2025.85 653.235 195.294 500.351 221.205 8.98211 259.883 488.946 221.491 209.871 212.223
internal_count=86935 44009 30185 13824 24723 23305 12231 42926 5723 1418 5462 1593 146 8390 5388 7378 7085 1447
is_linear=0
shrinkage=0.02


Tree=83
num_leaves=19
num_cat=0
split_feature=1 18 7 11 32 40 27 2 13 11 12 3 21 3 11 21 3 3
split_gain=147.939 94.2923 77.4502 77.8865 44.057 25.2643 24.687 23.9369 17.6405 13.5397 12.0573 10.2638 9.1892 8.95061 7.07305 2.53682 1.90936 0.805719
threshold=0.31235727667808538 1.0000000180025095e-35 1.0000000180025095e-35 8.608427047729494 1.0000000180025095e-35 1.0000000180025095e-35 1.0000000180025095e-35 32.850000381469734 1.7075929641723635 5.7348315715789804 4.8135857582092294 20.849999427795414 29.642975807189945 3.3500000238418584 23.993228912353519 38.313838958740241 1.1500000357627871 19.849999427795414
decision_type=2 10 10 8 2 2 2 2 8 10 10 2 10 2 8 8 2 2
left_child=6 2 3 5 -5 -2 -1 10 16 -4 11 -8 13 -10 -12 -14 -3 -9
right_child=1 8 9 4 -6 -7 7 17 12 -11 14 -13 15 -15 -16 -17 -18 -19
leaf_value=-0.0031596447827422886 0.0046043266130387428 0.022373905274700536 0.0012665507936231799 0.0021792197077196529 -0.0031596447827422886 0.012008467506441247 -0.0075240186640224962 -0.020175015902312514 0.034350107104399827 -0.0031596447827422886 0.0012665507936231799 -0.0031596447827422886 0.002523494199969546 0.018384527411554889 -0.011822194868101208 0.015378783745882607 0.012008467506441247 -0.011822194868101208
leaf_weight=125.98843032494187 379.71959456056356 19.078135199844837 275.95341666787863 2665.6474295891821 627.22293885052204 361.03677425533533 1133.4756498578936 52.75848495028913 27.387665908783674 1076.4360749088228 125.0187438968569 38.063575979322195 9.9192682355642336 38.650067023932934 16.840899918228388 17.318226359784603 113.40122120827436 5.9207074940204611
leaf_count=2738 2312 100 1766 25696 6297 2418 25844 2011 141 12513 2181 881 64 280 452 122 743 141
internal_value=2.2105e-05 0.00151284 0.000980762 0.00236939 0.00105018 0.00822435 -0.0055595 -0.00683207 0.0141468 -0.00315964 -0.00626325 -0.00702222 0.0213559 0.0254195 -0.00315964 0.0120085 0.0120085 -0.0192455
internal_weight=7109.84 5611.77 5386.02 4033.63 3292.87 740.756 1498.07 1372.08 225.755 1352.39 1313.4 1171.54 93.2752 66.0377 141.86 27.2375 132.479 58.6792
internal_count=86700 52452 51002 36723 31993 4730 34248 31510 1450 14279 29358 26725 607 421 2633 186 843 2152
is_linear=0
shrinkage=0.02


Tree=84
num_leaves=21
num_cat=0
split_feature=0 25 0 11 40 12 48 8 8 3 15 2 2 27 15 2 1 3 3 3
split_gain=149.243 84.4665 77.1432 72.6217 51.2506 43.1191 37.9246 36.5708 26.3744 15.8125 33.8441 21.1661 13.2044 11.638 9.9251 9.55752 8.09281 6.18672 2.10868 1.89564
threshold=19.814388275146488 1.0000000180025095e-35 7.2618865966796884 10.813221454620363 1.0000000180025095e-35 7.0499846935272226 1.0000000180025095e-35 2.0349208116531377 7.5305211544036874 1.5500000119209292 3.5000000000000004 4.2500000000000009 27.650000572204593 1.0000000180025095e-35 1.0000000180025095e-35 32.850000381469734 0.64773565530776989 19.349999427795414 0.84999999403953563 19.849999427795414
decision_type=2 2 2 10 2 10 2 10 10 2 8 2 2 2 10 2 2 2 2 2
left_child=1 3 9 4 6 8 -1 -6 -5 10 -3 -11 -2 -14 -7 17 -4 -15 -18 -17
right_child=12 2 16 5 7 14 -8 -9 -10 11 -12 -13 13 15 -16 19 18 -19 -20 -21
leaf_value=0.002469411889400181 -0.0051546120796309011 0.024120810192550395 -0.0051546120796309011 -0.0038750436818966029 0.0058259692329622834 0.038543751031596497 0.015654178877484989 0.014521818097376104 0.024605760885025429 0.0069303177762371614 0.003954652245882222 -0.003440776184925054 -0.0051546120796309011 -0.010982466017858808 0.012314877921460663 -0.020157625398470703 0.00073731297691645718 -0.0051546120796309011 -0.003440776184925054 -0.0069499241599169136
leaf_weight=2315.9497770518064 1371.9415037278086 41.329091906547546 393.74932439252734 705.73545257002115 620.05431512370706 8.851685583591463 89.73420288413763 282.01499229669571 12.264028456062077 137.87865232676268 158.55983627587557 180.75083667784929 37.717607419937849 152.19797636941075 17.742864798754454 51.864371109753847 89.317632347345352 5.1892940476536742 449.84310971200466 6.2257781326770774
leaf_count=18858 29224 233 5406 8274 5176 66 513 1918 145 794 959 1281 1000 5035 153 2015 904 138 4741 152
internal_value=0.000168893 0.00174145 -0.00239736 0.00322407 0.00449414 -0.00241649 0.00296752 0.00855763 -0.00335502 0.00382879 0.00822353 0.00105469 -0.00515461 -0.00972439 0.0221253 -0.0119479 -0.00515461 -0.00928487 -0.00344078 -0.0188837
internal_weight=7128.91 5503.78 1451.43 4052.35 3307.75 744.594 2405.68 902.069 717.999 518.518 199.889 318.629 1625.14 253.195 26.5946 215.477 932.91 157.387 539.161 58.0901
internal_count=86985 49421 14318 35103 26465 8638 19371 7094 8419 3267 1192 2075 37564 8340 219 7340 11051 5173 5645 2167
is_linear=0
shrinkage=0.02


Tree=85
num_leaves=16
num_cat=0
split_feature=1 7 43 14 25 8 2 3 10 31 3 7 3 7 15
split_gain=157.858 75.5196 70.9612 64.9932 54.0515 19.3775 12.7243 9.12086 7.73811 7.45877 2.53712 1.36569 1.83458 0.716408 0.0844527
threshold=0.33444797992706304 1.5000000000000002 1.0000000180025095e-35 1.0000000180025095e-35 1.0000000180025095e-35 1.7111714482307436 34.049999237060554 14.650000095367433 1.5000000000000002 1.0000000180025095e-35 7.2500000000000009 1.0000000180025095e-35 4.6499998569488534 1.0000000180025095e-35 3.5000000000000004
decision_type=2 10 2 8 2 10 2 2 10 2 2 8 2 10 8
left_child=6 2 3 5 -5 -2 11 -8 10 -4 -3 -1 -13 -14 -9
right_child=1 8 9 4 -6 -7 7 14 -10 -11 -12 12 13 -15 -16
leaf_value=-0.0036437244042705399 0.0056956424086135847 -0.0015496176855512795 0.047444172839276669 0.0033079667930632538 -0.0015496176855512795 0.018963726808429185 -0.020029383197319398 -0.017049829006733075 -0.0049515666638840954 0.020320517994243531 -0.0049515666638840954 -0.0069434481971523314 -0.0042172596661108489 -0.0049515666638840954 -0.0049515666638840954
leaf_weight=415.76005495712161 72.367765039205551 106.28529905900359 12.961873665452003 3349.9670424200594 1260.4252028763294 116.22782698273659 37.65171985141933 4.5309569500386688 331.05876792967319 9.1959434598684311 38.092278119176626 190.39489959552884 768.29104180447757 403.30028893984854 5.2551669105887422
leaf_count=8258 356 1246 96 28659 12279 572 1449 129 3361 67 478 4665 16270 8845 158
internal_value=0.000119238 0.00186722 0.00262139 0.00245232 0.00197991 0.0139294 -0.00495157 -0.015227 -0.00495157 0.0375509 -0.00154962 -0.00495157 -0.00495157 -0.00495157 -0.00495157
internal_weight=7121.77 5296.58 4821.15 4798.99 4610.39 188.596 1825.18 47.4378 475.436 22.1578 144.378 1777.75 1361.99 1171.59 9.78612
internal_count=86888 47114 42029 41866 40938 928 39774 1736 5085 163 1724 38038 29780 25115 287
is_linear=0
shrinkage=0.02


Tree=86
num_leaves=21
num_cat=0
split_feature=0 18 25 0 3 42 18 10 2 42 3 8 22 8 8 3 13 11 3 3
split_gain=166.87 77.4068 63.9733 62.6917 59.5435 53.6433 23.3666 18.5046 12.9139 11.4 10.2947 6.49495 6.08158 4.87946 3.33321 3.26369 3.13558 1.83905 1.39227 0.725241
threshold=19.814388275146488 1.0000000180025095e-35 1.0000000180025095e-35 8.6792855262756365 12.650000095367433 1.0000000180025095e-35 1.0000000180025095e-35 2.5000000000000004 34.049999237060554 1.0000000180025095e-35 3.3500000238418584 1.0440924167633059 0.35930556058883673 7.000357151031495 3.7108694314956669 14.650000095367433 2.9167519807815556 18.162007331848148 1.2500000000000002 1.6500000357627871
decision_type=2 10 2 2 2 2 10 10 2 2 2 8 10 10 8 2 10 8 2 2
left_child=1 2 4 7 5 -1 8 -4 9 11 12 -2 14 -6 -3 -10 -12 -11 -14 -5
right_child=6 10 3 19 13 -7 -8 -9 15 17 16 -13 18 -15 -16 -17 -18 -19 -20 -21
leaf_value=0.0042494587004170119 -0.011483252046322149 0.017351623576783628 0.0038477302227362033 -0.0029199556233697188 -0.0053726611815827011 -0.0035501036831350895 0.012645867307878304 -0.0029199556233697188 -0.020002543388922978 -0.0053726611815827011 0.012645867307878304 -0.0053726611815827011 0.012645867307878304 0.012645867307878304 0.03057049076838109 -0.012900509944235637 0.032962717316141185 -0.012900509944235637 0.018347140198138642 -0.0053726611815827011
leaf_weight=3237.5546576865017 80.880211940035224 19.472064346075058 523.83133712410927 128.58668505772948 242.4375902377069 395.07511110976338 7.074849981814622 232.65007226169109 36.754342615604401 9.0219155475497228 168.10096085816622 1389.3584367427975 16.694229982793331 4.2140638828277579 23.534126274287701 9.481471259146927 7.4822271019220343 71.316651839762926 21.901358440518379 502.29990570619702
leaf_count=26336 1834 95 3790 1558 4194 3133 117 1835 1448 168 1394 31947 87 65 126 277 52 1634 124 6719
internal_value=0.000304395 0.00195345 0.001429 -0.00225575 0.00274704 0.00340046 -0.00537266 0.00176527 -0.0055765 -0.00537266 0.0126459 -0.00537266 0.0198423 -0.00537266 0.0251156 -0.015926 0.0126459 -0.0129005 0.0134803 -0.00537266
internal_weight=7127.72 5523.83 5266.65 1387.37 3879.28 3632.63 1603.89 756.481 1596.81 1550.58 257.185 1470.24 81.6018 246.652 43.0062 46.2358 175.583 80.3386 38.5956 630.887
internal_count=86933 49508 47630 13902 33728 29469 37425 5625 37308 35583 1878 33781 432 4259 221 1725 1446 1802 211 8277
is_linear=0
shrinkage=0.02


Tree=87
num_leaves=20
num_cat=0
split_feature=1 7 12 1 32 8 14 1 8 11 8 1 3 22 12 8 22 8 12
split_gain=146.973 74.8674 73.7928 50.0964 47.7694 28.1937 23.0709 16.6467 13.5058 12.5844 11.8504 13.4707 18.3657 11.6801 8.04078 7.77509 1.3416 1.20381 0.934375
threshold=0.31478744745254522 1.0000000180025095e-35 4.4822843074798593 0.5447276532649995 1.0000000180025095e-35 2.1260362863540654 1.0000000180025095e-35 1.2566752433776858 1.7269715666770937 3.8300539255142216 8.6913437843322772 0.25782336294651037 17.94999980926514 0.11703121289610864 5.5409669876098642 2.1471621990203862 0.035297889262437827 2.4756652116775517 6.5947694778442392
decision_type=2 10 10 2 2 10 10 2 8 10 10 2 2 8 10 10 8 10 10
left_child=10 2 3 8 -5 7 15 14 -2 -8 11 12 13 -1 -3 -4 -14 -13 -7
right_child=1 5 6 4 -6 18 9 -9 -10 -11 -12 17 16 -15 -16 -17 -18 -19 -20
leaf_value=-0.015879887162273957 -0.0055080655517502474 -0.0055080655517502474 0.011791637165766162 0.0056309255476061949 -0.00079725177601704935 -0.00079725177601704935 0.0016067874297764353 -0.00079725177601704935 -0.00079725177601704935 0.010137695737005179 -0.00079725177601704935 -0.0055080655517502474 -0.018376584013287987 -0.0087906449404142346 -0.00079725177601704935 0.025181445574898115 -0.0055080655517502474 -0.0018544206067907666 0.0016067874297764353
leaf_weight=126.30026964843273 130.71171393245459 585.07596287503839 31.723955776542425 1603.6645170152187 557.56821888312697 585.72006272524595 89.5709258466959 62.92778368294239 1464.0608565807343 309.06511897593737 60.57589553669095 558.72056701220572 15.401683833450077 376.4319659229368 65.818435166031122 47.620188795030117 156.92238702997565 213.32596852630377 50.963548310101032
leaf_count=3455 1577 6388 158 10723 4671 6562 504 300 17274 2445 1370 11557 399 9804 523 233 3818 4508 346
internal_value=3.09298e-05 0.00152704 0.00283477 0.00189143 0.00387487 -0.00257188 0.0102281 -0.00545899 -0.000797252 0.00822967 -0.00550807 -0.00593475 -0.0084072 -0.0105996 -0.00550807 0.0200412 -0.00550807 -0.00550807 -0.000797252
internal_weight=7092.17 5584.49 4233.99 3756.01 2161.23 1350.51 477.98 713.822 1594.77 398.636 1507.68 1447.1 675.056 502.732 650.894 79.3441 172.324 772.047 636.684
internal_count=86615 51704 37585 34245 15394 14119 3340 7211 18851 2949 34911 33541 17476 13259 6911 391 4217 16065 6908
is_linear=0
shrinkage=0.02


Tree=88
num_leaves=23
num_cat=0
split_feature=0 25 35 42 0 0 2 10 3 21 3 3 21 6 21 10 10 21 0 3 24 3
split_gain=153.193 95.9026 59.1098 47.3397 44.0693 39.6793 26.1405 13.917 13.8779 13.8191 11.8364 11.4742 8.94443 7.26015 6.1807 5.89146 5.8545 6.52625 5.10308 5.45272 3.06353 0.626229
threshold=14.947073459625246 1.0000000180025095e-35 1.0000000180025095e-35 1.0000000180025095e-35 4.4073791503906259 6.5893847942352304 26.849999427795414 2.5000000000000004 9.8499999046325701 24.160090446472172 4.1499998569488534 4.1499998569488534 19.983171463012699 1.0000000180025095e-35 38.203264236450202 1.0000000180025095e-35 2.5000000000000004 40.096490859985359 34.127773284912116 5.2500000000000009 1.0000000180025095e-35 1.0000000180025095e-35
decision_type=2 2 2 2 2 2 2 10 2 10 2 2 8 2 8 8 10 10 2 2 2 2
left_child=1 2 3 4 -1 7 21 10 18 12 -3 -11 -4 16 -10 -5 -7 -9 19 -8 -16 -2
right_child=6 5 9 15 -6 13 8 17 14 11 -12 -13 -14 -15 20 -17 -18 -19 -20 -21 -22 -23
leaf_value=0.01698466364899864 -0.007709587337435056 0.0047824573952223049 0.036453819856308523 0.0088763722279480411 0.004328388146203452 0.00051410456187779715 -0.007709587337435056 -0.0033734649013172453 -0.018675817913286551 -0.0033734649013172453 0.017417549496814715 0.012593025002029872 0.017584891581947655 -0.0033734649013172453 -0.0033734649013172453 -0.0033734649013172453 -0.0033734649013172453 0.0047824573952223049 -0.01990055326240683 -0.015312639078223498 -0.010712402891996587 -0.0033734649013172453
leaf_weight=115.41428102552891 19.666728187352419 226.15719226747751 11.335422210395334 14.817463517189024 2065.1457027792931 407.1101186349988 96.107098197564483 102.80627033114433 9.6067564319819194 12.722884468734263 33.456204250454903 42.816559884697199 111.79985746368766 497.98593806475401 68.668167935684323 281.14447624236345 122.10917390137911 10.674840040504931 31.394460262730718 66.354732695966959 27.10130351036787 2729.4122081324458
leaf_count=484 258 1219 64 110 14921 4184 3050 625 334 67 226 292 757 5981 2165 2002 1276 67 1267 2158 854 44503
internal_value=1.35501e-05 0.0025596 0.00479248 0.00398698 0.00500575 -0.00167471 -0.00337346 0.00392497 -0.00927812 0.0158728 0.00647132 0.00740544 0.0196016 -0.00337346 -0.00339259 -0.00337346 -0.00190602 -0.00190602 -0.0124435 -0.0108896 -0.00337346 -0.00337346
internal_weight=7103.81 4055.5 2655.2 2476.52 2180.56 1400.3 3048.31 373.095 299.233 178.675 259.613 55.5394 123.135 1027.21 105.376 295.962 529.219 113.481 193.856 162.462 95.7695 2749.08
internal_count=86864 32275 18697 17517 15405 13578 54589 2137 9828 1180 1445 359 821 11441 3353 2112 5460 692 6475 5208 3019 44761
is_linear=0
shrinkage=0.02


Tree=89
num_leaves=20
num_cat=0
split_feature=0 32 8 0 35 14 11 3 3 23 2 10 41 42 1 12 3 3 8
split_gain=144.042 78.4193 62.0945 59.5543 57.8899 43.0965 29.1177 20.6697 18.79 22.8606 14.7708 12.6177 10.5908 8.76246 7.7146 6.49335 5.81682 3.087 3.00495
threshold=18.221827507019047 1.0000000180025095e-35 1.7478299736976626 5.658621311187745 1.0000000180025095e-35 1.0000000180025095e-35 8.5440454483032244 12.650000095367433 0.15000000223517421 1.0000000180025095e-35 34.049999237060554 2.5000000000000004 1.0000000180025095e-35 1.0000000180025095e-35 0.39148968458175665 4.7435042858123788 11.750000000000002 14.650000095367433 1.8249195814132693
decision_type=2 2 8 2 2 8 10 2 2 2 2 10 2 2 2 10 2 2 8
left_child=1 2 6 8 5 -4 11 -6 -3 -10 12 -1 13 18 -15 -8 -14 -12 -2
right_child=10 3 4 -5 7 -7 15 -9 9 -11 17 -13 16 14 -16 -17 -18 -19 -20
leaf_value=0.0017356009332182576 -0.0078462509309201543 -0.0044573649457130219 0.015501369788092492 -0.0044573649457130219 0.015700248351703465 0.003224144984103844 -0.0044573649457130219 0.0017356009332182576 0.012266505584412756 -0.0020572235687109901 -0.019963413172788658 -0.0037861333518301914 -0.0157948540408233 -0.013018325807024124 -0.0044573649457130219 0.0017356009332182576 -0.0044573649457130219 -0.013018325807024124 -0.0044573649457130219
leaf_weight=328.95303825289011 229.38344778120518 18.445277214050293 118.33656607940793 867.72339852526784 224.58777398616076 2799.5715840980411 295.14121892303228 11.896068233996628 153.21729949861765 62.322667494416237 35.484838914126158 164.63410168886185 27.501371605321765 95.670125503093004 13.355060506612061 74.455409120768309 7.0151712596416465 9.634934524074195 1552.2785325422883
leaf_count=2171 4748 92 690 9528 1633 23405 3209 186 763 287 1453 1147 520 2081 166 713 158 289 33578
internal_value=0.00013644 0.00190504 0.00320117 -0.00282012 0.00450153 0.00372719 -0.00155057 0.014 0.00622154 0.00813447 -0.00445736 0.0017356 -0.00445736 -0.00445736 -0.0104712 -0.00445736 -0.0155885 -0.0157949 -0.00445736
internal_weight=7089.61 5119.28 4017.58 1101.71 3154.39 2917.91 863.184 236.484 233.985 215.54 1970.32 493.587 1925.2 1890.69 109.025 369.597 34.5165 45.1198 1781.66
internal_count=86817 43824 33154 10670 25914 24095 7240 1819 1142 1050 42993 3318 41251 40573 2247 3922 678 1742 38326
is_linear=0
shrinkage=0.02


Tree=90
num_leaves=24
num_cat=0
split_feature=1 12 11 48 6 28 42 8 15 2 22 22 14 22 1 9 12 14 1 8 11 8 2
split_gain=117.522 86.5494 72.7799 59.9682 59.1386 37.4305 24.1256 23.9657 17.5996 15.9422 13.2628 13.2235 13.1743 11.4964 4.82156 3.50372 3.2617 3.50224 2.67773 1.80836 1.46494 2.08576 0.108916
threshold=0.29377762973308569 5.8309912681579599 8.608427047729494 1.0000000180025095e-35 1.0000000180025095e-35 1.0000000180025095e-35 1.0000000180025095e-35 1.7269715666770937 1.5000000000000002 19.750000000000004 0.23600690066814425 0.086948394775390639 1.0000000180025095e-35 0.55952182412147533 0.2819118350744248 1.5000000000000002 1.2597272396087649 1.0000000180025095e-35 0.64088687300682079 2.8507906198501591 23.730865478515629 1.8249195814132693 20.44999980926514
decision_type=2 10 10 2 2 2 2 10 10 2 8 8 10 10 2 10 8 8 2 10 8 10 2
left_child=11 2 3 4 -2 7 8 -4 12 -7 -5 14 -3 -10 16 -13 -1 -18 19 -8 21 -17 -22
right_child=1 6 5 10 -6 9 18 -9 13 -11 -12 15 -14 -15 -16 20 17 -19 -20 -21 22 -23 -24
leaf_value=-0.0058940876899936682 0.0028359634123899051 0.02348171043976326 -0.0058940876899936682 0.03662702884741257 -0.0025326417450623772 0.053665976006223907 -0.0058940876899936682 -0.0018497961954167667 0.0040479112538825864 0.012069120790617323 0.014443449558341835 -0.0058940876899936682 0.011764982539243209 0.022433966177195813 -0.0058940876899936682 -0.014280438440704851 -0.0058940876899936682 -0.014025868514835733 0.003481328533122907 0.0024436000924278251 -0.0072210004397849168 -0.0058940876899936682 -0.01922099043998431
leaf_weight=12.574001437053083 2878.9717194326222 48.300916455686092 486.33385812118649 12.476168312132357 1146.9833218194544 4.0686734989285496 18.585980497300628 851.25881224498153 154.82968052849174 17.036956425756216 74.37000647932291 920.92216964997351 206.14464940875769 14.019040584564207 19.0026297532022 22.418628167361021 7.3093387540429822 151.17267509549856 12.091938123106955 12.272502373903988 1.9928033351898182 20.205238305032253 12.530589291825889
leaf_count=395 25500 239 6178 90 11105 61 138 10970 1155 305 410 22700 1483 82 405 466 113 4185 61 93 50 425 370
internal_value=-9.80086e-05 0.00104305 0.000337428 0.00166324 0.00130621 -0.00367411 0.00930526 -0.00409788 0.010753 0.022153 0.018011 -0.00589409 0.0140724 0.00569755 -0.011173 -0.00589409 -0.0124022 -0.0132489 -0.004883 -0.00589409 -0.0124345 -0.0101172 -0.0181457
internal_weight=7105.87 5937.74 5471.5 4112.8 4025.96 1358.7 466.245 1337.59 423.294 21.1056 86.8462 1168.13 254.446 168.849 190.059 978.069 171.056 158.482 42.9504 30.8585 57.1473 42.6239 14.5234
internal_count=86979 57870 54619 37105 36605 17514 3251 17148 2959 366 500 29109 1722 1237 5098 24011 4693 4298 292 231 1311 891 420
is_linear=0
shrinkage=0.02


Tree=91
num_leaves=15
num_cat=0
split_feature=1 12 27 1 25 0 35 8 12 15 14 13 13 8
split_gain=128.234 86.128 54.526 52.6583 49.8062 42.2627 35.5056 13.0672 13.0182 7.04291 4.79293 4.04661 2.49233 0.849801
threshold=0.56036624312400829 5.6600327491760263 1.0000000180025095e-35 0.27737425267696386 1.0000000180025095e-35 3.9083231687545781 1.0000000180025095e-35 4.4192144870758066 1.4033790826797488 1.0000000180025095e-35 1.0000000180025095e-35 1.3206263184547427 3.1503007411956792 1.4989106655120852
decision_type=2 10 2 2 2 2 2 10 8 8 8 10 10 10
left_child=1 2 -1 9 -5 10 7 -7 -9 -4 13 -8 -13 -2
right_child=5 -3 3 4 -6 6 11 8 -10 -11 -12 12 -14 -15
leaf_value=0.0033784229419942628 0.015739290666900475 0.0033784229419942628 -0.014217211043445326 -0.0015771599649646749 -0.0083134235752129765 0.0033784229419942628 0.013570193294998057 0.0033784229419942628 0.013570193294998057 -0.0083134235752129765 0.013570193294998057 0.0033784229419942628 0.012374787741981317 0.025514265049655559
leaf_weight=152.27301819808781 14.499341487884523 402.36881954967976 81.808833496645093 2584.3985445331782 219.2548745572567 2579.1014109514654 71.928070560097694 21.373581320047379 98.413892399519682 692.45614824071527 130.46740815043449 11.674654178321363 11.459287047386168 16.891870602965355
leaf_count=3235 60 4083 2561 34311 3116 19178 402 148 592 18259 545 66 54 75
internal_value=0.000198305 -0.00207654 -0.00311787 -0.00369934 -0.0024226 0.00337842 0.00337842 0.00337842 0.0116966 -0.00831342 0.0135702 0.0135702 0.00341914 0.0216246
internal_weight=7088.37 4132.56 3730.19 3577.92 2803.65 2955.81 2793.95 2698.89 119.787 774.265 161.859 95.062 23.1339 31.3912
internal_count=86685 65565 61482 58247 37427 21120 20440 19918 740 20820 680 522 120 135
is_linear=0
shrinkage=0.02


Tree=92
num_leaves=24
num_cat=0
split_feature=48 1 6 25 1 19 3 32 36 3 0 3 1 11 3 3 11 22 11 13 11 11 6
split_gain=109.196 121.843 68.6924 60.6383 45.9489 32.2947 31.2161 30.5243 26.196 27.4497 22.3668 20.5026 19.4983 18.1068 14.728 18.1071 14.1596 6.8425 5.47155 5.37588 4.87148 0.471236 0.262013
threshold=1.0000000180025095e-35 0.5447276532649995 1.0000000180025095e-35 1.0000000180025095e-35 0.27737425267696386 1.0000000180025095e-35 20.849999427795414 1.0000000180025095e-35 1.0000000180025095e-35 4.4500000476837167 10.449639797210695 0.75000000000000011 1.6381919384002688 4.1239080429077157 13.050000190734865 10.34999990463257 5.5148208141326913 0.34881450235843664 13.048721790313722 0.73579806089401256 3.1568622589111333 11.177523612976076 1.0000000180025095e-35
decision_type=2 2 2 2 2 10 2 2 2 2 2 2 2 8 2 2 10 8 8 10 10 8 2
left_child=1 3 5 4 6 7 -1 -3 12 -10 17 -2 -4 19 15 -15 -7 -5 -16 20 -13 -12 -6
right_child=11 2 8 10 22 16 -8 -9 9 -11 21 13 -14 14 18 -17 -18 -19 -20 -21 -22 -23 -24
leaf_value=-0.0079973866329520679 0.038402654206182954 0.0055599653764025966 -0.0018643301887365932 -0.016494313093888911 -0.00063412316219178789 0.022301472113182726 -0.0018643301887365932 -0.00023816207792690499 0.0026102309636334385 0.041398569235122515 -0.020020743855834546 -0.012812611018668672 0.013828356996207261 0.012340230728562263 0.0097748935994098479 0.027649258244764007 0.0055599653764025966 -0.0018643301887365932 -0.013462593339803399 0.010062693110881893 0.0040492355383429483 -0.016494313093888911 -0.0018643301887365932
leaf_weight=828.64441599883139 11.784151479601858 1497.7773563861847 880.95526292175055 9.5952490232884866 2220.8541444893926 57.644161827862263 68.413646893575788 479.23620481789112 21.264329805970196 10.230289816856383 36.035023286938667 14.603824913501741 32.188478425145149 122.02429681271315 5.9492419213056538 42.338122058659792 17.847773179411888 36.459096051752567 8.8977757319808006 12.215725764632223 11.550377666950224 131.50969853997231 538.38371791876853
leaf_count=22391 58 9375 7969 120 29754 253 1523 3696 153 76 529 75 138 674 69 325 80 476 131 61 62 1967 7012
internal_value=2.50413e-05 -0.000429262 0.00259746 -0.00277345 -0.00216635 0.00465084 -0.00642955 0.00415507 -0.00186433 0.016096 -0.0131069 0.0135695 -0.00186433 0.012055 0.0147112 0.016427 0.0174104 -0.00186433 -0.00412201 -0.000409463 -0.00549109 -0.0164943 -0.00186433
internal_weight=7096.4 6867.04 2997.14 3869.89 3656.3 2052.51 897.058 1977.01 944.638 31.4946 213.599 229.364 913.144 217.579 179.209 164.362 75.4919 46.0543 14.847 38.3699 26.1542 167.545 2759.24
internal_count=86967 85512 21740 63772 60680 13404 23914 13071 8336 229 3092 1455 8107 1397 1199 999 333 596 200 198 137 2496 36766
is_linear=0
shrinkage=0.02


Tree=93
num_leaves=15
num_cat=0
split_feature=0 43 28 19 48 43 2 8 11 2 31 22 12 40
split_gain=110.871 68.8592 58.8331 55.1984 46.8576 36.416 26.1687 24.1044 19.7201 17.9166 12.2294 10.3442 4.76263 0.710546
threshold=19.273557662963871 1.0000000180025095e-35 1.0000000180025095e-35 1.0000000180025095e-35 1.0000000180025095e-35 1.0000000180025095e-35 16.750000000000004 5.1538119316101083 4.1239080429077157 32.850000381469734 1.0000000180025095e-35 0.13644411414861682 2.2367449998855595 1.0000000180025095e-35
decision_type=2 2 2 10 2 2 2 10 8 2 2 8 8 2
left_child=1 3 5 4 7 6 11 -1 -6 -8 -3 -2 -5 -14
right_child=2 10 -4 12 8 -7 9 -9 -10 -11 -12 -13 13 -15
leaf_value=0.0014081672170675463 -0.0066896757314341996 0.049678540167410135 0.0014081672170675463 0.014008260655138272 0.0014081672170675463 0.029044820396952824 -0.0066896757314341996 0.0093786847052442345 0.014008260655138272 -0.018917770678721482 0.029044820396952824 0.0014081672170675463 0.017078289617495461 0.023261913260556443
leaf_weight=4920.3063074164093 57.870540745556355 13.954066690057516 146.21625745482743 24.961212038993835 32.995737463235855 10.945039669051765 1224.6708836592734 187.12730178236961 169.2923246473074 49.252346683293581 11.165918946266174 173.34512476250529 38.169340670108795 32.124880023300648
leaf_count=44465 1349 90 3159 109 164 234 28514 1590 1021 2059 73 3753 171 147
internal_value=0.00018137 0.00156498 -0.00433659 0.00140817 0.00140817 -0.00578186 -0.00605423 0.00140817 0.0111129 -0.00717691 0.0339611 0.000135634 0.0165542 0.0201909
internal_weight=7092.4 5430.1 1662.3 5404.98 5309.72 1516.08 1505.14 5107.43 202.288 1273.92 25.12 231.216 95.2554 70.2942
internal_count=86898 47830 39068 47667 47240 35909 35675 46055 1185 30573 163 5102 427 318
is_linear=0
shrinkage=0.02


Tree=94
num_leaves=19
num_cat=0
split_feature=0 25 7 0 40 3 35 10 3 14 15 8 12 8 3 3 21 3
split_gain=114.126 77.1948 60.4062 53.7129 53.5034 37.2402 31.6204 20.1856 12.7886 12.4659 11.2684 10.8388 21.4403 9.14388 3.0463 3.32008 2.10487 1.63479
threshold=18.221827507019047 1.0000000180025095e-35 1.0000000180025095e-35 8.6792855262756365 1.0000000180025095e-35 12.84999990463257 1.0000000180025095e-35 2.5000000000000004 3.3500000238418584 1.0000000180025095e-35 3.5000000000000004 1.4143096804618838 5.7789437770843515 3.4673515558242802 17.750000000000004 1.2500000000000002 39.356891632080085 1.8499999642372134
decision_type=2 2 10 2 2 2 2 8 2 10 10 8 10 10 2 2 10 2
left_child=1 2 4 7 6 -6 -1 9 17 -3 -9 12 14 -10 15 -2 -16 -4
right_child=11 3 8 -5 5 -7 -8 10 13 -11 -12 -13 -14 -15 16 -17 -18 -19
leaf_value=0.0020355669336017904 -0.0041766268613367468 0.020472929128665711 0.0020355669336017904 -0.0041766268613367468 0.0099962324124471674 -0.0017351204673071807 0.01171501114741069 0.0016073689816448562 -0.0041766268613367468 0.0053489996678783803 -0.0041766268613367468 -0.0041766268613367468 -0.0041766268613367468 -0.0017351204673071807 -0.0041766268613367468 -0.015188375639680975 -0.016906344331007295 -0.0017351204673071807
leaf_weight=1937.3222207352519 11.548958379775284 25.358636759221554 180.10659565776587 646.24052357673645 757.58611051738262 52.599863678216934 144.19446709379554 460.52750804647803 369.09283442795277 134.58142066001892 182.70249891281128 1752.2633122820407 24.622011069208384 133.10760990157723 8.8551187813281995 127.05671134591103 4.3138744551688424 138.3401742875576
leaf_count=15106 238 128 1286 8466 5600 886 1108 3341 3545 916 1452 39086 415 1254 234 2754 115 999
internal_value=-2.6847e-05 0.0015242 0.00305225 -0.00238896 0.004411 0.00876886 0.0027114 0.00152449 -0.00173512 0.00785922 -6.03993e-05 -0.00417663 -0.00913022 -0.00372043 -0.0133822 -0.0142558 -0.00417663 0.00139763
internal_weight=7090.42 5161.76 3712.35 1449.41 2891.7 810.186 2081.52 803.17 820.647 159.94 643.23 1928.66 176.397 502.2 151.775 138.606 13.169 318.447
internal_count=86929 44087 29784 14303 22700 6486 16214 5837 7084 1044 4793 42842 3756 4799 3341 2992 349 2285
is_linear=0
shrinkage=0.02


Tree=95
num_leaves=22
num_cat=0
split_feature=1 18 7 11 25 40 27 1 0 11 6 23 11 1 13 57 21 21 13 11 12
split_gain=124.209 90.2287 69.483 61.0285 49.4208 24.8212 23.1077 13.3 14.1387 11.9198 11.7566 11.1724 7.8327 7.50046 7.47904 3.12033 2.19343 6.19564 1.58129 1.32715 0.11922
threshold=0.31235727667808538 1.0000000180025095e-35 1.0000000180025095e-35 8.6977915763854998 1.0000000180025095e-35 1.0000000180025095e-35 1.0000000180025095e-35 0.25782336294651037 22.243088722229007 7.1643049716949472 1.0000000180025095e-35 1.0000000180025095e-35 2.9533272981643681 0.6680140793323518 0.48453612625598913 1.0000000180025095e-35 32.114606857299812 27.354229927062992 0.07329751551151277 6.0302605628967294 5.2895565032958993
decision_type=2 10 10 8 2 2 2 2 2 8 2 2 10 2 10 2 8 10 8 10 10
left_child=6 2 3 5 -5 -2 -1 15 -9 16 -10 13 -4 -11 -13 18 17 -3 -8 -14 -17
right_child=1 9 12 4 -6 -7 7 8 10 11 -12 14 19 -15 -16 20 -18 -19 -20 -21 -22
leaf_value=-0.003085358019083855 0.0037210732762440767 0.010958100557690002 0.0027211198620163256 0.0023593650876564823 -0.003085358019083855 0.010958100557690002 -0.011849640246213298 -0.003085358019083855 -0.0087409750400877784 0.010958100557690002 -0.003085358019083855 0.020381551571175639 -0.0011975783550338679 0.021069203509138004 0.040132256774001333 -0.019183294290315376 0.010958100557690002 0.028153192782104437 -0.0087409750400877784 -0.003085358019083855 -0.0087409750400877784
leaf_weight=122.06389464810491 389.43821887299418 14.334013976156713 92.210227254778147 2507.696221768856 791.46334474533796 371.28328580036759 76.290458245202899 267.80176097899675 354.16271052509546 32.305944971740246 62.977087860926986 34.934890728443861 215.52481916546822 31.783191531896591 11.68521974980831 12.285057682543984 92.287641942501068 12.918660521507261 517.76752687804401 1035.747694760561 1.8591221291571862
leaf_count=2757 2354 79 518 23761 8093 2436 2044 4545 8736 281 1544 238 1478 194 74 381 502 67 14107 12269 48
internal_value=4.86254e-05 0.00137944 0.000855697 0.0021603 0.000981875 0.00726298 -0.00524625 -0.00658671 -0.00466385 0.0136134 -0.00728483 0.0185969 -0.00308536 0.0128432 0.0260708 -0.00874098 0.0109581 0.0182857 -0.00874098 -0.00308536 -0.0180931
internal_weight=7048.82 5633.61 5403.36 4059.88 3299.16 760.722 1415.21 1293.14 684.942 230.25 417.14 110.709 1343.48 64.0891 46.6201 608.202 119.54 27.2527 594.058 1251.27 14.1442
internal_count=86506 52344 50909 36644 31854 4790 34162 31405 14825 1435 10280 787 14265 475 312 16580 648 146 16151 13747 429
is_linear=0
shrinkage=0.02


Tree=96
num_leaves=18
num_cat=0
split_feature=0 25 42 11 0 10 12 2 10 12 15 27 2 1 19 12 43
split_gain=116.697 67.693 71.4514 58.2491 51.126 48.5543 24.6377 16.7753 15.1584 15.6992 12.9645 9.20408 9.11578 6.72453 5.42251 4.01842 0.94033
threshold=18.221827507019047 1.0000000180025095e-35 1.0000000180025095e-35 10.188274860382082 8.6792855262756365 1.5000000000000002 8.3108325004577654 27.650000572204593 2.5000000000000004 0.078593701124191298 3.5000000000000004 1.0000000180025095e-35 32.850000381469734 1.2056658864021303 1.0000000180025095e-35 6.4874935150146493 1.0000000180025095e-35
decision_type=2 2 2 10 2 8 10 2 8 10 10 2 2 2 8 10 2
left_child=1 2 3 5 8 -1 -5 -2 9 -3 -10 -9 15 -4 -15 -13 -14
right_child=7 4 13 6 -6 -7 -8 11 10 -11 -12 12 16 14 -16 -17 -18
leaf_value=0.011225215372857015 -0.0041849060313341319 0.026224912981275602 -0.0041849060313341319 -0.0025113611926162521 -0.0041849060313341319 0.0040192054870396114 0.026271036619964529 -0.0041849060313341319 0.0019509177973586905 0.0049472045882761268 -0.0041849060313341319 -0.009899595665289803 -0.019311567481832641 -0.0024131745602920074 0.011586896867696388 -0.0041849060313341319 -0.009899595665289803
leaf_weight=446.26457557827234 1682.5915594827384 14.355606712400911 356.0277038551867 547.16845331713557 643.37758205831051 2302.5463957935572 11.164546545594929 35.978249730542302 461.76199452206492 154.42939464375377 178.84735057502985 143.02951587736607 49.692857267335057 23.549708217382431 19.419278398156166 2.9957050289958707 2.1995359174907199
leaf_count=2903 34543 94 2948 5833 8452 17700 69 1009 3347 989 1429 5126 2138 103 83 86 73
internal_value=2.79711e-05 0.00159352 0.00302767 0.0039968 -0.00206467 0.00519275 -0.00188988 -0.00418491 0.00158753 0.00690073 0.000179057 -0.00953663 -0.0114249 -0.00418491 0.0040336 -0.00876099 -0.0186138
internal_weight=7075.4 5158.91 3706.14 3307.14 1452.77 2748.81 558.333 1916.49 809.394 168.785 640.609 233.896 197.918 398.997 42.969 146.025 51.8924
internal_count=86925 43950 29639 26505 14311 20603 5902 42975 5859 1083 4776 8432 7423 3134 186 5212 2211
is_linear=0
shrinkage=0.02


Tree=97
num_leaves=15
num_cat=0
split_feature=0 7 43 11 25 40 28 2 2 11 11 11 3 3
split_gain=111.47 74.8372 61.7801 50.819 48.236 27.8814 22.962 22.4732 16.2342 13.9539 12.0026 7.11881 1.35256 0.367951
threshold=19.193097114562992 1.0000000180025095e-35 1.0000000180025095e-35 8.608427047729494 1.0000000180025095e-35 1.0000000180025095e-35 1.0000000180025095e-35 32.850000381469734 18.550000190734867 4.0005929470062265 18.976422309875492 5.0562305450439462 19.849999427795414 24.550000190734867
decision_type=2 10 2 8 2 2 2 2 2 10 8 8 2 2
left_child=1 2 3 5 -5 -1 7 8 -2 -3 -10 -4 -9 -14
right_child=6 9 11 4 -6 -7 -8 12 10 -11 -12 -13 13 -15
leaf_value=0.0030731086272641258 -0.002852391679639662 0.002999491497292723 0.019058266823688236 0.0028266716977222335 -0.002778444926777261 0.010066762512407644 -0.002852391679639662 -0.020020539687087485 -0.002852391679639662 -0.002852391679639662 -0.0074272716146368692 0.044594193486093017 -0.0074272716146368692 -0.01500954546016597
leaf_weight=435.85506388545036 374.71342090144753 162.2286191880703 9.9500641152262705 2436.4726236760616 820.09550401568413 480.05794309452176 147.54500713758171 45.043383354321122 106.24894782528281 1059.3443654812872 977.92245284840465 13.022412177175282 2.2234609127044669 2.5559313632547855
leaf_count=2695 8091 939 53 21308 8443 3139 3220 2046 1890 10739 24072 92 67 64
internal_value=0.000114118 0.00150249 0.00277086 0.00258627 0.00141473 0.00674568 -0.00442492 -0.0058195 -0.00535966 -0.00285239 -0.00665352 0.0347902 -0.018914 -0.00742727
internal_weight=7073.28 5417.03 4195.45 4172.48 3256.57 915.913 1656.25 1508.71 1458.88 1221.57 1084.17 22.9725 49.8228 4.77939
internal_count=86858 47408 35730 35585 29751 5834 39450 36230 34053 11678 25962 145 2177 131
is_linear=0
shrinkage=0.02


Tree=98
num_leaves=26
num_cat=0
split_feature=1 25 1 6 36 42 10 49 32 25 41 2 0 1 22 12 1 14 25 22 10 0 48 42 12
split_gain=103.391 67.7722 61.8565 56.2607 35.9395 32.4591 31.9847 23.2474 25.2178 21.5853 19.2874 18.8563 17.8219 17.4285 14.6536 7.36621 3.77955 3.61404 2.83967 2.54078 3.95998 2.51707 2.41065 1.71134 1.39706
threshold=0.55027195811271679 1.0000000180025095e-35 0.27737425267696386 1.0000000180025095e-35 1.0000000180025095e-35 1.0000000180025095e-35 2.5000000000000004 1.0000000180025095e-35 1.0000000180025095e-35 1.0000000180025095e-35 1.0000000180025095e-35 5.6499998569488534 4.8171489238739023 0.94522735476493847 0.086948394775390639 0.90585792064666759 0.52952951192855846 1.0000000180025095e-35 1.0000000180025095e-35 0.47891111671924597 4.5000000000000009 4.4073791503906259 1.0000000180025095e-35 1.0000000180025095e-35 3.2650042772293095
decision_type=2 2 2 2 2 2 10 2 2 2 2 2 2 2 8 8 2 8 2 10 8 2 2 2 10
left_child=1 2 14 6 9 10 7 8 -2 13 -4 24 -9 -5 17 -13 -17 -1 21 20 -6 -8 -7 -16 -3
right_child=3 11 5 4 19 22 18 12 -10 -11 -12 15 -14 -15 23 16 -18 -19 -20 -21 -22 -23 -24 -25 -26
leaf_value=-0.0058325919919391114 0.0085779051497797618 -0.0042309731452780325 0.00019951681790488201 0.00019951681790488201 0.035418573012132491 -0.0058325919919391114 0.002122493693656476 0.019577209620045891 0.002122493693656476 -0.0042309731452780325 -0.0058325919919391114 -0.0042309731452780325 0.00019951681790488201 0.0096011448138280855 -0.0058325919919391114 -0.018652248606093175 -0.0092559091987422983 -0.012875050585757355 -0.0025597113370193032 0.010311907888566417 0.016898452117597784 0.00019951681790488201 0.00019951681790488201 -0.013068960801099195 -0.0092559091987422983
leaf_weight=6.9908962715417138 1115.1694841980934 42.111120540648699 2593.348714677617 244.80091078579426 9.5848069712519663 213.30392315983772 33.739035189151764 18.264025822281837 310.10399612411857 589.4053422883153 104.85308081656694 10.97540846839547 256.1685622446239 91.820044606924057 693.10177383571863 128.62167049571872 23.327200006693602 147.70295678265393 158.55327155068517 8.091583847999571 15.161783032119272 192.76414085179567 15.154875952750443 36.990855783224106 12.054549552500246
leaf_count=110 6602 596 33795 1684 69 2811 143 77 2323 6018 1265 174 1687 428 18598 1938 337 4394 1353 60 105 1189 98 933 152
internal_value=0.00027905 -0.00182271 -0.00120194 0.00306062 0.000199517 0.000199517 0.00496802 0.00615011 0.00717584 0.000199517 0.000199517 -0.0126661 0.000816224 0.00211053 -0.00583259 -0.0160962 -0.0172797 -0.0119861 0.000199517 0.0219208 0.0251687 0.000199517 -0.00583259 -0.00583259 -0.00423097
internal_weight=7072.16 4028.54 3811.45 3043.63 958.864 2926.66 2084.76 1699.71 1425.27 926.026 2698.2 217.09 274.433 336.621 884.786 162.924 151.949 154.694 385.056 32.8382 24.7466 226.503 228.459 730.093 54.1657
internal_count=86939 65201 62004 21738 8364 37969 13374 10689 8925 8130 35060 3197 1764 2112 24035 2449 2275 4504 2685 234 174 1332 2909 19531 748
is_linear=0
shrinkage=0.02


Tree=99
num_leaves=22
num_cat=0
split_feature=0 25 42 0 8 18 25 0 1 3 12 9 22 3 3 1 10 22 3 3 1
split_gain=113.791 68.5691 55.661 41.5883 39.6141 32.802 23.3707 43.4289 22.0769 24.1775 17.1934 16.8062 11.8609 9.75335 22.5832 7.02681 3.94324 3.08331 7.09609 1.83327 0.603274
threshold=14.441087245941164 1.0000000180025095e-35 1.0000000180025095e-35 6.5893847942352304 2.1260362863540654 1.0000000180025095e-35 1.0000000180025095e-35 12.000208377838137 0.2841776460409165 18.650000572204593 4.6391136646270761 2.5000000000000004 0.086948394775390639 0.84999999403953563 1.1500000357627871 0.53883641958236705 2.5000000000000004 0.2048914581537247 7.5499999523162851 4.7500000000000009 1.2056658864021303
decision_type=2 2 2 2 8 10 2 2 2 2 10 10 8 2 2 2 8 8 2 2 2
left_child=1 2 4 13 10 -6 8 11 9 12 -1 -5 -2 16 -15 -9 -3 18 -4 -8 -19
right_child=6 3 17 7 5 -7 19 15 -10 -11 -12 -13 -14 14 -16 -17 -18 20 -20 -21 -22
leaf_value=-0.0018548200478136461 -0.013510717002001018 0.0092521061842462341 0.02008416081281237 -0.00077446198717627101 0.0061391562768768381 0.019180510538049384 -0.020781967944273103 -0.014813212646624664 -0.0028686509348433333 -0.0028686509348433333 0.0059719249348998199 -0.0098859672574668975 -0.0067107876662886425 0.019337540625223189 0.0037583120801449538 -0.0098859672574668975 -0.00077446198717627101 -0.0028686509348433333 -0.0028686509348433333 -0.014813212646624664 0.0025529361605338787
leaf_weight=371.12944953888655 123.18056050874293 15.603788331151007 7.5015491321682957 761.29423680156469 1626.8538475707173 80.280500374734402 25.742778807878494 60.050375927239656 2179.6688063554466 140.91607882641256 159.7816652841866 89.644626930356026 636.27974316850305 42.780040472745895 254.18312384933233 90.832647874951363 65.676577247679234 236.86041125282645 11.50641744956374 38.83757795765996 40.37637323141098
leaf_count=2603 3824 77 52 7971 10988 522 385 922 30316 3537 981 1010 17732 225 1476 1263 364 1703 118 617 175
internal_value=-3.6064e-05 0.00223967 0.00419247 -0.00134682 0.00528019 0.00676332 -0.00286865 -0.00286865 -0.00286865 -0.00603546 0.000507496 -0.00174482 -0.00783002 0.00436462 0.00606 -0.0133578 -0.000774462 -0.00286865 0.00616343 -0.0148132 -0.00286865
internal_weight=7058.98 3914.36 2534.29 1380.07 2238.05 1707.13 3144.63 1001.82 3080.05 900.376 530.911 850.939 759.46 378.244 296.963 150.883 81.2804 296.245 19.008 64.5804 277.237
internal_count=86861 30450 17142 13308 15094 11510 56411 11166 55409 25093 3584 8981 21556 2142 1701 2185 441 2048 170 1002 1878
is_linear=0
shrinkage=0.02


Tree=100
num_leaves=21
num_cat=0
split_feature=0 25 42 0 35 1 0 10 41 3 1 3 2 22 3 1 11 8 15 8
split_gain=104.813 70.347 51.4205 45.6674 39.2329 46.5322 24.293 16.8469 15.2458 14.5253 14.3972 21.5107 12.6817 11.7551 7.53874 6.77231 4.58309 1.35308 1.08009 0.832971
threshold=17.033202171325687 1.0000000180025095e-35 1.0000000180025095e-35 8.6792855262756365 1.0000000180025095e-35 1.4878956675529482 15.561008930206301 2.5000000000000004 1.0000000180025095e-35 0.55000001192092907 0.27737425267696386 20.849999427795414 4.2500000000000009 0.086948394775390639 11.750000000000002 1.2056658864021303 4.2677376270294198 2.9683817625045781 2.5000000000000004 6.2778050899505624
decision_type=2 2 2 2 2 2 2 8 2 2 2 2 2 8 2 2 8 10 10 10
left_child=1 2 4 7 5 -1 -6 9 10 -3 11 13 -9 -2 19 17 -17 -4 -16 -10
right_child=8 3 15 -5 6 -7 -8 12 14 -11 -12 -13 -14 -15 18 16 -18 -19 -20 -21
leaf_value=0.0029504141780988639 -0.013927241373597955 0.024017266323367259 -0.0035578024785180495 -0.0035578024785180495 0.015106117693750195 0.016947835957439938 -0.00070334091267569131 0.0051112463677592665 -0.020803565275402464 0.0051879586158538726 -0.0035578024785180495 -0.0035578024785180495 -0.0014271166799728337 -0.006946267960644412 -0.0035578024785180495 -0.0012029594412584193 0.011945934045060832 -0.0012029594412584193 -0.016392289697089446 -0.007188752623860162
leaf_weight=2682.5466363318264 117.25056697614491 17.677835449576378 257.30420597270131 629.06750452518463 189.81043650209904 97.55028885602951 48.718405988067389 156.07008044421673 30.697904583066702 143.55751695111394 1439.5957261584699 64.768280953168869 484.22695780545473 566.13934950158 5.0657502710819227 24.490692600607872 17.482021600008011 71.749111223965883 3.5008169952780008 3.3612692765891543
leaf_count=20816 3825 102 2086 8358 1273 408 440 919 552 930 24232 1489 3854 16587 111 106 75 576 77 72
internal_value=2.60942e-05 0.00168479 0.00325415 -0.00203331 0.00411813 0.00344748 0.0118877 0.00163096 -0.0035578 0.00738772 -0.0035578 -0.00636295 0.000172071 -0.00816261 -0.0153932 -0.0035578 0.00442422 -0.0035578 -0.0035578 -0.0197033
internal_weight=7050.63 4820.25 3389.65 1430.6 3018.63 2780.1 238.529 801.532 2230.38 161.235 2187.75 748.158 640.297 683.39 42.6257 371.026 41.9727 329.053 8.56657 34.0592
internal_count=86888 39943 25780 14163 22937 21224 1713 5805 46945 1032 46133 21901 4773 20412 812 2843 181 2662 188 624
is_linear=0
shrinkage=0.02


Tree=101
num_leaves=16
num_cat=0
split_feature=3 1 18 7 14 10 3 3 3 49 1 10 3 3 14
split_gain=97.5045 108.245 67.2319 57.8038 42.1366 21.913 13.0078 10.5148 9.8673 5.75414 5.19464 4.72649 7.13651 2.83852 0.695119
threshold=28.10000038146973 0.27737425267696386 1.0000000180025095e-35 1.0000000180025095e-35 1.0000000180025095e-35 1.5000000000000002 35.799999237060554 8.9499998092651385 2.1499999761581425 1.0000000180025095e-35 0.22719366103410724 1.0000000180025095e-35 12.750000000000002 3.6499999761581425 1.0000000180025095e-35
decision_type=2 2 10 10 8 10 2 2 2 2 2 8 2 2 10
left_child=1 7 3 4 -3 -5 -2 10 9 -4 -1 -9 -13 -12 -10
right_child=6 2 8 5 -6 -7 -8 11 14 -11 13 12 -14 -15 -16
leaf_value=-0.019889722930950048 0.031018053470873087 0.011088755877031033 0.022638024651931411 0.00032400496199147473 0.0011882905641999737 -0.0048075489403034636 0.083767200637279202 -0.0014589442960663802 0.011088755877031033 0.011088755877031033 -0.0054799919466518732 -0.0048075489403034636 -0.0077397325265300132 -0.012176868998278828 0.0069704519146136018
leaf_weight=25.487550757825375 5.9120567589998227 115.15568954497576 47.689621642231941 505.94450854323804 4320.2144540809095 971.32597689703107 4.3349299989640713 91.195313600823283 69.521794553846121 15.008650429546831 42.782004412263632 133.59850112721324 510.36551851220429 72.382942739874125 110.70208647102118
leaf_count=1048 110 574 244 6709 43094 10513 71 2315 469 82 1621 3410 13281 2572 758
internal_value=-4.34938e-05 -0.000137592 0.000798771 0.000374201 0.00151546 -0.00305103 0.0587971 -0.00671214 0.0110888 0.0190821 -0.0117211 -0.00573918 -0.00634213 -0.00975767 0.0110888
internal_weight=7041.62 7031.37 6155.56 5912.64 4435.37 1477.27 10.247 875.812 242.922 62.6983 140.652 735.159 643.964 115.165 180.224
internal_count=86871 86690 62443 60890 43668 17222 181 24247 1553 326 5241 19006 16691 4193 1227
is_linear=0
shrinkage=0.02


Tree=102
num_leaves=16
num_cat=0
split_feature=43 1 7 32 1 0 11 3 1 22 3 11 0 3 3
split_gain=99.4187 97.7823 65.9246 53.8125 49.6439 34.5046 19.0792 18.8978 14.7929 15.4483 12.7926 11.6482 6.88859 4.37089 3.49253
threshold=1.0000000180025095e-35 0.29377762973308569 1.0000000180025095e-35 1.0000000180025095e-35 0.62877589464187633 4.4073791503906259 7.9334669113159189 23.349999427795414 0.25782336294651037 0.067288905382156386 6.3500001430511483 16.00541973114014 4.4073791503906259 5.8500001430511483 1.0000000180025095e-35
decision_type=2 2 10 2 2 2 8 2 2 8 2 10 2 2 2
left_child=1 7 3 4 -3 -5 -2 8 9 -1 -10 13 -4 -8 -14
right_child=6 2 12 5 -6 -7 11 -9 10 -11 -12 -13 14 -15 -16
leaf_value=-0.016464077164134956 0.016475977544622159 0.0013421356948487063 0.0013421356948487063 0.0098030345790860018 0.0061035895982050918 -0.0027909644497542373 0.028795033387357609 -0.0027909644497542373 -0.0073479720862628575 -0.0073479720862628575 -0.0027909644497542373 0.012258910684311161 -0.0073479720862628575 0.064082600875322873 -0.0027909644497542373
leaf_weight=86.511431362479925 16.804980788379908 2300.8391781188548 55.564823225140572 86.21708969771862 1414.0355620086193 694.95554245635867 4.6755995098501471 29.689857292920351 84.234562305733562 536.26179942116141 352.8896148763597 3.8429586589336386 24.220950648188591 9.6240697875618917 1339.0533368587494
leaf_count=2676 105 25381 247 371 8634 7296 46 589 2618 14998 8025 100 220 137 15405
internal_value=0.000122148 -4.81054e-05 0.000966352 0.00215242 0.0031557 -0.00261659 0.0332977 -0.00555098 -0.00665922 -0.00863868 -0.00382579 0.0472044 -0.00279096 0.0551807 -0.00279096
internal_weight=7039.42 7004.47 5914.89 4496.05 3714.87 781.173 34.9476 1089.59 1059.9 622.773 437.124 18.1426 1418.84 14.2997 1363.27
internal_count=86848 86460 57554 41682 34015 7667 388 28906 28317 17674 10643 283 15872 183 15625
is_linear=0
shrinkage=0.02


Tree=103
num_leaves=24
num_cat=0
split_feature=1 25 12 8 1 25 19 2 22 12 1 3 22 31 3 22 12 12 12 1 22 0 12
split_gain=91.5312 59.9061 54.7861 56.3459 39.1585 38.496 26.5262 24.3824 23.6411 24.1515 14.3262 9.60288 8.59449 6.14637 5.43128 5.82997 5.15879 2.18888 3.5465 0.817111 0.401966 0.657544 0.199894
threshold=0.55027195811271679 1.0000000180025095e-35 4.8498277664184579 2.1471621990203862 0.27737425267696386 1.0000000180025095e-35 1.0000000180025095e-35 4.8500001430511483 0.29156945645809179 3.362500905990601 0.25174379348754888 4.6499998569488534 0.34881450235843664 1.0000000180025095e-35 1.2500000000000002 0.65683752298355114 5.6021008491516122 0.80317857861518871 0.50010633468627941 0.20442671328783038 0.40304730832576757 12.367497444152834 6.5947694778442392
decision_type=2 2 10 8 2 2 10 2 8 8 2 2 8 2 2 10 10 8 10 2 10 2 10
left_child=1 2 3 13 -5 6 8 12 11 -10 19 -2 -3 -1 -8 -16 17 18 -7 -4 21 -9 -18
right_child=5 7 10 4 -6 16 14 20 9 -11 -12 -13 -14 -15 15 -17 22 -19 -20 -21 -22 -23 -24
leaf_value=-0.010482025653519675 0.016514213827284092 -0.015879401778920988 -0.0070569631756538789 -0.0055971965143694555 -6.2925319330349975e-05 0.00041530936082805547 0.028522055921939723 -0.015879401778920988 -6.2925319330349975e-05 0.0048863554230492426 0.0048863554230492426 0.0048863554230492426 -0.00025756756776769272 -0.0059537069700960508 0.01677344401292721 0.0048863554230492426 0.010980761615556181 -0.00025756756776769272 0.0081494497031561891 -0.0023562120922226005 -0.012325340104374295 -0.018225109782381871 0.0061203316141614965
leaf_weight=304.34603301621974 38.309547394514084 11.619996603578327 30.015525309368968 679.27905409038067 2060.1936655156314 88.177364390343428 15.95860770344734 38.711752772331238 464.12288009375334 1228.7304545044899 470.02134220302105 19.389133140444756 29.509136974811554 206.5203304477036 36.538042262196541 15.35759925842285 11.600344538688661 1080.529509935528 31.500344324856997 31.171166634187102 27.587914243340492 102.04890652373433 12.57463965564966
leaf_count=5117 248 162 650 19489 28000 833 70 567 2864 6941 4672 124 392 3453 163 66 92 9836 289 772 439 1589 82
internal_value=-0.000128426 -0.00212031 -0.00154186 -0.00257541 -0.00143674 0.00248404 0.00432916 -0.0125057 0.00384769 0.00341274 0.00248404 0.0163335 -0.000257568 -0.00866664 0.0165142 0.0165142 -0.000257568 -0.000257568 0.00250167 -0.00473859 -0.0158794 -0.0164841 0.00879614
internal_weight=7033.81 3991.02 3781.55 3250.34 2739.47 3042.79 1818.41 209.478 1750.55 1692.85 531.208 57.6987 41.1291 510.866 67.8542 51.8956 1224.38 1200.21 119.678 61.1867 168.349 140.761 24.175
internal_count=86910 65302 62153 56059 47489 21608 10476 3149 10177 9805 6094 372 554 8570 299 229 11132 10958 1122 1422 2595 2156 174
is_linear=0
shrinkage=0.02


Tree=104
num_leaves=15
num_cat=0
split_feature=43 2 7 32 42 0 12 31 27 2 33 2 21 3
split_gain=75.9348 76.9173 57.1 46.1967 38.8688 34.8358 14.4625 13.7683 13.638 21.9815 15.8175 10.3031 4.14459 1.35938
threshold=1.0000000180025095e-35 16.849999427795414 1.0000000180025095e-35 1.0000000180025095e-35 1.0000000180025095e-35 4.4073791503906259 9.2537512779235858 1.0000000180025095e-35 1.0000000180025095e-35 32.850000381469734 1.0000000180025095e-35 12.449999809265138 74.864463806152358 19.849999427795414
decision_type=2 2 10 2 2 2 10 2 2 2 2 2 8 2
left_child=1 2 3 4 -1 -5 7 11 -3 10 -10 -2 -8 -11
right_child=6 8 -4 5 -6 -7 12 -9 9 13 -12 -13 -14 -15
leaf_value=0.003791011986330254 0.064511878549110974 -0.0027304931898672448 -0.0027304931898672448 0.009696914524930815 -0.0027304931898672448 -0.0027304931898672448 0.021182003567638309 0.016682066938199135 -0.0037019139833391179 -0.019936565693646702 -0.009821941288738912 0.022612861942368077 -0.00035380617074922614 -0.009821941288738912
leaf_weight=3231.9050021767616 8.1717434599995595 133.02335164137185 1190.9614424929023 90.440761663019657 225.53955216705799 667.28316969424486 6.6093823872506592 9.0979413688182831 1217.1534198988229 40.300894988700747 195.8678389750421 5.2647505216300496 6.6803266406059274 4.2231315057724705
leaf_count=29031 56 2971 12038 393 1829 6977 49 98 26854 1969 4289 96 86 121
internal_value=0.000148081 -2.67765e-06 0.00113485 0.00222736 0.00320742 -0.0022429 0.0287928 0.0383185 -0.00386727 -0.00500104 -0.0045566 0.0507984 0.0110894 -0.0186962
internal_weight=7032.52 6996.7 5406.13 4215.17 3457.44 757.724 35.8241 22.5344 1590.57 1457.55 1413.02 13.4365 13.2897 44.524
internal_count=86857 86472 50268 38230 30860 7370 385 250 36204 33233 31143 152 135 2090
is_linear=0
shrinkage=0.02


Tree=105
num_leaves=20
num_cat=0
split_feature=3 1 48 28 1 12 11 3 3 3 0 3 3 13 1 1 11 12 57
split_gain=107.52 103.463 67.8275 55.1455 55.6682 26.4998 20.9 26.721 16.6426 14.1183 28.417 14.9885 9.93073 5.43679 4.85894 4.57885 4.53327 2.51671 1.94407
threshold=25.849999427795414 0.27737425267696386 1.0000000180025095e-35 1.0000000180025095e-35 1.2566752433776858 3.1622416973114018 3.1568622589111333 2.4500000476837163 5.1499998569488534 35.799999237060554 31.6256217956543 28.349999427795414 8.9499998092651385 0.07329751551151277 0.22719366103410724 0.25896643102169042 29.870300292968754 9.7106957435607928 1.0000000180025095e-35
decision_type=2 2 2 2 2 10 8 2 2 2 2 2 2 8 2 2 10 10 2
left_child=1 12 3 4 -3 9 17 -8 -5 10 -2 -12 14 15 -1 -14 -16 -4 -15
right_child=5 2 6 8 -6 -7 7 -9 -10 -11 11 -13 13 18 16 -17 -18 -19 -20
leaf_value=-0.01982644906699204 0.079172506402559462 -0.00042689622658433405 -0.0055065350617645283 0.030296123714964082 0.0072441060498011642 -0.0023811875849677568 0.030974379237865304 0.010555150099505493 0.0088195175887546325 0.092096939800514546 -0.016101349834543539 0.036757286181566755 -0.0130064045730193 -0.0055065350617645283 -0.011502201358289643 -0.0055065350617645283 -0.00042689622658433405 0.0033955949309379609 -0.014142657232947388
leaf_weight=24.456062890589237 3.5907135903835314 5489.5579628329724 12.411952808499338 28.076275289058685 405.42128120362759 3.3138625994324675 30.120528608560562 160.69224022701383 30.991937033832073 3.76043352857232 3.2806373201310635 3.5035792924463749 72.502604270353913 601.8966849911958 93.553555252030492 19.945654300972819 16.713826356455684 12.085599832236765 11.17574588395655
leaf_count=1057 63 58502 58 503 1826 65 142 975 572 54 73 65 1924 15940 3450 477 669 63 334
internal_value=-7.43718e-05 -0.000201254 0.000695832 0.000296104 0.000101808 0.0481442 0.0116972 0.0139231 0.0193622 0.0593639 0.0404463 0.0124117 -0.00678096 -0.00581558 -0.0117564 -0.0104379 -0.00980444 -0.00550654 -0.00550654
internal_weight=7027.05 7009.6 6169.36 5954.05 5894.98 17.4492 215.31 190.813 59.0682 14.1354 10.3749 6.78422 840.244 705.521 134.723 92.4483 110.267 24.4976 613.072
internal_count=86812 86492 62641 61403 60328 320 1238 1117 1075 255 201 138 23851 18675 5176 2401 4119 121 16274
is_linear=0
shrinkage=0.02


Tree=106
num_leaves=19
num_cat=0
split_feature=3 1 48 27 2 3 0 3 3 23 22 11 22 27 2 21 3 21
split_gain=81.3988 89.0794 66.2854 61.2607 54.2999 36.4322 31.5217 17.6394 18.5383 12.8951 11.2286 10.8698 38.4828 6.63517 6.53237 6.3327 5.77433 0.442967
threshold=25.849999427795414 0.27737425267696386 1.0000000180025095e-35 1.0000000180025095e-35 18.550000190734867 35.799999237060554 31.6256217956543 2.4500000476837163 10.34999990463257 1.0000000180025095e-35 0.086948394775390639 6.610675811767579 0.096441663801670088 1.0000000180025095e-35 23.250000000000004 39.58967590332032 28.349999427795414 42.765848159790046
decision_type=2 2 2 2 2 2 2 2 2 2 8 8 8 2 2 10 2 10
left_child=1 10 3 9 -5 6 -2 11 -9 -3 14 -4 -12 -14 15 -1 -8 -16
right_child=5 2 7 4 -6 -7 16 8 -10 -11 12 -13 13 -15 17 -17 -18 -19
leaf_value=-0.0052305659260963267 0.060847124339219801 0.03134960429037887 0.011298033015855434 0.00066500586252815576 -0.0052305659260963267 0.084455652138833132 -0.016804964108010464 0.0046966330920765005 0.018806445613979296 0.012073157568315666 0.024162253975562153 0.034602755084096395 -0.00058643195826393586 -0.0067604059207374235 -0.01866311883536621 -0.014972341213262139 0.012232441929362809 -0.014972341213262139
leaf_weight=55.235249506309628 4.1216999851167229 23.722150515764952 15.997259780764578 5174.0889825448394 709.71502505801618 4.6665325947105876 4.0428298600018007 128.60753973945975 52.039680723100901 36.773798618465662 16.325527323409915 18.457944869995117 78.92192530632019 603.26040235720575 41.559413785114884 32.517914433032274 5.0035425573587418 15.170462284237145
leaf_count=1420 67 427 70 45775 14385 67 94 689 381 655 451 90 2033 17065 1645 809 90 636
internal_value=-0.00016699 -0.000278633 0.000556237 0.000160648 -4.68966e-05 0.041355 0.021198 0.0114369 0.00884245 0.0200189 -0.00637213 0.0244064 -0.00530843 -0.00604804 -0.0114428 -0.00787464 -0.00112544 -0.0167302
internal_weight=7020.23 7002.39 6159.4 5944.3 5883.8 17.8346 13.1681 215.102 180.647 60.4959 842.991 34.4552 698.508 682.182 144.483 87.7532 9.04637 56.7299
internal_count=86849 86531 62472 61242 60160 318 251 1230 1070 1082 24059 160 19549 19098 4510 2229 184 2281
is_linear=0
shrinkage=0.02


Tree=107
num_leaves=15
num_cat=0
split_feature=43 3 0 32 0 49 12 2 33 31 21 3 32 21
split_gain=95.2578 86.3452 89.8415 67.012 43.9633 41.9839 15.8934 13.6911 9.73296 7.94854 5.95966 4.86358 1.9625 0.786187
threshold=1.0000000180025095e-35 28.10000038146973 18.314747810363773 1.0000000180025095e-35 4.4073791503906259 1.0000000180025095e-35 4.1054394245147714 27.650000572204593 1.0000000180025095e-35 1.0000000180025095e-35 77.12158584594728 35.799999237060554 1.0000000180025095e-35 24.01264572143555
decision_type=2 2 2 2 2 2 10 2 2 2 8 2 2 10
left_child=1 2 3 5 -5 -1 13 12 -9 10 -8 -3 -4 -2
right_child=6 11 7 4 -6 -7 9 8 -10 -11 -12 -13 -14 -15
leaf_value=0.0031240260267320951 0.055938425323267496 0.03147209062734653 -0.0030702768505477037 0.0081396892389899844 -0.0041024912436264886 -0.0025331578072325142 0.041182206408793255 -0.011967332871137501 -0.0041024912436264886 0.0050540050180507036 0.013428968078067864 0.069015051267582686 -0.0041024912436264886 0.030385915909119411
leaf_weight=3453.598058514297 8.0766843408346158 5.8430772982537729 1440.4247139170766 121.34000249952078 982.85083363205194 617.94116903096437 7.1875553708523503 151.01979376934469 59.35472390986979 9.4397733584046364 7.2892460003495225 5.1789715699851513 152.66782258450985 5.5992814600467673
leaf_count=28472 106 103 30584 532 10261 4883 58 6246 2032 90 79 68 3441 64
internal_value=5.54278e-06 -0.000167433 -0.000259644 0.00107992 -0.00328806 0.00226502 0.0313408 -0.00410249 -0.00920037 0.0201175 0.0289787 0.0533859 -0.00410249 0.0482599
internal_weight=7027.81 6990.22 6979.2 5175.73 1104.19 4071.54 37.5925 1803.47 210.375 23.9166 14.4768 11.022 1593.09 13.676
internal_count=87019 86622 86451 44148 10793 33355 397 42303 8278 227 137 171 34025 170
is_linear=0
shrinkage=0.02


Tree=108
num_leaves=15
num_cat=0
split_feature=3 1 25 32 1 10 14 1 0 3 3 1 1 12
split_gain=91.1644 87.6961 59.2867 50.0634 38.0875 35.2714 30.2783 27.9233 24.011 15.3121 11.9278 7.67158 5.57321 1.02546
threshold=35.799999237060554 0.5447276532649995 1.0000000180025095e-35 1.0000000180025095e-35 0.27044226229190832 2.5000000000000004 1.0000000180025095e-35 1.4878956675529482 10.449639797210695 23.349999427795414 0.35000000894069677 1.0276506543159487 0.35474261641502386 3.0594816207885747
decision_type=2 2 2 2 2 10 8 2 2 2 2 2 2 10
left_child=1 2 4 5 9 6 -3 -5 12 -1 -9 -7 -4 -10
right_child=-2 3 8 7 -6 11 -8 10 13 -11 -12 -13 -14 -15
leaf_value=-0.0068221039739405709 0.075712481203237134 0.015230557456677191 -0.016282188896268274 -0.0014413448866011586 -0.0014413448866011586 -0.0014413448866011586 0.0044881027775902464 -0.0014413448866011586 -0.016282188896268274 -0.0014413448866011586 0.011711925381927921 0.0044881027775902464 -0.0014413448866011586 -0.020975983421221103
leaf_weight=736.89727745577693 5.363039404153823 110.73430379480124 7.1408824920654288 735.91912545636296 2936.634292403236 262.64910661429167 1791.3376416787505 19.343469485640526 126.52320874482393 27.648880241438746 91.380550444126129 77.165595725178719 37.431794296950102 29.651041258126497
leaf_count=21489 67 503 117 6885 39496 2066 11644 87 2026 564 390 387 478 453
internal_value=4.43734e-05 -2.44997e-05 -0.00201726 0.00249292 -0.00144134 0.0040587 0.00512118 -0.00144134 -0.0125757 -0.00590268 0.00857521 -0.00144134 -0.00144134 -0.0162822
internal_weight=6995.82 6990.46 3901.93 3088.53 3701.18 2241.89 1902.07 846.643 200.747 764.546 110.724 339.815 44.5727 156.174
internal_count=86652 86585 64623 21962 61549 14600 12147 7362 3074 22053 477 2453 595 2479
is_linear=0
shrinkage=0.02


Tree=109
num_leaves=17
num_cat=0
split_feature=18 0 12 27 0 42 15 11 11 21 5 25 21 21 13 21
split_gain=71.5591 57.7191 54.5168 56.579 77.2773 20.0428 10.1189 7.71879 6.22748 5.241 8.98462 4.30747 2.60575 2.13915 1.88687 1.96542
threshold=1.0000000180025095e-35 4.4073791503906259 6.6955211162567148 1.0000000180025095e-35 19.273557662963871 1.0000000180025095e-35 3.5000000000000004 22.235260963439945 19.104974746704105 42.419630050659187 1.0000000180025095e-35 1.0000000180025095e-35 31.844388008117679 53.130735397338874 1.1556174755096438 25.343027114868168
decision_type=10 2 10 2 2 2 8 10 8 10 2 2 8 8 10 10
left_child=1 -1 3 6 -5 7 -3 -4 12 10 11 -10 14 -7 15 -2
right_child=8 2 5 4 -6 13 -8 -9 9 -11 -12 -13 -14 -15 -16 -17
leaf_value=0.0097187755420564265 0.010695022935200096 -0.0071330133165160492 0.0096268676514668534 -3.4685817907980186e-05 -0.0054356736805401583 -0.016420949827309107 0.0097187755420564265 -0.0080813735375573487 0.026301229949065249 0.0097187755420564265 0.0097187755420564265 0.01062362441951514 0.0097187755420564265 -0.0044165178494403653 0.0097187755420564265 0.02401634679535455
leaf_weight=225.94802820682526 9.6389594376087206 15.077896021306513 282.76366301253438 4678.879620347172 1368.9160095211118 8.8285905532538909 130.933833533898 9.4780674800276739 36.606336660683155 10.562814954668282 20.848761506378651 11.026855058968065 159.5212343223393 17.85544797219336 9.6678373254835588 15.751565147191284
leaf_count=978 66 401 2154 43069 34910 52 2785 268 309 106 122 90 1141 168 56 107
internal_value=0.00021161 -0.000196195 -0.000541617 -0.000957311 -0.00125789 0.00750927 0.00971878 0.00902695 0.010219 0.0154771 0.0180693 0.022965 0.00971878 -0.00883795 0.0165945 0.0195561
internal_weight=7012.31 6738.68 6512.73 6193.81 6047.8 318.926 146.012 292.242 273.624 79.0448 68.482 47.6332 194.58 26.684 35.0584 25.3905
internal_count=86782 84785 83807 81165 77979 2642 3186 2422 1997 627 521 399 1370 220 229 173
is_linear=0
shrinkage=0.02


Tree=110
num_leaves=15
num_cat=0
split_feature=3 1 12 8 32 1 3 12 12 15 13 11 22 8
split_gain=83.7011 86.4662 70.1598 69.157 55.6584 22.0777 15.2365 13.859 11.3762 10.3117 9.64365 7.40037 7.37126 4.81623
threshold=28.10000038146973 0.27737425267696386 6.6955211162567148 1.7478299736976626 1.0000000180025095e-35 0.59877228736877453 11.949999809265138 8.8806543350219744 8.3108325004577654 2.5000000000000004 4.4542806148529062 36.496849060058601 0.086948394775390639 5.643782615661622
decision_type=2 2 10 8 2 2 2 10 10 8 10 10 10 10
left_child=1 7 3 5 -5 -3 10 9 -8 12 -4 -2 -1 -11
right_child=11 2 6 4 -6 -7 8 -9 -10 13 -12 -13 -14 -15
leaf_value=-0.012650341088699821 0.031534438473039397 -0.0061977140746019123 0.0080202646172758043 0.0022883533073887003 -0.003334927954689182 -0.003334927954689182 0.0079958127611885772 0.0080202646172758043 0.035106331721561627 -0.0061977140746019123 0.018642162007103839 0.070388121593845041 -0.0061977140746019123 -0.003334927954689182
leaf_weight=173.76303602568805 8.423148036003111 512.26945031806827 300.64410816505551 3761.648427054286 865.20538561418653 664.93214194476604 11.609670493751766 18.051090929657221 14.390864755958317 527.29962879046798 33.759969104081392 4.4359647221863261 59.539199387654662 53.354284204542637
leaf_count=5543 125 6837 1900 38994 9321 5028 143 343 127 15144 166 61 1663 1411
internal_value=-5.25146e-05 -0.000149758 0.000667398 0.000134993 0.00123633 -0.00419104 0.00921729 -0.00619771 0.0237455 -0.00659171 0.00802026 0.0490494 -0.0104765 -0.00619771
internal_weight=7009.33 6996.47 6164.46 5804.06 4626.85 1177.2 360.405 832.007 26.0005 813.956 334.404 12.8591 233.302 580.654
internal_count=86806 86620 62516 60180 48315 11865 2336 24104 270 23761 2066 186 7206 16555
is_linear=0
shrinkage=0.02


Tree=111
num_leaves=18
num_cat=0
split_feature=1 7 12 1 25 35 42 13 22 1 3 3 22 3 3 57 1
split_gain=76.9264 55.7588 52.61 40.8329 45.3154 20.8517 19.0813 14.4536 11.0257 6.62751 9.54289 3.91092 3.78329 2.80633 2.3489 2.22028 1.98327
threshold=0.31478744745254522 1.5000000000000002 5.1094610691070566 0.91811931133270275 1.0000000180025095e-35 1.0000000180025095e-35 1.0000000180025095e-35 4.2952420711517343 0.086948394775390639 0.2819118350744248 20.94999980926514 5.4500000476837167 0.22185585647821429 2.4500000476837163 14.250000000000002 1.0000000180025095e-35 0.20442671328783038
decision_type=2 10 10 2 2 2 2 10 8 2 2 2 10 2 2 2 2
left_child=8 2 3 4 -2 -5 7 -4 9 10 16 -11 15 -8 -14 -10 -1
right_child=1 -3 6 5 -6 -7 13 -9 12 11 -12 -13 14 -15 -16 -17 -18
leaf_value=-0.018085901310106667 0.0012618598012807435 -0.004084341085300253 0.0078201556691764734 0.0041975822280021285 -0.004084341085300253 0.02455936785197891 0.0064079599161943326 0.020627997298521591 -0.004084341085300253 -0.012923019526659623 -0.004084341085300253 -0.004084341085300253 -0.01786575396649934 -0.004084341085300253 -0.004084341085300253 -0.015080573301263023 -0.012923019526659623
leaf_weight=35.02698116004467 2817.0639572255313 497.42798417061567 459.75925606116652 1019.4528991505504 745.84844866394997 19.574995651841164 9.4629357792437059 37.719803299754858 1140.6150571294129 11.815399644896386 10.514938622713087 40.108019389212132 16.129132263362415 36.215159691870213 3.7551356703042975 16.320032197982073 103.86274655815214
leaf_count=1043 27901 5759 3192 5505 9086 86 53 186 28420 285 280 753 292 252 98 439 3411
internal_value=0.000150028 0.00118478 0.00181351 0.00111788 0.000100106 0.00460444 0.00769445 0.0088307 -0.00408434 -0.00876197 -0.0109524 -0.00408434 -0.00408434 -0.00408434 -0.0145719 -0.00408434 -0.012923
internal_weight=7020.67 5642.53 5145.1 4601.94 3562.91 1039.03 543.157 497.479 1378.15 201.328 149.405 51.9234 1176.82 45.6781 19.8843 1156.94 138.89
internal_count=87041 52020 46261 42578 36987 5591 3683 3378 35021 5772 4734 1038 29249 305 390 28859 4454
is_linear=0
shrinkage=0.02


Tree=112
num_leaves=13
num_cat=0
split_feature=43 3 2 25 2 42 2 31 12 27 21 27
split_gain=73.7974 66.6689 65.6509 48.0115 48.557 42.2197 13.0084 12.4978 10.3321 9.92995 3.88112 2.02749
threshold=1.0000000180025095e-35 35.799999237060554 18.550000190734867 1.0000000180025095e-35 6.8500001430511483 1.0000000180025095e-35 32.850000381469734 1.0000000180025095e-35 7.6580505371093759 1.0000000180025095e-35 27.199240684509281 1.0000000180025095e-35
decision_type=2 2 2 2 2 2 2 2 10 2 10 2
left_child=1 2 3 5 -5 -1 11 8 -2 -8 -9 -4
right_child=7 -3 6 4 -6 -7 9 10 -10 -11 -12 -13
leaf_value=0.0024645525026690059 0.05174604187800419 0.062048011791194096 -0.0043489871375508218 0.0017907285766201536 -0.0043489871375508218 -0.0041266245379314006 -0.0043489871375508218 0.0026585993877576031 0.021825184892815996 -0.019017643393415988 0.023098253459500208 -0.00535321239971064
leaf_weight=3868.0265319831669 10.192721020430328 5.8998911604285231 118.94741032086313 653.16004997119308 769.63805850595236 431.24291232787073 9.4552026446908695 8.4167326521128398 12.323285035789011 41.818181604146957 6.1061252932995549 1055.9848855100572
leaf_count=36907 121 66 2582 5017 9235 3820 301 87 115 2120 63 26304
internal_value=6.22649e-05 -8.9684e-05 -0.000151367 0.000748761 -0.00243469 0.00180261 -0.00434899 0.0278435 0.0369945 -0.0143441 0.0121868 -0.00434899
internal_weight=6991.21 6954.17 6948.27 5722.07 1422.8 4299.27 1226.21 37.0389 22.516 51.2734 14.5229 1174.93
internal_count=86738 86352 86286 54979 14252 40727 31307 386 236 2421 150 28886
is_linear=0
shrinkage=0.02


Tree=113
num_leaves=21
num_cat=0
split_feature=48 1 8 12 12 27 10 22 11 42 21 21 16 8 16 21 5 12 12 12
split_gain=62.8775 70.2734 47.4906 45.5235 33.0214 31.1283 30.4292 16.5716 15.4906 12.763 12.4741 8.79855 7.63217 7.29754 6.66599 2.79368 2.39266 2.37674 3.67028 0.571151
threshold=1.0000000180025095e-35 0.7128843665122987 1.7003225684165957 3.9116859436035161 5.9072575569152841 1.0000000180025095e-35 1.5000000000000002 0.6220344901084901 4.1239080429077157 1.0000000180025095e-35 30.578423500061039 74.864463806152358 inf 0.90559673309326183 1.0000000180025095e-35 56.721557617187507 1.0000000180025095e-35 10.288510322570803 7.4862506389617929 6.8092269897460946
decision_type=2 2 8 10 10 2 8 10 8 2 8 8 8 10 8 8 2 10 10 10
left_child=1 2 4 5 13 -4 7 10 17 11 -3 14 -13 -1 -10 -11 -9 18 -2 -6
right_child=8 6 3 -5 19 -7 -8 16 9 15 -12 12 -14 -15 -16 -17 -18 -19 -20 -21
leaf_value=-0.010274773765098002 0.0028544623062564233 0.027996271525352986 0.0027166855887931964 0.0027166855887931964 -0.00016450832274258321 -0.0022852653132337582 0.0027166855887931964 0.0072238874124505104 0.012171398316273507 -0.010604636799011939 0.011525245223526796 0.0011803575935991958 0.014826765823076184 -0.0060122417842676436 0.022402541355054845 0.0045111659926855034 0.0027166855887931964 0.0049084117720125586 -0.011764251721895382 0.0027166855887931964
leaf_weight=311.47790384292603 12.809751406311991 21.844320856034756 144.75793131068349 556.3429038869217 37.19843284599483 3325.3948032278568 1736.3532971665263 49.158461682498455 55.852713275700808 9.3596236594021338 117.03933883085847 33.210196919739246 31.740958161652088 345.10281459614635 55.541731685400009 8.4565129913389665 46.984420016407967 15.772903323173521 13.068805634975432 78.47587157972157
leaf_count=4622 61 125 3123 7201 428 51661 11325 300 336 57 626 221 204 5174 358 64 230 87 61 692
internal_value=-0.000107292 -0.000461564 -0.00176752 -0.000895466 -0.00630731 -0.0017985 0.00271669 0.00990002 0.0100227 0.012386 0.0142975 0.0140092 0.00797291 -0.00804691 0.0174266 -0.00357141 0.00346582 -0.00102602 -0.00469108 0.00271669
internal_weight=7005.94 6770.13 4798.75 4026.5 772.255 3470.15 1971.38 235.027 235.813 194.162 138.884 176.346 64.9512 656.581 111.394 17.8161 96.1429 41.6515 25.8786 115.674
internal_count=86956 85507 72901 61985 10916 54784 12606 1281 1449 1240 751 1119 425 9796 694 121 530 209 122 1120
is_linear=0
shrinkage=0.02


Tree=114
num_leaves=20
num_cat=0
split_feature=3 1 25 1 42 24 12 22 3 2 3 0 21 22 1 3 1 3 3
split_gain=76.5401 77.8488 75.8517 59.3754 44.1824 42.3529 30.8153 24.8434 23.9336 22.2739 20.7982 17.5361 13.1947 11.684 11.5737 10.0659 6.13283 5.94843 21.123
threshold=25.849999427795414 0.63330608606338512 1.0000000180025095e-35 0.25782336294651037 1.0000000180025095e-35 1.0000000180025095e-35 3.1622416973114018 0.54415640234947216 4.4500000476837167 1.2500000000000002 0.35000000894069677 10.647534847259523 38.547449111938484 0.067288905382156386 0.53883641958236705 6.2500000000000009 0.35474261641502386 35.799999237060554 29.69999980926514
decision_type=2 2 2 2 2 2 10 8 2 2 2 2 10 8 2 2 2 2 2
left_child=1 2 3 13 -5 7 17 12 10 -9 -7 16 -3 -1 -13 -10 -4 18 -2
right_child=6 5 11 4 -6 8 -8 9 15 -11 -12 14 -14 -15 -16 -17 -18 -19 -20
leaf_value=-0.014196512652117323 0.052257798330821073 0.0075081995014973845 -0.017269694100667723 0.00068850369389214473 -0.0067599363607314077 0.00068850369389214473 -0.012375590661241236 0.023318693760752324 0.00068850369389214473 0.00068850369389214473 0.011560527224770061 -0.017269694100667723 0.027319531941054964 -0.0067599363607314077 -0.0086481168743276632 0.018285538885734295 -0.0014812592943979372 0.068060398970618968 -0.0040698282210775592
leaf_weight=84.335978558287024 7.4507837966084534 107.02443724125624 7.9507855065166941 3290.6205508001149 286.20721726864576 30.655470758676529 3.5960343722254029 16.447436593472958 83.202020980417728 1807.0107897631824 371.53799975663424 137.54368098266423 14.696671087294815 516.71189685538411 120.21686671301723 13.102679990231989 85.643575437366962 5.4255558401346198 3.6891363263130188
leaf_count=2812 143 740 134 43298 3547 156 65 77 480 12932 1909 2240 135 15248 1709 80 1093 55 61
internal_value=-3.35419e-05 -0.00014878 -0.00170092 -0.000949121 2.89412e-05 0.00272755 0.0379454 0.00139279 0.00792271 0.000806111 0.0101002 -0.0106123 0.0101034 -0.00675994 -0.0132976 0.000688504 -0.00315457 0.0489518 0.0348054
internal_weight=6993.07 6972.91 4529.23 4177.88 3576.83 2443.68 20.1615 1945.18 498.498 1823.46 402.193 351.355 121.721 601.048 257.761 96.3047 93.5944 16.5655 11.1399
internal_count=86914 86590 70081 64905 46845 16509 324 13884 2625 13009 2065 5176 875 18060 3949 560 1227 259 204
is_linear=0
shrinkage=0.02


Tree=115
num_leaves=14
num_cat=0
split_feature=3 0 6 1 19 2 12 3 2 42 21 57 3
split_gain=68.0077 76.7008 45.8141 40.4937 35.7429 32.2806 32.0266 30.5494 14.94 12.7464 3.94427 3.56258 0.690406
threshold=35.799999237060554 19.814388275146488 1.0000000180025095e-35 0.25782336294651037 1.0000000180025095e-35 5.4500000476837167 5.9846715927124032 12.050000190734865 34.049999237060554 1.0000000180025095e-35 35.098859786987312 1.0000000180025095e-35 14.650000095367433
decision_type=2 2 2 2 10 2 10 2 2 2 8 2 2
left_child=1 2 3 -1 -5 7 -7 -4 9 11 -11 -3 -10
right_child=-2 8 5 4 -6 6 -8 -9 12 10 -12 -13 -14
leaf_value=-0.004259213946880897 0.05996655179727349 -0.004259213946880897 0.0038268477004739488 0.0021755994675096094 0.015566041249243153 -0.004259213946880897 0.0038268477004739488 0.040565659330876837 -0.019704908071416317 -0.004259213946880897 -0.014775780095577363 -0.012787747996011454 -0.014775780095577363
leaf_weight=114.86197735741735 6.5392767339944831 1294.3315376583487 292.12899328768253 3831.6636023856699 80.466292530298233 1128.3027162440121 83.058181084692478 8.0642530433833581 27.638131095096469 9.7369606047868711 61.121069297194481 31.148274872452021 7.5148788671940556
leaf_count=2238 68 32993 2075 31769 363 12085 576 145 1445 244 1562 820 271
internal_value=-6.91487e-05 -0.000134068 0.000932692 0.00204701 0.00245493 -0.0020354 -0.00349011 0.00382685 -0.00425921 -0.00425921 -0.0128268 -0.00425921 -0.0171355
internal_weight=6976.58 6970.04 5538.55 4026.99 3912.13 1511.55 1211.36 300.193 1431.49 1396.34 70.858 1325.48 35.153
internal_count=86654 86586 49251 34370 32132 14881 12661 2220 37335 35619 1806 33813 1716
is_linear=0
shrinkage=0.02


Tree=116
num_leaves=22
num_cat=0
split_feature=2 32 2 14 3 49 12 2 26 41 7 0 2 3 22 7 11 5 3 0 0
split_gain=66.3796 48.5319 34.9163 33.7401 34.0528 38.4523 26.7823 18.5345 12.7973 11.847 11.8184 8.78794 7.24486 11.7873 6.7073 3.46379 5.82701 3.16485 2.09435 1.67206 0.478862
threshold=17.349999427795414 1.0000000180025095e-35 5.4500000476837167 1.0000000180025095e-35 7.0499999523162851 1.0000000180025095e-35 4.8135857582092294 1.2500000000000002 1.0000000180025095e-35 1.0000000180025095e-35 1.0000000180025095e-35 4.8171489238739023 27.050000190734867 19.349999427795414 0.10327362269163133 1.0000000180025095e-35 7.4974639415740976 1.0000000180025095e-35 10.650000095367433 3.9083231687545781 18.796674728393558
decision_type=2 2 2 8 2 2 8 2 2 2 10 2 2 2 8 8 8 2 2 2 2
left_child=1 3 7 10 5 -5 -6 19 -9 12 17 -12 -2 14 -14 16 -4 -1 20 -3 -11
right_child=9 2 15 4 6 -7 -8 8 -10 18 11 -13 13 -15 -16 -17 -18 -19 -20 -21 -22
leaf_value=0.017428591805698574 -0.0038773755959436301 0.031106772773820752 0.00078051842085594613 0.0040573032624767547 -0.0038773755959436301 -0.0020468564574020109 0.00094232685869468681 0.00078051842085594613 0.020692755545471647 -0.0081622175594324442 0.013075365299771678 0.0040573032624767547 -0.017125996472946724 -0.0038773755959436301 -0.0080695586651311803 -0.0038773755959436301 -0.0038773755959436301 0.013075365299771678 -0.0038773755959436301 0.020692755545471647 -0.020141787238628021
leaf_weight=74.823766846209764 1151.2362464144826 9.1152401790022868 52.362001728266478 2165.6287468001246 468.83121950924397 509.29073392599821 1079.9767454266548 355.97384357079864 8.7050495967268926 3.4712956249714138 14.527969077229498 64.941392198204994 41.164130518212914 14.231016602367161 171.91310326755047 645.21405254676938 50.247656395658851 64.546247765421867 2.9520480502396813 10.988032668828962 20.665147570893168
leaf_count=509 24668 39 432 15439 6845 3859 13375 2486 48 42 62 399 1951 401 6713 7733 690 332 81 96 457
internal_value=5.11108e-06 0.000984498 -0.00270955 0.00192667 0.00152868 0.00289477 -0.000831023 0.00246689 0.00140833 -0.00387738 0.00956626 0.0040573 -0.00387738 -0.00750945 -0.00989099 -0.00387738 0.000780518 0.0130754 -0.0168868 0.0206928 -0.0188121
internal_weight=6980.81 5575.17 1132.61 4442.57 4223.73 2674.92 1548.81 384.782 364.679 1405.63 218.839 79.4694 1378.54 227.308 213.077 747.824 102.61 139.37 27.0885 20.1033 24.1364
internal_count=86657 52344 11524 40820 39518 19298 20220 2669 2534 34313 1302 461 33733 9065 8664 8855 1122 841 580 135 499
is_linear=0
shrinkage=0.02


Tree=117
num_leaves=15
num_cat=0
split_feature=43 2 7 31 35 42 27 2 11 12 3 22 3 3
split_gain=65.0941 63.4741 44.2714 41.3768 44.4007 27.425 19.9046 18.6137 10.8225 8.41681 5.62222 3.43477 1.61437 0.376978
threshold=1.0000000180025095e-35 18.550000190734867 1.0000000180025095e-35 1.0000000180025095e-35 1.0000000180025095e-35 1.0000000180025095e-35 1.0000000180025095e-35 32.850000381469734 19.453662872314457 9.2537512779235858 5.8500001430511483 0.16664295643568042 10.150000095367433 19.849999427795414
decision_type=2 2 10 2 2 2 2 2 8 10 2 10 2 2
left_child=1 2 3 4 -1 -5 -3 8 -8 10 -2 -11 -12 -9
right_child=9 6 -4 5 -6 -7 7 13 -10 11 12 -13 -14 -15
leaf_value=-0.00054705685518335715 0.017202524808043067 -0.0025345626383479676 -0.0025345626383479676 0.0050889238849652334 0.0074406435750094015 -0.0025345626383479676 -0.0025345626383479676 -0.019830615723193439 -0.0062070596007891363 0.0022352818928987371 0.047037849565900458 0.021852367082122761 0.023848779524530631 -0.0094786347492362109
leaf_weight=2633.4489541817456 8.7674554791301507 127.70865044556558 1273.1764737535268 1445.4737742654979 310.24830754473805 101.92273876257241 131.44098243117332 36.204786568880081 906.12093313410878 7.415305130183695 9.5598799735307676 6.3754668310284615 5.6170326154679051 4.3626116644591084
leaf_count=24905 73 2889 13423 13511 2771 828 2406 2012 23879 95 71 39 101 128
internal_value=2.66166e-05 -0.000117051 0.000756059 0.00168927 0.000297041 0.00433589 -0.00428795 -0.00582427 -0.00529243 0.0258816 0.0329753 0.0121685 0.0404603 -0.0189722
internal_weight=7007.84 6970.11 5764.27 4491.09 2943.7 1547.4 1205.84 1078.13 1037.56 37.7351 23.9444 13.7908 15.1769 40.5674
internal_count=87131 86752 55438 42015 27676 14339 31314 28425 26285 379 245 134 172 2140
is_linear=0
shrinkage=0.02


Tree=118
num_leaves=22
num_cat=0
split_feature=1 24 25 2 28 2 1 35 11 19 6 42 10 18 15 31 1 22 2 15 2
split_gain=68.0483 59.2922 44.3782 43.8597 43.8985 39.3735 28.1589 24.3459 23.9681 23.8994 14.76 14.3202 11.416 11.0124 11.3071 8.25133 5.04559 4.38945 2.79418 2.37731 1.32742
threshold=0.7128843665122987 1.0000000180025095e-35 1.0000000180025095e-35 18.550000190734867 1.0000000180025095e-35 6.0499999523162851 0.52952951192855846 1.0000000180025095e-35 18.742683410644535 1.0000000180025095e-35 1.0000000180025095e-35 1.0000000180025095e-35 1.5000000000000002 1.0000000180025095e-35 3.5000000000000004 1.0000000180025095e-35 0.35474261641502386 1.2635488510131838 4.0499999523162851 3.5000000000000004 7.0499999523162851
decision_type=2 2 2 2 2 2 2 2 8 10 2 2 8 10 10 2 2 8 2 10 2
left_child=2 9 3 15 8 16 20 11 -5 13 -8 12 -3 -2 -15 -1 -4 -11 -13 -19 -7
right_child=1 7 5 4 -6 6 10 -9 -10 17 -12 18 -14 14 -16 -17 -18 19 -20 -21 -22
leaf_value=0.00047626741925302233 0.0013122721169533124 0.019919774823192342 -0.013500218808125904 0.00047626741925302233 0.00047626741925302233 -0.013500218808125904 -0.0021076934662967546 0.033736908966030175 -0.006781731241363863 0.024757733123997375 -0.011303010320697453 0.010459746443052729 0.0089727557720836633 0.013658857492940617 0.0013122721169533124 0.0013122721169533124 0.0013122721169533124 0.013658857492940617 0.0013122721169533124 0.0034214263732502428 -0.018834301885038734
leaf_weight=1974.0457598846406 1465.6507076323032 44.390350759029388 14.548968121409414 107.07572743482888 126.48733525909483 15.623700473457573 152.89007371291518 15.677885890007017 969.72232530731708 14.767688944935797 128.41480527445674 15.495686486363409 277.49407885223627 53.535894170403481 13.452094994485376 1303.3611858468503 78.666579052805901 30.020635850727558 37.899224936962128 16.935238987207413 105.94420939683914
leaf_count=21652 10079 215 261 1882 2877 259 1941 69 26592 67 1859 67 1375 286 70 14019 910 134 210 73 1739
internal_value=-0.000103247 0.00302644 -0.00135209 -0.000722932 -0.00398689 -0.00702178 -0.00984512 0.00999583 -0.00573257 0.00131227 -0.0063305 0.00891698 0.0105395 0.00131227 0.00971385 0.000476267 0.00131227 0.0136589 0.00131227 0.0136589 -0.0178599
internal_weight=6962.1 1985.32 4976.78 4480.69 1203.29 496.088 402.873 390.957 1076.8 1594.36 281.305 375.279 321.884 1532.64 66.988 3277.41 93.2155 61.7236 53.3949 46.9559 121.568
internal_count=86636 12645 73991 67022 31351 6969 5798 1936 28474 10709 3800 1867 1590 10435 356 35671 1171 274 277 207 1998
is_linear=0
shrinkage=0.02


Tree=119
num_leaves=17
num_cat=0
split_feature=43 1 25 24 1 35 32 32 1 3 12 22 21 1 22 3
split_gain=62.9437 60.0308 62.9963 44.4089 42.7279 38.5662 33.3383 22.9881 22.0435 20.691 17.0599 13.4377 11.9493 11.4757 6.80645 2.51919
threshold=1.0000000180025095e-35 0.63330608606338512 1.0000000180025095e-35 1.0000000180025095e-35 0.27737425267696386 1.0000000180025095e-35 1.0000000180025095e-35 1.0000000180025095e-35 1.3239500522613528 2.7500000000000004 4.383054494857789 0.086948394775390639 27.354229927062992 0.59877228736877453 0.39127266407012945 5.9500000476837167
decision_type=2 2 2 2 2 2 2 2 2 2 10 8 10 2 10 2
left_child=1 2 4 7 11 9 -6 8 -3 -5 -2 -1 -12 14 -4 -15
right_child=10 3 13 5 6 -7 -8 -9 -10 -11 12 -13 -14 15 -16 -17
leaf_value=-0.011224176421898878 0.042267488139677345 0.0017089462958311328 -0.013121627721810024 0.01037026727202835 0.00091674852628330101 0.033023483054091779 -0.0048826309169620391 -0.0020192159523559571 0.010150030696771079 0.0020765024826627011 -0.00069560201856853552 -0.0048826309169620391 0.026698209544156516 -0.0059612967990922364 -0.0059612967990922364 -0.0020192159523559571
leaf_weight=133.25075864326209 14.03042836114764 1170.7259474992752 211.39120901562274 257.93251569569111 3010.5885688308626 22.078415781259537 322.49424233846366 640.24816625937819 137.48139691352844 225.91675313562155 11.621984088793399 670.20016866270453 12.961266675963996 40.245610017329454 74.277234945446253 21.441988840699196
leaf_count=4470 165 7805 3267 1304 36111 103 4651 5448 598 1236 108 19496 114 570 1115 265
internal_value=8.61559e-05 -5.73653e-05 -0.00143365 0.00245653 -0.000745599 0.00772994 0.000252812 0.00108399 0.00260311 0.00651005 0.0252251 -0.00488263 0.0142265 -0.00960179 -0.0112871 -0.00201922
internal_weight=6976.89 6938.27 4483.89 2454.38 4136.53 505.928 3333.08 1948.46 1308.21 483.849 38.6137 803.451 24.5833 347.356 285.668 61.6876
internal_count=86826 86439 69945 16494 64728 2643 40762 13851 8403 2540 387 23966 222 5217 4382 835
is_linear=0
shrinkage=0.02


Tree=120
num_leaves=23
num_cat=0
split_feature=12 8 0 6 2 11 19 13 15 12 11 7 12 2 22 1 1 13 31 21 11 11
split_gain=53.3747 57.1794 54.3455 41.7491 30.1706 29.902 26.5738 18.0777 13.7303 11.6063 11.601 10.0367 9.47297 9.36079 9.31945 9.10595 9.05112 6.83013 6.18564 6.06287 3.75194 1.22653
threshold=7.0499846935272226 1.7478299736976626 14.766346931457521 1.0000000180025095e-35 4.9500000476837167 8.608427047729494 1.0000000180025095e-35 5.725156545639039 1.0000000180025095e-35 14.505884170532228 5.6301417350769052 1.5000000000000002 5.1961157321929941 4.0499999523162851 0.28324721753597265 0.24238657951354983 0.24937984347343448 0.98721215128898632 1.0000000180025095e-35 43.570976257324226 20.060588836669925 9.3060421943664569
decision_type=10 8 2 2 2 10 10 10 10 10 10 10 10 2 8 2 2 8 2 8 8 8
left_child=1 5 3 6 -5 11 -3 8 10 -9 14 -1 18 -4 -2 -12 21 -13 -7 -18 -14 -10
right_child=7 2 13 4 -6 12 -8 9 16 -11 15 17 20 -15 -16 -17 19 -19 -20 -21 -22 -23
leaf_value=-0.0015679975323964876 -0.0082637215440267836 0.0035034594560542508 0.0035034594560542508 0.0076998914974694315 -0.0015679975323964876 -0.0097114414500261807 0.01726062168544942 0.010795098083239143 -0.018908635819225902 0.038912382619256884 -0.0045669351673652972 -0.012403091062909441 0.001647244966300586 -0.0015679975323964876 0.0094932304458453364 0.020001416618592015 -0.00075945608128540239 -0.0019931108852091783 -0.0051840933138710219 0.0068687326581071762 -0.014420548096190356 -0.0049439410639758744
leaf_weight=556.19251172989607 14.557554516941307 2139.4323941059411 10.788153026252983 139.55980098247528 599.76551606878638 355.87167291156948 56.760320633649826 14.043172976002099 6.2283403780311319 10.671305960044263 6.3575727958232156 57.726742543280125 59.701484313234687 2401.1622006390244 49.875962402671576 57.476796850562096 63.870324553921819 44.960410144180059 188.91385708004236 117.95668545924127 5.4287382550537577 5.3048704713583001
leaf_count=3989 101 15734 151 957 5815 5683 260 77 83 75 169 523 739 46833 268 458 404 374 3015 833 163 133
internal_value=0.000151283 -0.000249872 0.000655962 0.00248318 -0.001568 -0.00406511 0.00386671 0.00779331 0.00647928 0.0239768 0.0115298 -0.001568 -0.00727266 -0.001568 0.0054164 0.0175218 0.00308688 -0.00790838 -0.00815388 0.00419968 -0.001568 -0.0133923
internal_weight=6962.61 6616.26 5347.47 2935.52 739.325 1268.8 2196.19 346.343 321.628 24.7145 128.268 658.88 609.916 2411.95 64.4335 63.8344 193.36 102.687 544.786 181.827 65.1302 11.5332
internal_count=86837 84236 69750 22766 6772 14486 15994 2601 2449 152 996 4886 9600 46984 369 627 1453 897 8698 1237 902 216
is_linear=0
shrinkage=0.02


Tree=121
num_leaves=20
num_cat=0
split_feature=43 18 0 6 42 2 32 31 21 3 25 3 13 3 11 11 21 21 21
split_gain=61.2144 58.437 42.8152 54.5974 24.1716 19.9677 17.8813 16.0668 16.0525 18.8575 12.3234 12.2248 12.1519 8.77314 10.7403 6.37277 6.0478 4.37469 7.91161
threshold=1.0000000180025095e-35 1.0000000180025095e-35 14.766346931457521 1.0000000180025095e-35 1.0000000180025095e-35 5.4500000476837167 1.0000000180025095e-35 1.0000000180025095e-35 32.114606857299812 2.1499999761581425 1.0000000180025095e-35 13.050000190734865 2.5835764408111577 5.8500001430511483 7.5947651863098153 7.8452160358428964 10.360530376434328 37.210395812988288 40.769817352294929
decision_type=2 10 2 2 2 2 2 2 10 2 2 2 8 2 8 8 10 8 10
left_child=1 2 3 4 -1 -5 10 13 9 16 -4 -8 -11 -2 -15 -9 -3 -10 -19
right_child=7 8 6 5 -6 -7 11 15 17 12 -12 -13 -14 14 -16 -17 -18 18 -20
leaf_value=0.0032498685539433625 0.012488197835671224 0.018307690913069531 -0.0021484289698738201 0.0032305219362134614 -0.0021484289698738201 -0.0021484289698738201 -0.0097207165813633003 -0.0049996598927211037 -0.0044103965271445689 0.0032498685539433625 -0.014189676348482153 -0.0021484289698738201 0.016069633515097308 0.019728934387567221 0.056417572196045741 0.019444873892049384 0.035718149432196568 0.016608692169904515 0.0032498685539433625
leaf_weight=2465.4833021461964 6.1028195023536709 31.693615421652794 2523.1484420727938 283.09535823389888 230.08770264312625 854.41164522618055 209.18072201590985 7.048032104969022 23.158595684915781 67.367897421121597 38.14707681722939 54.647815868258476 51.033975005149841 6.8413494266569641 9.5478287395089847 8.6543850209563971 13.098815254867075 18.718054849654436 66.68867601454258
leaf_count=18101 59 156 48065 2036 1599 8531 4004 41 174 504 648 1482 407 40 124 112 60 137 519
internal_value=0.000231924 9.09449e-05 -0.00028071 0.00109607 0.00265447 -0.00214843 -0.00214843 0.025156 0.00916427 0.0131129 -0.00214843 -0.00734703 0.00880168 0.0356924 0.0431179 0.00883051 0.0240679 0.00324987 0.00524412
internal_weight=6968.16 6929.96 6658.2 3833.08 2695.57 1137.51 2825.12 38.1944 271.76 163.194 2561.3 263.829 118.402 22.492 16.3892 15.7024 44.7924 108.565 85.4067
internal_count=86799 86423 84466 30267 19700 10567 54199 376 1957 1127 48713 5486 911 223 164 153 216 830 656
is_linear=0
shrinkage=0.02


Tree=122
num_leaves=22
num_cat=0
split_feature=48 1 32 25 10 2 42 0 21 11 3 3 2 3 1 3 21 8 21 21 3
split_gain=58.9241 58.5091 49.3531 45.605 36.8858 27.4939 26.0947 25.5958 25.4683 24.0066 18.0685 14.2701 14.1383 14.05 7.20738 6.49334 6.39987 5.41446 5.35785 4.35918 1.24154
threshold=1.0000000180025095e-35 0.5447276532649995 1.0000000180025095e-35 1.0000000180025095e-35 2.5000000000000004 6.8500001430511483 1.0000000180025095e-35 4.4073791503906259 24.160090446472172 3.1568622589111333 2.2500000000000004 7.2500000000000009 6.8500001430511483 0.75000000000000011 0.35474261641502386 13.050000190734865 14.70293712615967 1.7269715666770937 48.086164474487312 38.203264236450202 5.9500000476837167
decision_type=2 2 2 2 10 2 2 2 10 8 2 2 2 2 2 2 8 8 8 10 2
left_child=1 3 4 6 8 14 17 13 -3 -2 19 -8 18 -4 -5 -14 -6 -1 -12 -11 -7
right_child=9 2 7 5 16 20 11 -9 -10 10 12 -13 15 -15 -16 -17 -18 -19 -20 -21 -22
leaf_value=-0.0057888568504306428 -0.0089297154075856349 0.0055281251717272974 -0.0020885543372222209 -0.01523528657875561 0.0055281251717272974 -0.01523528657875561 -0.0029768925708693558 -0.0020885543372222209 -0.00025359822999265302 0.017487705381706603 0.032821287028941805 -0.012827857584438948 0.0084582584190078733 0.011240951753664985 -0.0020885543372222209 -0.0055691624427947738 -0.0020885543372222209 -0.0020885543372222209 0.011980944249356267 0.034990351786665486 -0.019069422421910242
leaf_weight=443.0231496617198 24.079097598791122 1483.0271489843726 35.877038300037384 15.893178910017012 24.894980609416962 40.646549116820097 98.803176979534328 714.98193393275142 383.39845696091652 16.581596635282043 12.001891225576403 147.16173647996038 147.17569647356868 89.018699318170547 51.071049384772778 13.809489369392393 308.79759120196104 2807.2636158810928 10.822731774300335 13.181007094681261 84.92254475876689
leaf_count=7243 118 9170 161 300 148 675 1500 6804 2753 73 71 2459 854 382 695 195 2262 49335 74 66 1440
internal_value=-4.94428e-05 -0.000395766 0.0016583 -0.00208855 0.00323747 -0.0117983 -0.00208855 -0.00208855 0.00434095 0.0097168 0.0118509 -0.00889884 0.00941085 0.00698713 -0.00208855 0.00722802 -0.00208855 -0.00208855 0.0238571 0.0261246 -0.0172901
internal_weight=6966.43 6728.78 3040 3688.79 2200.12 192.533 3496.25 839.878 1866.43 237.652 213.572 245.965 183.81 124.896 66.9642 160.985 333.693 3250.29 22.8246 29.7626 125.569
internal_count=86778 85327 21680 63647 14333 3110 60537 7347 11923 1451 1333 3959 1194 543 995 1049 2410 56578 145 139 2115
is_linear=0
shrinkage=0.02


Tree=123
num_leaves=22
num_cat=0
split_feature=18 1 25 2 7 40 21 8 22 5 22 57 21 22 13 11 11 13 11 13 21
split_gain=58.8729 46.645 46.4287 37.6481 36.4428 30.6604 13.685 12.2315 10.5159 10.5087 15.1398 5.96236 5.34167 4.50883 3.25177 3.12867 2.30918 7.63986 4.0376 1.22251 0.678784
threshold=1.0000000180025095e-35 0.31478744745254522 1.0000000180025095e-35 6.8500001430511483 1.5000000000000002 1.0000000180025095e-35 32.114606857299812 2.2275993824005131 0.086948394775390639 1.0000000180025095e-35 0.089810751378536238 1.0000000180025095e-35 27.860182762146 0.068818144500255599 1.672427833080292 34.523647308349616 6.610675811767579 1.3061271309852602 9.6568479537963885 1.9040604233741762 17.289080619812015
decision_type=10 2 2 2 10 2 10 8 8 2 8 2 10 10 10 10 10 10 8 10 10
left_child=1 8 4 -4 5 -3 7 19 12 14 -10 -12 13 -1 -9 -14 -8 18 -18 -2 -11
right_child=6 2 3 -5 -6 -7 16 9 10 20 11 -13 15 -15 -16 -17 17 -19 -20 -21 -22
leaf_value=-0.0037005027105023553 0.0049633575686349012 0.00099436144627372807 0.0014995236055984516 -0.0037005027105023553 -0.0037005027105023553 0.0049633575686349012 0.0049633575686349012 0.018167183640202235 0.026004134644311474 0.0072514347551767677 -0.0037005027105023553 -0.016283665232675312 -0.011618387733418637 -0.018418619190486998 0.031536300176385604 -0.0037005027105023553 0.014306392788306498 0.026593653784184684 0.0049633575686349012 0.0072514347551767677 0.0123220475650905
leaf_weight=47.944152646698058 39.651428081095219 2594.6236499398947 604.62025724351406 728.19395735114813 365.03702665865421 1111.7127913758159 67.069475390017033 72.535693757236004 6.672148009762167 27.024951081722975 1087.926064401865 16.623775976710021 120.7931162789464 7.4463064782321444 9.9345265030860883 5.7704022629186502 17.948400754481554 8.1862423159182054 14.137972828000782 8.1164650842547399 11.60532111674547
leaf_count=1235 281 22397 4601 8957 4216 10410 436 540 168 154 28135 469 3861 201 63 295 135 69 172 53 67
internal_value=8.38055e-05 -0.000289988 0.000526652 -0.00271204 0.00158728 0.00218588 0.00911566 0.012742 -0.0037005 0.0161191 -0.0037005 -0.0037005 -0.00850322 -0.0037005 0.0201362 -0.0107673 0.00496336 0.0104264 0.00562249 0.00496336 0.00725143
internal_weight=6973.57 6697.36 5404.19 1332.81 4071.37 3706.34 276.21 168.868 1293.18 121.1 1111.22 1104.55 181.954 55.3905 82.4702 126.564 107.342 40.2726 32.0864 47.7679 38.6303
internal_count=86915 84945 50581 13558 37023 32807 1970 1158 34364 824 28772 28604 5592 1436 603 4156 812 376 307 334 221
is_linear=0
shrinkage=0.02


Tree=124
num_leaves=17
num_cat=0
split_feature=43 3 1 32 8 2 3 3 34 22 11 11 13 2 1 11
split_gain=73.5349 68.6317 73.6197 57.8157 46.2315 39.939 18.2311 36.8564 13.9422 12.2048 7.2186 5.51279 5.17396 4.71182 3.90823 1.01139
threshold=1.0000000180025095e-35 23.349999427795414 0.25782336294651037 1.0000000180025095e-35 1.5653001070022585 5.6499998569488534 23.94999980926514 25.250000000000004 1.0000000180025095e-35 0.067288905382156386 4.0005929470062265 36.496849060058601 0.66338038444519054 34.049999237060554 0.22077211737632754 19.329535484313968
decision_type=2 2 2 2 8 2 2 2 2 8 8 8 10 2 2 8
left_child=1 2 9 4 -4 -5 -3 -8 10 14 -2 -9 15 -11 -1 -12
right_child=8 6 3 5 -6 -7 7 11 -10 13 12 -13 -14 -15 -16 -17
leaf_value=-0.018506130549062479 0.0027967317892695835 0.066807240137452942 -0.0027926934796601681 0.0017442243119346237 0.0022277593651203751 -0.0060588301738175344 -0.018176531184778411 0.013625363035546534 0.051967555708328186 -0.0060588301738175344 0.038755983938127396 0.039321231422594818 0.0084971031593404078 -0.01483075221601312 -0.0089054505562976855 0.022300762075863071
leaf_weight=43.166801944375038 7.4554241895675686 3.567358147352933 886.58884093537927 387.99460880085826 4232.8666175771505 807.0140840318054 6.5170336794108179 5.9080873355269459 6.8976482320576897 466.17372194863856 7.5954071655869546 16.667749276384711 6.4361009728163472 24.120634473860264 33.017766442149878 10.212158849462865
leaf_count=1448 41 81 8884 2626 46046 10640 153 109 64 13668 63 261 79 1270 1225 132
internal_value=0.000108171 -4.74768e-05 -0.000186811 0.000433245 0.00135794 -0.003526 0.0284413 0.0216732 0.0272855 -0.00708709 0.0204897 0.0334598 0.0256044 -0.00605883 -0.0145146 0.0310068
internal_weight=6952.2 6913.6 6880.94 6314.46 5119.46 1195.01 32.6602 29.0929 38.5967 566.479 31.6991 22.5758 24.2437 490.294 76.1846 17.8076
internal_count=86790 86411 85807 68196 54930 13266 604 523 379 17611 315 370 274 14938 2673 195
is_linear=0
shrinkage=0.02


Tree=125
num_leaves=21
num_cat=0
split_feature=48 3 1 27 7 3 3 3 12 3 3 3 12 22 0 12 2 3 7 27
split_gain=62.1245 56.6749 63.1981 49.6135 48.7096 35.3703 30.5345 19.0999 14.9346 14.4187 15.3354 19.7548 14.662 8.79031 7.55832 7.08671 6.87892 5.85002 5.67828 5.65384
threshold=1.0000000180025095e-35 23.349999427795414 0.27737425267696386 1.0000000180025095e-35 1.5000000000000002 23.94999980926514 25.250000000000004 5.1499998569488534 3.1201117038726811 0.75000000000000011 10.250000000000002 13.050000190734865 3.5327471494674687 0.086948394775390639 16.025135993957523 4.5172386169433603 20.550000190734867 7.0499999523162851 1.0000000180025095e-35 1.0000000180025095e-35
decision_type=2 2 2 2 10 2 2 2 10 2 2 2 10 8 2 10 2 2 8 2
left_child=1 2 13 7 -5 -3 -7 -4 -8 -2 12 14 17 16 -12 -13 -1 -11 -14 -15
right_child=9 5 3 4 -6 6 8 -9 -10 10 11 15 18 19 -16 -17 -18 -19 -20 -21
leaf_value=-0.0065320896851128298 0.030610592255328552 0.074217686866697899 0.029343910793572247 0.00057014134681719229 -0.005833223179426277 -0.018377956839967825 0.034388664384106087 0.0068724880433118397 -0.0040317234479202791 0.017259092758663618 0.027863861720463845 -0.01509625182997701 0.0024363682484100685 0.00055133655246612779 0.011588415897056888 0.010643035101751987 -0.016127434508577568 0.0035391087837079982 -0.011324467302791741 -0.005833223179426277
leaf_weight=64.636298956349492 11.958308577537535 4.0481603741645804 29.373205624520779 5357.4095269758254 520.41920677013695 7.1380723677575615 18.937002591788772 31.752509344369173 4.8322019856423131 40.525370296090841 33.952375769615173 8.2914691120386106 87.285818360745907 68.340350430458784 20.273198131471872 6.9872972443699828 58.591310320422053 18.618738327175379 12.88276147097349 561.77129240427166
leaf_count=1763 55 85 507 53797 6555 170 293 575 88 208 218 126 427 1882 154 87 2610 107 72 17171
internal_value=-9.96738e-06 -0.000367897 -0.000502368 0.000190213 2.29573e-06 0.0246748 0.0160632 0.0179694 0.0267305 0.00995073 0.00874251 0.0165263 0.00526474 -0.00595535 0.022099 -0.00339444 -0.0111875 0.0130707 0.000572133 -0.00583322
internal_weight=6968.02 6727.25 6692.29 5938.95 5877.83 34.9554 30.9073 61.1257 23.7692 240.775 228.817 69.5043 159.313 753.339 54.2256 15.2788 123.228 59.1441 100.169 630.112
internal_count=86950 85496 84860 61434 60352 636 551 1082 381 1454 1399 585 814 23426 372 213 4373 315 499 19053
is_linear=0
shrinkage=0.02


Tree=126
num_leaves=20
num_cat=0
split_feature=3 1 7 11 18 8 3 3 40 12 0 3 1 3 11 1 3 12 8
split_gain=70.9812 72.297 47.3852 37.4585 38.1563 30.3374 25.0532 36.1415 21.6981 17.8627 17.6065 9.49148 3.92168 9.56241 3.6369 3.5371 3.37117 2.81706 1.46727
threshold=23.349999427795414 0.29377762973308569 1.0000000180025095e-35 8.608427047729494 1.0000000180025095e-35 2.4166216850280766 23.94999980926514 25.250000000000004 1.0000000180025095e-35 3.1846824884414677 5.8774940967559823 6.6499998569488534 0.20442671328783038 12.34999990463257 6.3258838653564462 0.23165632039308551 3.6499999761581425 0.93424156308174144 3.0414654016494755
decision_type=2 2 10 8 10 10 2 2 2 10 2 2 2 2 10 2 2 10 10
left_child=1 11 3 8 -5 10 -2 -8 -3 17 -4 15 13 -13 -7 -1 -17 -9 -14
right_child=6 2 5 4 -6 14 7 9 -10 -11 -12 12 18 -15 -16 16 -18 -19 -20
leaf_value=-0.01924502275697719 0.068502039760524852 0.0021797562820322323 0.00047670379103299722 0.00047670379103299722 0.013093835973600759 0.0021797562820322323 -0.018292552925505461 0.029267110194229961 0.0083150069270195651 -0.0055773186756659853 -0.0051149813417801435 -0.020441088128178207 -0.0051149813417801435 -0.0067185415112741217 0.00047670379103299722 -0.0057269991886763003 -0.012820646423219369 0.051778726204364356 -0.0007836662605190095
leaf_weight=16.194652860052884 4.3663646206259719 450.61652937904 101.33482704311609 3533.0002832524478 97.55279254540801 100.62155256792903 6.9211166277527836 13.883375655859714 473.26046375185251 4.1337056402117005 702.66948517784476 23.066493806429207 511.55626828502864 147.50657433643937 495.93691252544522 59.597667873837054 52.600256882607937 6.6025345586240283 169.09724016208202
leaf_count=908 86 2636 506 35707 679 604 167 210 2948 75 8190 554 14004 4160 6595 2268 1848 92 4772
internal_value=6.42522e-05 -8.29609e-05 0.000745546 0.00173485 0.000819238 -0.00247048 0.0277269 0.0201505 0.00532816 0.0312499 -0.00501851 -0.00511498 -0.00511498 -0.00868256 0.000476704 -0.0105504 -0.0091365 0.0385947 -0.00511498
internal_weight=6970.52 6934.61 5954.99 4554.43 3630.55 1400.56 35.9071 31.5407 923.877 24.6196 804.004 979.619 851.227 170.573 596.558 128.393 112.198 20.4859 680.654
internal_count=87009 86379 57865 41970 36386 15895 630 544 5584 377 8696 28514 23490 4714 7199 5024 4116 302 18776
is_linear=0
shrinkage=0.02


Tree=127
num_leaves=17
num_cat=0
split_feature=3 43 1 27 7 3 3 3 12 12 22 11 11 21 3 7
split_gain=69.4258 67.5832 71.6987 65.4634 61.174 24.7627 19.5765 34.8936 14.7402 12.3515 10.3257 6.6712 11.3736 5.84859 1.35518 1.34418
threshold=23.349999427795414 1.0000000180025095e-35 0.27044226229190832 1.0000000180025095e-35 1.5000000000000002 11.050000190734865 23.94999980926514 25.250000000000004 3.1622416973114018 0.93424156308174144 0.067288905382156386 7.9334669113159189 19.329535484313968 33.396373748779304 9.3499999046325701 4.5000000000000009
decision_type=2 2 2 2 10 2 2 2 10 10 8 8 8 10 2 8
left_child=1 2 10 5 -5 -4 -2 -8 9 -9 13 -3 -13 -1 -14 -12
right_child=6 11 3 4 -6 -7 7 8 -10 -11 15 12 14 -15 -16 -17
leaf_value=-0.0068759463721760287 0.063279224892844002 0.016053064304555657 0.015596496257776926 0.00073299992085054156 -0.0064095503454342454 0.056132781634481779 -0.018177110348253395 0.024238526354593809 -0.0021950181413833516 0.059756921585976272 -0.0044038154164112173 0.054358487999385953 0.025302061814355764 -0.017618463516482562 0.0091649286102117849 -0.0064095503454342454
leaf_weight=36.431017103604972 4.4574354030191889 20.33261176943779 59.183331491425633 5600.1726178433746 523.56613152660429 5.9999689646065226 6.6518180966377285 13.762926582247024 4.2773183844983569 6.5815197341144076 279.13464525248855 6.516576778143647 8.4249830637127143 51.101955526508391 4.7982770912349215 320.9044564915821
leaf_count=1245 83 111 1067 56391 6741 115 165 204 79 88 8482 80 92 1889 83 9982
internal_value=-4.75297e-05 -0.000193137 -0.000345866 0.000335223 0.000121381 0.0201195 0.0273761 0.0204566 0.031196 0.0379902 -0.00646802 0.0253858 0.0337612 -0.0132756 0.0205025 -0.00640955
internal_weight=6952.3 6916.57 6876.49 6188.92 6123.74 65.1833 35.731 31.2736 24.6218 20.3444 687.572 40.0724 19.7398 87.533 13.2233 600.039
internal_count=86897 86278 85912 64314 63132 1182 619 536 371 292 21598 366 255 3134 175 18464
is_linear=0
shrinkage=0.02


Tree=128
num_leaves=21
num_cat=0
split_feature=3 1 18 32 8 2 3 23 3 3 22 22 3 1 3 3 2 32 1 0
split_gain=64.9674 60.8752 48.4968 41.8507 41.2805 38.6802 13.4052 24.6211 25.3507 27.6597 13.2282 12.7356 12.4333 5.32749 4.42931 4.7902 4.28359 2.7985 2.55094 3.05038
threshold=23.349999427795414 0.25782336294651037 1.0000000180025095e-35 1.0000000180025095e-35 2.0197149515151982 5.6499998569488534 39.250000000000007 1.0000000180025095e-35 23.94999980926514 25.250000000000004 0.22727144509553912 0.067288905382156386 3.3500000238418584 0.6680140793323518 9.8499999046325701 5.2500000000000009 20.550000190734867 1.0000000180025095e-35 0.22077211737632754 27.803687095642093
decision_type=2 2 10 2 8 2 2 2 2 2 10 8 2 2 2 2 2 2 2 2
left_child=1 11 3 4 -3 -5 7 16 -9 -10 12 18 -4 -12 15 -13 -2 -16 -1 -20
right_child=6 2 10 5 -6 -7 -8 8 9 -11 13 14 -14 -15 17 -17 -18 -19 19 -21
leaf_value=-0.017493328269546551 0.0062048158653227638 -0.0024988576521839116 0.022542615393446448 0.0019837863479515178 0.0019270055463461544 -0.0057684063826137985 0.059255748558609024 0.076197707016079225 -0.01737511761924378 0.034874115044863457 0.0019837863479515178 -0.0057684063826137985 0.0092247243440602301 0.0085998390412224453 -0.0035045032800124398 -0.015469737896517408 -0.016979593252186502 -0.0090492966035044878 -0.0057684063826137985 -0.016439481653317833
leaf_weight=41.958898198790848 7.5807325057685357 1078.087473416701 39.345250502228737 381.11155731603503 3852.3477277308702 789.8190254252404 3.6187996268272391 3.525341201573613 4.866433626040819 13.888815350830553 60.802054118365049 32.587137731723487 102.06648756191134 58.948763653635979 372.09707472193986 41.013833378441632 4.1021824553608894 40.005761306732893 18.863937675952911 14.125163297168909
leaf_count=1467 107 11199 196 2577 42563 10521 27 62 115 225 370 1554 759 317 10827 1569 92 1188 566 703
internal_value=0.000100692 -4.3533e-05 0.000513555 0.000151613 0.000958937 -0.0032457 0.0259814 0.0208427 0.0327365 0.0211237 0.00893654 -0.00635528 0.0130625 0.00399648 -0.00576841 -0.0109524 -0.00263276 -0.00576841 -0.0141386 -0.00948267
internal_weight=6960.76 6923.18 6362.53 6101.37 4930.44 1170.93 37.5823 33.9635 22.2806 18.7552 261.163 560.652 141.412 119.751 485.704 73.601 11.6829 412.103 74.948 32.9891
internal_count=87004 86376 68502 66860 53762 13098 628 601 402 340 1642 17874 955 687 15138 3123 199 12015 2736 1269
is_linear=0
shrinkage=0.02


Tree=129
num_leaves=19
num_cat=0
split_feature=3 1 12 8 2 2 3 3 12 22 12 12 12 22 3 22 0 1
split_gain=68.5637 62.8051 50.3233 48.8956 39.9443 25.0361 17.6713 32.8896 14.4884 12.6587 12.1414 10.6814 9.26118 7.03608 5.48445 4.94991 2.63899 3.70142
threshold=23.349999427795414 0.25782336294651037 5.8309912681579599 2.1471621990203862 13.050000190734865 7.2500000000000009 23.94999980926514 25.250000000000004 3.1846824884414677 0.067288905382156386 12.95816230773926 8.5654463768005389 1.0297101736068728 0.26166695356369024 7.9500000476837167 0.080871392041444792 27.803687095642093 0.22077211737632754
decision_type=2 2 10 8 2 2 2 2 10 8 10 10 10 8 2 10 2 2
left_child=1 9 3 5 -5 -3 -2 -8 12 16 14 15 -9 -13 -11 -4 17 -1
right_child=6 2 11 4 -6 -7 7 8 -10 10 -12 13 -14 -15 -16 -17 -18 -19
leaf_value=-0.015706864359310166 0.058772515781315232 9.1590239448575872e-05 0.0018116261329527727 0.0022325908052327225 -0.0016927120954569439 -0.005578092888806673 -0.018140696035784915 0.024586319439306187 -0.0028391291052169911 -0.012277769464202138 0.0063397280045626048 0.0031666595928427511 0.055257473757879108 0.012269712002133089 -0.005578092888806673 0.0067963304547452742 -0.019112570752071154 -0.005578092888806673
leaf_weight=25.999248586595058 5.0048433467745772 487.01740768551826 174.83378986082971 2850.6096338480711 1628.6598586458713 863.45644004456699 6.5855236388742915 15.325253754854208 4.4551609493792048 50.02020859438926 4.5052013732492915 45.513352150097489 6.7492150999605647 143.55125356093049 427.70578865241259 147.00086356513202 29.532620287500322 18.740411998704076
leaf_count=693 84 3431 1468 22745 27249 11144 166 216 81 2305 109 319 85 835 12686 1063 1491 567
internal_value=-8.87557e-05 -0.000238475 0.000327346 -0.000200556 0.000805294 -0.0035349 0.026314 0.0198295 0.0295715 -0.00667431 -0.00557809 0.00633973 0.0359523 0.0101065 -0.00594708 0.00410243 -0.0143292 -0.0108229
internal_weight=6935.27 6897.15 6340.64 5829.74 4479.27 1350.47 38.12 33.1152 26.5296 556.503 482.231 510.899 22.0745 189.065 477.726 321.835 74.2723 44.7397
internal_count=86737 86105 68254 64569 49994 14575 632 548 382 17851 15100 3685 301 1154 14991 2531 2751 1260
is_linear=0
shrinkage=0.02


Tree=130
num_leaves=23
num_cat=0
split_feature=48 3 1 12 1 3 12 13 22 3 0 6 23 3 15 22 3 12 13 22 0 3
split_gain=53.5556 50.5848 60.3299 43.5542 42.5798 17.9885 13.9088 12.5544 10.5276 10.426 19.3291 11.8162 9.96208 13.6261 9.02239 8.1857 8.05496 7.25091 6.52671 4.02192 2.96529 2.09614
threshold=1.0000000180025095e-35 23.349999427795414 0.25782336294651037 6.6955211162567148 0.7272799313068391 0.75000000000000011 3.1622416973114018 4.4542806148529062 0.067288905382156386 10.250000000000002 16.025135993957523 1.0000000180025095e-35 1.0000000180025095e-35 35.799999237060554 2.5000000000000004 0.12580520659685138 7.7500000000000009 7.8591127395629892 0.44722090661525732 0.35358320176601415 27.803687095642093 25.849999427795414
decision_type=2 2 2 10 2 2 10 10 8 2 2 2 2 2 10 10 2 8 10 8 2 2
left_child=1 2 8 4 -4 -2 12 -5 20 11 17 16 13 -3 -10 -12 -7 -11 -14 -13 -1 -8
right_child=5 6 3 7 -6 9 21 -9 14 10 15 19 18 -15 -16 -17 -18 -19 -20 -21 -22 -23
leaf_value=-0.010207410621116481 0.032035033310366209 -0.0050217064508780085 -0.0015132874179136938 0.0059860921369916751 0.0021430233512369141 0.0053318150402442213 0.0071231927975194719 0.018852579043503879 -0.0072403442323725154 0.013008618181752208 -0.0061537126118025726 0.0063975860374236608 0.02713535327529408 0.034264474012378157 -0.0015132874179136938 0.013008618181752208 -0.0056878635144842274 0.031182132142265555 0.058938076260565561 0.021258620128886831 -0.019094534891771965 -0.01243069295515082
leaf_weight=40.566579718142748 12.14244147390127 7.6183150969445688 3976.0780446045101 262.05142004229128 1873.5236787907779 87.741609886288643 3.2755162436515084 33.723219983279705 376.65668564941734 16.342127166688442 17.995466720312834 13.345302373170851 15.448938421905043 5.2513415291905403 92.713417012244463 15.888269875198601 36.919511564075947 21.785962648689747 3.9699212908744803 18.916281804442406 29.277167149819434 3.617288526147604
leaf_count=1184 55 136 53434 1887 11848 430 65 169 12228 115 197 76 267 40 2679 141 205 135 61 91 1503 66
internal_value=-5.91005e-05 -0.000391792 -0.0005262 3.70882e-05 -0.00034207 0.00918313 0.0219815 0.00751167 -0.00693413 0.00783704 0.0140986 0.00489253 0.0273423 0.0123233 -0.00583263 0.00294694 0.00204895 0.0236803 0.036205 0.0154884 -0.0141497 -0.00341333
internal_weight=6964.85 6723.77 6684.59 6145.38 5849.6 241.077 39.1813 295.775 539.214 228.935 72.0118 156.923 32.2885 12.8697 469.37 33.8837 124.661 38.1281 19.4189 32.2616 69.8437 6.8928
internal_count=87012 85567 84932 67338 65282 1445 635 2056 17594 1390 588 802 504 176 14907 338 635 250 328 167 2687 131
is_linear=0
shrinkage=0.02


Tree=131
num_leaves=24
num_cat=0
split_feature=35 3 2 31 1 42 12 2 8 1 8 3 3 2 2 3 1 15 1 1 12 3 11
split_gain=46.309 43.0792 41.7174 43.2726 35.9342 32.8921 31.7324 24.9713 16.7993 14.2414 13.4766 13.0331 16.0962 11.9856 6.59963 5.41837 24.4082 3.4712 7.92484 2.79398 2.04824 0.289667 0.120796
threshold=1.0000000180025095e-35 35.799999237060554 17.050000190734867 1.0000000180025095e-35 1.4878956675529482 1.0000000180025095e-35 4.080669879913331 7.0499999523162851 2.5000315904617314 0.41114594042301184 1.4143096804618838 6.9500000476837167 2.8500000238418584 11.650000095367433 34.049999237060554 9.5500001907348651 0.27622883021831518 1.5000000000000002 0.53402733802795421 0.29014104604721075 1.7018578648567202 3.5499999523162846 9.84637498855591
decision_type=2 2 2 2 2 2 8 2 10 2 8 2 2 2 2 2 2 10 2 2 10 2 10
left_child=1 2 3 4 -1 -5 8 15 17 19 20 12 -9 -13 -12 21 -17 22 -19 -10 -4 -8 -2
right_child=6 -3 10 5 -6 -7 7 11 9 -11 14 13 -14 -15 -16 16 -18 18 -20 -21 -22 -23 -24
leaf_value=-0.0015980049895089937 -0.023608534071429654 0.041136853427057946 -0.016216703541773882 0.0035189888035077437 0.0076510970170513394 -0.0036871166759947938 0.023764375642265707 0.0034818852289789045 -0.015799302171963597 0.018845976489239226 -0.0036871166759947938 0.0095852202989484686 0.017964238978803979 -0.0015068670636763065 -0.010594618062700656 0.017964238978803979 0.055688093631987345 -0.016609834769110671 0.0096703822915135823 7.9738603332838263e-07 -0.010594618062700656 0.017964238978803979 -0.015799302171963597
leaf_weight=3157.4867723044008 6.8088474795222345 8.9232734367251378 28.471909525804222 1704.9404844995588 176.47981870174408 134.61436750553548 12.901068687438967 55.222964139655232 7.039399595931175 15.238840483129023 1215.7630431922153 64.75856408663094 69.808624066412449 95.085166493430734 28.24957190733403 5.7749447748064986 8.5465554893016797 10.405106842517855 6.8313962817192069 10.101970661431549 83.792353082448244 19.09127663820982 17.391543628647923
leaf_count=31059 42 74 738 15570 754 1142 55 439 203 101 29500 590 575 1417 1564 94 71 148 45 160 2023 112 320
internal_value=-9.62381e-05 -0.000503127 -0.00056632 0.000252374 -0.00110627 0.00271401 0.00645794 0.00909667 -0.00534439 0.00536332 -0.00368712 0.00683273 0.0116462 0.0030186 -0.00368712 0.0225834 0.0330775 -0.013641 -0.00700102 -0.00700102 -0.0105946 0.0179642 -0.0184591
internal_weight=6943.73 6538.72 6529.8 5173.52 3333.97 1839.55 405.006 331.189 73.8171 32.3802 1356.28 284.875 125.032 159.844 1244.01 46.3138 14.3215 41.4369 17.2365 17.1414 112.264 31.9923 24.2004
internal_count=86796 82424 82350 48525 31813 16712 4372 3353 1019 464 33825 3021 1014 2007 31064 332 165 555 193 363 2761 167 362
is_linear=0
shrinkage=0.02


Tree=132
num_leaves=19
num_cat=0
split_feature=43 3 1 8 32 11 22 34 8 13 23 11 15 22 21 11 8 31
split_gain=65.7524 55.8438 63.7969 47.8681 44.9806 17.1072 12.4766 11.2232 10.6782 13.6252 13.9436 5.96064 3.60788 5.00959 3.53364 3.13193 2.65997 0.980763
threshold=1.0000000180025095e-35 23.349999427795414 0.25782336294651037 1.5653001070022585 1.0000000180025095e-35 9.7624177932739276 0.067288905382156386 1.0000000180025095e-35 10.841223239898683 1.5122286081314089 1.0000000180025095e-35 4.0005929470062265 1.5000000000000002 0.094996374100446715 28.182615280151371 29.322954177856449 3.4950749874114995 1.0000000180025095e-35
decision_type=2 2 2 8 2 10 8 2 10 8 2 8 8 10 10 8 10 2
left_child=1 2 6 5 -5 -4 14 11 9 15 -11 -2 13 -13 -1 -3 -8 -14
right_child=7 8 3 4 -6 -7 16 -9 -10 10 -12 12 17 -15 -16 -17 -18 -19
leaf_value=-0.0068331294351812542 0.001292286069545619 -0.013701244950677127 -0.0029167582292600014 0.0020032725241536202 -0.0029167582292600014 -0.0068331294351812542 -0.0068331294351812542 0.045598011942725107 0.044487016157370482 0.0041410792505707297 0.037055412962713662 -0.00010917222629818313 0.037785793640019633 0.02470106995054823 -0.017295037693735062 0.0077369302692320155 -0.0029167582292600014 0.019164145757725886
leaf_weight=11.040706914849578 6.33096915483475 4.4171822741627702 770.91521494649351 4249.4962480869144 899.87410854920745 405.30361704342067 367.73237315844744 8.2516718059778196 7.293143004179 8.2555827666074038 14.018071316182613 5.8861864805221575 6.4198096394538862 6.2593655027449131 58.363942034542561 4.5651791337877521 104.68111454509199 6.2309034820646048
leaf_count=370 35 80 5908 45994 10168 6090 11655 66 70 130 236 94 65 45 2284 93 3363 65
internal_value=3.20778e-05 -0.000116695 -0.000253131 0.000311469 0.00114308 -0.00332711 -0.00683313 0.0254794 0.0235808 0.0174747 0.025558 0.0188928 0.0231623 0.0135835 -0.0152917 -0.00312198 -0.00683313 0.0306898
internal_weight=6945.34 6905.96 6867.41 6325.59 5149.37 1176.22 541.818 39.3789 38.5492 31.256 22.2737 31.1272 24.7963 12.1456 69.4046 8.98236 472.413 12.6507
internal_count=86811 86441 85832 68160 56162 11998 17672 370 609 539 366 304 269 139 2654 173 15018 130
is_linear=0
shrinkage=0.02


Tree=133
num_leaves=22
num_cat=0
split_feature=12 3 1 27 8 3 42 12 1 22 22 0 3 11 3 42 3 3 3 15 0
split_gain=57.0073 54.0477 51.5861 71.9096 49.6543 28.2788 12.8508 11.7721 15.1927 13.0066 10.0847 8.95388 13.2487 6.61634 5.54785 5.07837 4.91973 4.45652 4.17795 3.73886 1.84237
threshold=6.6955211162567148 25.250000000000004 0.27044226229190832 1.0000000180025095e-35 1.2613920569419863 11.050000190734865 1.0000000180025095e-35 11.802836894989015 0.23951665312051776 0.20907738804817202 0.086948394775390639 15.141003608703615 11.150000095367433 41.249156951904304 35.799999237060554 1.0000000180025095e-35 29.69999980926514 20.94999980926514 9.3499999046325701 2.5000000000000004 12.080355644226076
decision_type=10 2 2 2 8 2 2 10 2 8 8 2 2 8 2 2 2 2 2 10 2
left_child=1 2 10 5 -5 -4 7 8 19 -10 17 -9 -13 16 -15 -12 -3 -1 20 -2 -8
right_child=6 13 3 4 -6 -7 18 11 9 -11 15 12 -14 14 -16 -17 -18 -19 -20 -21 -22
leaf_value=-0.012984513295965582 -0.019426110525162629 0.02647629646681279 0.015678992267520401 -0.0047475943567401833 0.00053937351909301694 0.057963296544938925 -0.0030651139801842983 0.024444812538533933 0.017561572889867136 0.0057625362372930398 -0.0047475943567401833 0.00037402380411692237 0.024444812538533933 0.024067021943329138 0.054561736631838324 -0.013444809376710281 0.00067930851248279231 -0.0047475943567401833 0.0070200505146891965 0.0048124575921153065 -0.014522528632004053
leaf_weight=98.212320893071592 9.8805991625413245 5.2809265181422251 60.628093093633652 828.20635144039989 4965.3307042084634 6.3384184911847106 11.364749617874628 27.90990436822176 43.513017335906625 248.81504434719682 521.3246145490557 24.755973948165774 13.428357267752288 9.9898815825581533 4.6800077706575385 26.171453309245408 5.6900853291153908 6.5693275090306988 7.8012539930641642 2.874424336478115 11.574263688176869
leaf_count=3807 213 88 1073 8529 52568 116 57 138 402 1583 16394 204 196 159 39 795 53 220 102 56 84
internal_value=-5.37759e-06 -0.00045524 -0.000571443 2.27923e-05 -0.000217106 0.0204752 0.00729599 0.00832508 0.0066275 0.0075727 -0.00590232 0.0159454 0.00926758 0.0279737 0.0366566 -0.00479817 0.0142712 -0.0115717 -0.00500072 -0.014011 -0.0092113
internal_weight=6940.34 6538.42 6512.78 5860.5 5793.54 66.9665 401.918 371.177 305.083 292.328 652.278 66.0942 38.1843 25.6409 14.6699 547.496 10.971 104.782 30.7403 12.755 22.939
internal_count=86876 83841 83502 62286 61097 1189 3035 2792 2254 1985 21216 538 400 339 198 17189 141 4027 243 269 141
is_linear=0
shrinkage=0.02


Tree=134
num_leaves=22
num_cat=0
split_feature=48 1 25 6 42 19 11 2 41 49 12 11 3 1 3 2 10 22 22 22 22
split_gain=59.4402 50.531 53.1445 42.5023 31.0294 22.8304 22.6881 20.8773 19.3929 18.8234 14.6894 14.6783 13.9361 13.7932 11.2451 10.5715 7.36976 6.89897 2.46179 1.84384 0.895933
threshold=1.0000000180025095e-35 0.55027195811271679 1.0000000180025095e-35 1.0000000180025095e-35 1.0000000180025095e-35 1.0000000180025095e-35 3.1568622589111333 4.8500001430511483 1.0000000180025095e-35 1.0000000180025095e-35 8.8806543350219744 5.1627428531646737 2.2500000000000004 1.6381919384002688 7.2500000000000009 6.8500001430511483 1.0000000180025095e-35 0.34881450235843664 0.32283189892768865 0.32283189892768865 0.52368327975273143
decision_type=2 2 2 2 2 10 8 2 2 2 10 10 2 2 2 2 8 8 10 8 10
left_child=1 2 4 5 8 9 -2 17 -1 -3 13 -7 18 -5 -6 19 -17 -4 -8 -14 -9
right_child=6 3 7 10 14 11 12 20 -10 -11 -12 -13 15 -15 -16 16 -18 -19 -20 -21 -22
leaf_value=-0.0014442238426629302 -0.0084448204033039827 0.0035667660872974721 -0.015498196871083182 -0.0014442238426629302 -0.0034406466804572291 0.01918317555327664 0.015647690493020408 -0.015747559245658245 -0.010335826268778976 -0.0014442238426629302 0.025784042857221835 0.0035667660872974721 0.029992115878516905 0.012792882776847894 -0.01229148542873542 0.020397527045568475 0.0061441839535633881 -0.0014442238426629302 0.030327249463246893 0.020397527045568475 -0.0044703710908110027
leaf_weight=3138.8097399417311 24.147060722112656 1649.8377127274871 10.267494328320025 905.58070786297321 98.919677259400487 56.108216986060143 11.944050535559656 151.07675871439278 108.72807623818517 336.57908609881997 7.4296875819563857 21.621921241283417 11.660169035196306 29.776126593351364 139.36436632461846 15.458889491856096 145.38293747976422 27.614339701831341 15.873957812786101 15.542932517826555 3.8441478498280039
leaf_count=55268 119 10471 159 8150 1506 252 60 2571 1526 2214 34 99 79 126 2421 93 926 381 69 91 71
internal_value=-8.79221e-05 -0.000439629 -0.00201141 0.00148328 -0.00144422 0.00310728 0.00967015 -0.0122056 -0.00144422 0.00268711 -0.00144422 0.0136742 0.0117261 -0.00144422 -0.00864694 0.00967326 0.00763168 -0.00144422 0.0247861 0.0210458 -0.0154982
internal_weight=6925.57 6685.56 3678.62 3006.93 3485.82 2064.15 240.01 192.803 3247.54 1986.42 942.787 77.7301 215.863 935.357 238.284 188.045 160.842 37.8818 27.818 27.2031 154.921
internal_count=86686 85249 63903 21346 60721 13036 1437 3182 56794 12685 8310 351 1318 8276 3927 1189 1019 540 129 170 2642
is_linear=0
shrinkage=0.02


Tree=135
num_leaves=23
num_cat=0
split_feature=12 0 6 8 36 24 13 42 41 21 22 49 22 42 32 49 2 11 2 6 21 8
split_gain=47.9962 49.3898 50.0662 37.9486 30.3092 21.2283 19.8637 15.9291 15.37 13.9789 12.7303 12.0166 9.25042 8.8539 7.94367 7.23282 4.29336 3.74224 4.21308 3.33642 2.85975 2.42206
threshold=6.6955211162567148 12.74009418487549 1.0000000180025095e-35 1.3002981543540957 1.0000000180025095e-35 1.0000000180025095e-35 4.2952420711517343 1.0000000180025095e-35 1.0000000180025095e-35 18.161911010742191 0.16501933336257937 1.0000000180025095e-35 0.080871392041444792 1.0000000180025095e-35 1.0000000180025095e-35 1.0000000180025095e-35 4.0499999523162851 16.479555130004886 15.050000190734865 1.0000000180025095e-35 29.346787452697757 2.5156800746917729
decision_type=10 2 2 8 2 2 10 2 2 10 8 2 8 2 2 2 2 10 2 2 10 10
left_child=1 2 5 17 10 8 11 -7 -1 21 -4 12 20 -14 -5 -6 -16 19 -19 -3 -2 -8
right_child=6 3 4 14 15 7 9 -9 -10 -11 -12 -13 13 -15 16 -17 -18 18 -20 -21 -22 -23
leaf_value=0.0026295452299612584 -0.00097304335141403409 -0.0065799529130883584 0.022727136402728703 -0.0019426110661760166 0.022564462359534094 0.0078231847912778336 0.0063580390402803999 -0.0019426110661760166 -0.0019426110661760166 0.038764848666236237 -0.0019426110661760166 -0.012016045809077086 0.0075490490488278545 -0.0045346412862152345 -0.0019426110661760166 0.0018410299271592815 -0.0065799529130883584 -0.0065799529130883584 -0.013979649313313674 -0.010861704234487346 -0.018668864127414499 0.017630576217635412
leaf_weight=1542.5508445054293 7.6951316837221366 126.84244037233293 8.9731515236198884 2744.3276322102174 23.928047090768814 493.44818231835961 16.514838910661638 70.02142595499754 90.231592934578657 10.409809730947016 924.56513641029596 14.593723256140946 315.24588254559785 25.621919929981232 6.8933978490531436 9.4902137666940671 298.48674257658422 11.263439040631054 88.214245365932584 81.167435551062226 6.160925280302763 16.662607500329614
leaf_count=10978 81 1630 83 48545 171 2957 101 443 557 64 8525 89 2322 202 60 71 5952 280 2392 1143 120 109
internal_value=0.000165905 -0.00025328 0.0015397 -0.00194261 -0.00194261 0.00321288 0.00677009 0.00655714 0.00205548 0.0194015 -0.00194261 0.00523095 0.00597229 0.00663015 -0.00194261 0.0169038 -0.00586734 -0.00895818 -0.0121848 -0.00736418 -0.00956829 0.0123696
internal_weight=6933.31 6520.4 3163.21 3357.2 966.957 2196.25 412.905 563.47 1632.78 43.5873 933.538 369.318 354.724 340.868 3049.71 33.4183 305.38 307.488 99.4777 208.01 13.8561 33.1774
internal_count=86875 83787 23785 60002 8850 14935 3088 3400 11535 274 8608 2814 2725 2524 54557 242 6012 5445 2672 2773 201 210
is_linear=0
shrinkage=0.02


Tree=136
num_leaves=25
num_cat=0
split_feature=48 1 25 22 6 42 2 24 23 13 11 41 2 42 3 11 22 3 40 1 3 13 18 1
split_gain=45.8867 45.0762 47.0261 43.9938 34.476 29.9215 26.0358 25.1492 19.0524 15.7796 15.3104 14.8969 14.6591 12.804 10.7038 10.2213 14.4406 9.97179 8.78353 5.37289 3.99424 2.98629 2.37667 1.42795
threshold=1.0000000180025095e-35 0.56036624312400829 1.0000000180025095e-35 0.30739219486713415 1.0000000180025095e-35 1.0000000180025095e-35 4.8500001430511483 1.0000000180025095e-35 1.0000000180025095e-35 1.027086138725281 4.0005929470062265 1.0000000180025095e-35 2.1499999761581425 1.0000000180025095e-35 7.2500000000000009 10.360466003417971 0.20907738804817202 11.949999809265138 1.0000000180025095e-35 0.5447276532649995 5.0499999523162851 0.16617424041032794 1.0000000180025095e-35 0.39648739993572241
decision_type=2 2 2 8 2 2 2 2 2 10 8 2 2 2 2 10 8 2 2 2 2 10 8 2
left_child=1 2 5 8 7 11 23 -5 18 -10 20 -1 -6 15 -7 16 -12 -17 -3 -8 -2 -15 -22 -4
right_child=10 3 6 4 12 14 19 -9 9 -11 13 -13 -14 21 -16 17 -18 -19 -20 -21 22 -23 -24 -25
leaf_value=-0.0012204064893126013 0.0066080627331756283 -0.0012204064893126013 -0.011908660738411899 0.0013823735967788556 0.014636587215819959 -0.0032380572991773261 -0.016044668397479724 0.0065697564056113565 0.017667480569382929 0.047491200947839103 0.027901373080281698 -0.009027254861552118 -0.0012204064893126013 0.0034038379406616339 -0.01181067673372123 0.011161689999716963 0.011520399863751309 -0.012618773804296428 0.017481871139578224 -0.0048073432195817637 -0.012715802904136042 -0.012233585235282727 -0.0010714632512495651 -0.0012204064893126013
leaf_weight=3195.8345217313617 11.885299891233442 16.325951471924782 15.926174309104679 1471.9881851375103 25.291814692318439 100.8780885161832 145.48302457854152 500.47868990898132 25.534636877477169 10.27129030972719 25.991568390280008 111.18869044352323 887.05401706323028 8.563572760671379 140.2200471572578 15.527341790497305 127.30691388249397 11.31008719652891 12.841867145150902 20.462184749543667 13.011980950832369 9.398401163518427 14.437261596322058 22.201294090598822
leaf_count=55865 53 109 275 9647 122 1519 2531 2724 164 61 188 1550 7903 56 2414 121 669 137 89 299 69 66 71 256
internal_value=1.80173e-06 -0.000304887 -0.00175898 0.00154473 0.001175 -0.00122041 -0.0110714 0.00270124 0.0176938 0.0272806 0.00862366 -0.00122041 -0.00122041 0.0108777 -0.00825199 0.0124789 0.0144606 0.00104661 0.00541098 -0.0146961 -0.00271646 -0.00499193 -0.00684426 -0.00122041
internal_weight=6939.41 6701.98 3752.19 2949.79 2884.81 3548.12 204.073 1972.47 64.9737 35.8059 237.432 3307.02 912.346 198.098 241.098 180.136 153.298 26.8374 29.1678 165.945 39.3345 17.962 27.4492 38.1275
internal_count=86958 85528 64709 20819 20396 61348 3361 12371 423 225 1430 57415 8025 1237 3933 1115 857 258 198 2830 193 122 140 531
is_linear=0
shrinkage=0.02


Tree=137
num_leaves=24
num_cat=0
split_feature=12 1 25 24 8 35 1 0 3 2 22 12 1 7 1 3 3 22 15 22 13 3 13
split_gain=48.6102 48.5766 47.7133 36.1199 35.2726 29.1386 28.1098 27.2975 20.0716 19.2162 15.1821 12.481 10.9983 7.99433 7.62233 15.9743 9.69288 8.808 9.18616 4.66295 4.02852 1.17854 0.31515
threshold=8.5654463768005389 0.63330608606338512 1.0000000180025095e-35 1.0000000180025095e-35 1.7891100049018862 1.0000000180025095e-35 0.27737425267696386 10.647534847259523 4.4500000476837167 1.2500000000000002 0.54415640234947216 4.8498277664184579 0.53883641958236705 1.0000000180025095e-35 0.23592013120651248 11.150000095367433 19.250000000000004 0.25371882319450384 1.5000000000000002 0.24633492529392245 0.22731567919254306 11.949999809265138 2.3032468557357793
decision_type=10 2 2 2 8 2 2 2 2 2 8 8 2 10 2 2 2 8 10 8 10 2 10
left_child=1 2 4 9 11 8 -6 13 -5 -3 -11 -1 -9 -4 16 17 22 20 -19 -17 -16 -21 -2
right_child=14 3 7 5 6 -7 -8 12 -10 10 -12 -13 -14 -15 15 19 -18 18 -20 21 -22 -23 -24
leaf_value=-0.007658253990828221 -0.018402459179416249 0.021187298341677714 0.00083076835586863823 0.0079777618056011152 -0.0037499946084465063 0.028994551523781255 0.00083076835586863823 -0.016351222974824262 0.00083076835586863823 0.0079156141633242826 0.00083076835586863823 -0.0037499946084465063 -0.0077344451691192468 -0.0077344451691192468 0.0074762512289826511 0.020184286170675188 0.020184286170675188 0.01273504024708447 0.00070011497755909449 0.019649448508883196 -0.0077713734555143171 0.038733451728887196 -0.0077713734555143171
leaf_weight=427.94868791475892 6.0868439273908681 17.550669737160206 70.949324160814285 386.62405294924974 661.87088095396757 21.773818776011467 2692.4120191819966 124.6834174208343 90.465090192854404 121.48405016213655 1798.7548267804086 158.9170608650893 118.46627398580313 21.284104499965906 9.9602186717093009 16.454615600407127 3.3650848418474206 108.13661189191043 33.209744997322559 5.8921037502586833 18.013798793777823 9.1015606112778169 3.2041988782584667
leaf_count=7125 135 81 923 1965 21008 100 33716 2263 524 868 12799 1832 1748 311 67 140 64 578 188 48 113 102 66
internal_value=0.00011374 -0.000185649 -0.00146974 0.00206771 -0.000852405 0.00686125 -6.03939e-05 -0.00870003 0.00579258 0.000830768 0.000830768 -0.00537141 -0.0122019 0.000563536 0.00948783 0.0104368 -0.00522784 0.00791443 0.00993218 0.023355 -0.00227176 0.0329314 -0.0154987
internal_weight=6926.61 6713.18 4276.53 2436.65 3941.15 498.863 3354.28 335.383 477.089 1937.79 1920.24 586.866 243.15 92.2334 213.425 200.769 12.6561 169.32 141.346 31.4483 27.974 14.9937 9.29104
internal_count=86764 85263 68926 16337 63681 2589 54724 5245 2489 13748 13667 8957 4011 1234 1501 1236 265 946 766 290 180 150 201
is_linear=0
shrinkage=0.02


Tree=138
num_leaves=18
num_cat=0
split_feature=18 28 2 6 1 2 2 21 5 21 41 2 12 13 13 11 1
split_gain=45.0714 37.2635 61.7819 37.7965 32.7516 23.8835 15.6741 8.42828 8.69864 9.23935 6.66133 3.69513 4.29179 3.3492 1.40765 9.10174 3.54045
threshold=1.0000000180025095e-35 1.0000000180025095e-35 18.550000190734867 1.0000000180025095e-35 0.25782336294651037 5.4500000476837167 32.850000381469734 31.713248252868656 1.0000000180025095e-35 25.888423919677738 1.0000000180025095e-35 26.94999980926514 2.1471791267395024 0.40715861320495611 1.7075929641723635 7.071230649948121 0.5447276532649995
decision_type=10 2 2 2 2 2 2 8 2 10 2 2 10 10 8 10 2
left_child=1 2 3 4 -1 -5 10 8 9 -2 -4 -3 13 -13 -9 16 -16
right_child=7 11 6 5 -6 -7 -8 14 -10 -11 -12 12 -14 -15 15 -17 -18
leaf_value=-0.0050061497422679438 0.038171388369264328 0.0078833579238514889 -0.0050061497422679438 0.0028089742771156777 0.0017520653040866436 -0.0036426263884610588 -0.017810644662252344 0.0078833579238514889 0.0078833579238514889 0.013487876753069004 -0.017005235561892196 0.00077872069669948337 0.0078833579238514889 -0.013739389107354186 0.0078833579238514889 0.027218639714380478 0.013813624159340121
leaf_weight=187.06561571732163 10.06208159774542 109.26446036621928 974.8502071108669 283.28203427791595 3807.957206774503 1194.2711107358336 37.392851292155683 137.59920955821872 18.381148464977741 17.623787745833397 19.401648232713342 23.17553693801165 5.9582293294370166 7.7079135794192544 40.15858031436801 12.18128392100334 44.288908489048481
leaf_count=4771 71 2078 25895 2096 32774 13507 2172 979 104 118 474 723 186 238 376 99 235
internal_value=4.17617e-05 -0.000289878 -0.000519201 0.000327402 0.00133819 -0.00240464 -0.00500615 0.00788336 0.0164243 0.0234767 -0.00500615 0.00788336 0.000414568 -0.003162 0.00788336 0.0115873 0.00904043
internal_weight=6930.62 6650.33 6504.22 5472.58 3995.02 1477.55 1031.64 280.295 46.067 27.6859 994.252 146.106 36.8417 30.8835 234.228 96.6288 84.4475
internal_count=86896 84914 81689 53148 37545 15603 28541 1982 293 189 26369 3225 1147 961 1689 710 611
is_linear=0
shrinkage=0.02


Tree=139
num_leaves=16
num_cat=0
split_feature=3 43 0 6 42 36 25 2 0 3 11 11 12 11 22
split_gain=54.4977 51.2479 50.3536 43.8695 30.2871 27.4554 24.9412 18.3942 10.5529 27.2143 8.87562 9.38025 3.60983 2.31297 2.13959
threshold=25.849999427795414 1.0000000180025095e-35 14.441087245941164 1.0000000180025095e-35 1.0000000180025095e-35 1.0000000180025095e-35 1.0000000180025095e-35 27.050000190734867 31.6256217956543 28.349999427795414 7.6656875610351571 19.329535484313968 1.8303807973861697 41.249156951904304 0.39761766791343695
decision_type=2 2 2 2 2 2 2 2 2 2 8 8 8 8 8
left_child=1 2 3 4 -1 -5 7 -4 -2 -10 -3 -12 -8 -11 -13
right_child=8 10 6 5 -6 -7 12 -9 9 13 11 14 -14 -15 -16
leaf_value=0.0032153087268005365 0.05399675140896637 0.010932000475446827 -0.0022691797491336506 -0.0022691797491336506 -0.0022691797491336506 0.01447212679557338 -0.0026860614175833321 -0.0083919771393507654 -0.017587546666185862 0.018966192124764015 0.048100625742125376 0.0065045732244995739 -0.017865863492804113 0.040906365395593162 0.02421805427890969
leaf_weight=2561.8932695500553 4.8143563978374031 18.302217699587345 2651.9437083303928 1110.4130321107805 230.74333151802421 38.336592234671116 7.6818985864520064 200.53406350500882 4.9050811883062151 6.1562068164348576 7.4585347883403328 4.9644515160471174 45.984159845858812 8.7720563746988773 9.4896291214972734
leaf_count=18274 60 103 45667 10353 1579 278 149 9010 98 62 85 65 845 96 117
internal_value=-3.01637e-05 -0.000138501 -0.000272293 0.00120029 0.00255334 -0.00208836 -0.00226918 -0.00226918 0.0290695 0.0207172 0.0220966 0.0305376 -0.0157819 0.0336173 0.0189487
internal_weight=6912.39 6887.74 6847.53 3941.39 2792.64 1148.75 2906.14 2852.48 24.6477 19.8333 40.2148 21.9126 53.6661 14.9283 14.4541
internal_count=86841 86525 86155 30484 19853 10631 55671 54677 316 256 370 267 994 158 182
is_linear=0
shrinkage=0.02


Tree=140
num_leaves=24
num_cat=0
split_feature=1 25 6 42 19 42 36 3 2 10 25 1 3 1 3 3 11 12 11 15 25 1 11
split_gain=44.1295 48.8695 34.8609 28.5777 28.5411 25.0921 24.5693 32.0019 20.0706 17.8028 15.7999 16.946 14.6459 13.7738 20.8309 12.4191 9.23813 6.61727 3.94284 2.84333 2.1967 1.58251 0.423239
threshold=0.55027195811271679 1.0000000180025095e-35 1.0000000180025095e-35 1.0000000180025095e-35 1.0000000180025095e-35 1.0000000180025095e-35 1.0000000180025095e-35 4.4500000476837167 7.0499999523162851 2.5000000000000004 1.0000000180025095e-35 1.2566752433776858 7.2500000000000009 0.27737425267696386 17.94999980926514 1.9499999880790713 5.1627428531646737 5.2397520542144784 14.103621006011965 3.5000000000000004 1.0000000180025095e-35 0.52952951192855846 4.5456764698028573
decision_type=2 2 2 2 10 2 2 2 2 10 2 2 2 2 2 2 10 10 10 8 2 2 8
left_child=1 3 4 13 5 9 10 15 22 -2 11 -4 -5 14 -1 -8 20 -14 21 -20 -6 -10 -3
right_child=2 8 6 12 16 -7 7 -9 18 -11 -12 -13 17 -15 -16 -17 -18 -19 19 -21 -22 -23 -24
leaf_value=-0.0058552393919046875 0.0042884215559683431 -0.011612312655460312 -0.00027616509386973185 -0.0045747049370036446 0.021639179926804222 -0.0045747049370036446 0.020645999927613623 0.040573904495084676 -0.019191725106755576 -0.00082287198457749156 -0.0041719676518094948 0.014114091195448522 -0.014000125693776146 -0.00082287198457749156 -0.00082287198457749156 -0.00082287198457749156 0.0042884215559683431 -0.0045747049370036446 -0.016382533942462897 -0.0045747049370036446 0.01119910581415986 -0.011612312655460312 -0.0045747049370036446
leaf_weight=565.61135675758123 1569.5782708227634 5.2195605598390094 303.20749545097351 99.012020426802337 41.970256224274635 171.17864400148392 9.980765178799631 12.230276487767695 83.562409186735749 329.4639718644321 569.95732356980443 35.689985275268555 122.83647037670016 2667.7113960534334 156.94550844933838 12.099970184266565 20.617397397756577 25.506646451540291 7.3174399379640791 3.9971485454589137 14.491293847560881 19.54782897606492 65.039762452244759
leaf_count=18587 9694 57 1951 1500 194 1000 69 83 1509 2356 5974 152 2199 35041 4344 85 96 294 137 85 63 326 1029
internal_value=-8.15031e-06 -0.00144486 0.00176867 -0.000933721 0.00318943 0.00274027 -0.000933721 0.0159753 -0.0114532 0.0034017 -0.000933721 0.00127637 -0.00771831 -0.000933721 -0.00370641 0.00118287 0.0150636 -0.0120448 -0.0166515 -0.00491165 0.0192012 -0.0178801 -0.0045747
internal_weight=6912.77 3822.31 3090.47 3637.62 2147.3 2070.22 943.166 34.311 184.684 1899.04 908.855 338.897 247.355 3390.27 722.557 22.0807 77.0789 148.343 114.425 11.3146 56.4616 103.11 70.2593
internal_count=86825 65108 21717 61965 13403 13050 8314 237 3143 12050 8077 2103 3993 57972 22931 154 353 2493 2057 222 257 1835 1086
is_linear=0
shrinkage=0.02


Tree=141
num_leaves=18
num_cat=0
split_feature=3 1 48 8 12 12 3 3 22 12 12 42 8 1 3 3 27
split_gain=49.7242 43.4359 38.3494 33.9642 30.5697 13.8613 13.6777 14.5763 9.71627 8.27815 6.4758 7.46645 6.05163 6.03267 4.02784 2.87383 0.833484
threshold=25.849999427795414 0.29377762973308569 1.0000000180025095e-35 1.2613920569419863 3.7121504545211796 6.6955211162567148 0.75000000000000011 10.250000000000002 0.067288905382156386 3.1385765075683598 7.1894831657409677 1.0000000180025095e-35 inf 0.25782336294651037 23.349999427795414 6.6499998569488534 1.0000000180025095e-35
decision_type=2 2 2 8 10 10 2 2 8 8 10 2 8 2 2 2 2
left_child=1 8 3 5 -5 -3 -4 -8 13 -2 11 -10 -11 14 -1 -15 -14
right_child=9 2 6 4 -6 -7 7 -9 10 12 -12 -13 16 15 -16 -17 -18
leaf_value=-0.014825202460732814 0.042178134973336882 -0.0040611294518907845 0.028100770992586156 0.00022389246040670552 0.0047407469301456772 0.0047407469301456772 0.0042846184419068692 0.016500571992289877 -0.0040611294518907845 -0.0026638480468660496 0.0042846184419068692 -0.012888371657090184 0.028905920125972064 -0.014825202460732814 -0.0040611294518907845 -0.0040611294518907845 0.012954261393187193
leaf_weight=67.702101244591177 9.1536049507558364 783.39794527366757 12.785370722413061 4144.8200874812901 699.68771869689226 71.236224818974733 155.92668697237968 51.670993871986866 773.43306790664792 4.3794350679963854 30.074727700091898 39.351546977646649 7.1587132960557964 7.5645161513239136 1.6525047309696663 29.229084802791476 4.8442770913243249
leaf_count=2734 98 7951 59 41863 6229 471 787 333 23219 76 570 1182 72 293 42 788 79
internal_value=1.42778e-05 -9.12765e-05 0.000545742 0.000228455 0.000877101 -0.00344514 0.00871274 0.00738969 -0.00406113 0.0273392 -0.00406113 -0.00406113 0.0170985 -0.0100965 -0.0135484 -0.00406113 0.0239594
internal_weight=6894.07 6868.53 5919.53 5699.14 4844.51 854.634 220.383 207.598 949.008 25.536 842.859 812.785 16.3824 106.148 69.3546 36.7936 12.003
internal_count=86846 86521 57693 56514 48092 8422 1179 1120 28828 325 24971 24401 227 3857 2776 1081 151
is_linear=0
shrinkage=0.02


Tree=142
num_leaves=18
num_cat=0
split_feature=43 1 24 42 12 8 3 3 2 22 12 21 36 3 15 11 22
split_gain=55.8495 45.3044 33.8445 28.5349 22.4225 37.4618 20.8174 20.3897 18.8442 16.4244 13.9571 10.047 7.34332 6.57355 6.09795 3.99107 6.95989
threshold=1.0000000180025095e-35 0.63330608606338512 1.0000000180025095e-35 1.0000000180025095e-35 3.9824917316436772 2.1095764636993413 4.4500000476837167 0.35000000894069677 1.2500000000000002 0.32283189892768865 4.383054494857789 15.54612970352173 1.0000000180025095e-35 6.2500000000000009 3.5000000000000004 8.1025457382202166 0.053425425663590438
decision_type=2 2 2 2 10 8 2 2 2 8 10 8 2 2 10 10 10
left_child=1 3 8 4 5 -1 7 -4 -3 -10 -2 -5 -13 -8 -6 -12 -17
right_child=10 2 6 11 14 -7 13 -9 9 -11 15 12 -14 -15 -16 16 -18
leaf_value=-0.0069819334917724596 0.037384937120100083 0.02095401310529104 0.00082631330660710869 0.00082631330660710869 0.00082631330660710869 -0.00086716912184460905 0.00082631330660710869 0.010306835176441334 0.016782557289439809 0.00082631330660710869 0.0074179437451447928 -0.0090772940040499857 0.00082631330660710869 0.016333540133358741 -0.0058146574979102287 0.0036548246289512185 0.041228479593236472
leaf_weight=465.03106708731502 15.556798264384268 17.607559897005558 32.175851836800575 11.80607273802161 679.09219362773001 2864.6561695160344 90.009485371410847 372.35487179458141 25.093213841319084 1905.5754209421575 18.725187882781032 272.60486039053649 13.005878624506293 12.740819245576857 101.21916690841317 3.8118452932685605 3.6227210182696581
leaf_count=8072 164 82 163 136 8146 48087 509 1876 159 13561 103 4052 187 75 1484 85 38
internal_value=-8.82801e-06 -0.000150705 0.00202582 -0.00136352 -0.0009297 -0.00172301 0.00662198 0.00874058 0.000826313 0.000826313 0.022789 -0.00733529 -0.00830494 0.000826313 0.000826313 0.0130522 0.0246811
internal_weight=6904.69 6862.97 2455.56 4407.42 4110 3329.69 507.281 404.531 1948.28 1930.67 41.7166 297.417 285.611 102.75 780.311 26.1598 7.43457
internal_count=86979 86589 16425 70164 65789 56159 2623 2039 13802 13720 390 4375 4239 584 9630 226 123
is_linear=0
shrinkage=0.02


Tree=143
num_leaves=18
num_cat=0
split_feature=18 28 2 25 2 10 2 15 21 8 5 8 21 12 6 1 1
split_gain=46.0968 37.3486 48.2546 40.0313 32.6767 28.2229 15.2282 9.51083 7.68871 8.92845 10.7621 6.44338 4.38084 3.30375 2.31235 1.31117 0.479377
threshold=1.0000000180025095e-35 1.0000000180025095e-35 18.550000190734867 1.0000000180025095e-35 7.2500000000000009 1.0000000180025095e-35 32.850000381469734 3.5000000000000004 29.200433731079105 2.5962972640991215 1.0000000180025095e-35 1.0440924167633059 28.478149414062504 1.8440058231353762 1.0000000180025095e-35 0.23165632039308551 0.7128843665122987
decision_type=10 2 2 2 2 8 2 8 10 8 2 8 8 10 2 2 2
left_child=1 2 3 5 -5 -1 11 13 9 -2 12 -4 -11 -3 -8 -15 -12
right_child=8 7 6 4 -6 -7 14 -9 -10 10 16 -13 -14 15 -16 -17 -18
leaf_value=0.007973768532552928 0.007973768532552928 -0.016466641919769931 -0.011601240584084417 0.00041340568271008762 -0.0044838931182245067 0.00085546018935408216 -0.019806593247228589 0.007973768532552928 0.007973768532552928 0.032755689373198095 0.007973768532552928 -0.0044838931182245067 0.017706133520116251 -0.0080349619221743024 -0.011601240584084417 0.007973768532552928 0.012257790042139657
leaf_weight=203.69865454360843 51.853801801800728 8.3815174717456049 55.006775494664907 709.50524068437517 616.44281099364161 3935.5926991850138 32.412226523272693 129.83945578895509 125.44652155227959 10.161901665851472 11.919794261455534 922.42851643078029 63.436429470777512 2.1938951145857581 4.2493638452142468 3.7841834984719753 20.502577058970928
leaf_count=1976 354 244 1536 5687 8109 37481 1953 2760 915 62 87 24746 462 67 239 108 96
internal_value=8.81687e-05 -0.00025029 -0.000479355 0.000264387 -0.00275864 0.00123319 -0.00448389 0.00797377 0.00797377 0.0124188 0.0159297 -0.00448389 0.0201953 -0.00904608 -0.0172225 0.00222668 0.00797377
internal_weight=6906.86 6623.54 6479.34 5465.24 1325.95 4139.29 1014.1 144.199 283.321 157.875 106.021 977.435 73.5983 14.3596 36.6616 5.97808 32.4224
internal_count=86882 84906 81727 53253 13796 39457 28474 3179 1976 1061 707 26282 524 419 2192 175 183
is_linear=0
shrinkage=0.02


Tree=144
num_leaves=20
num_cat=0
split_feature=43 1 25 24 1 41 1 2 2 42 3 10 34 12 2 1 31 21 11
split_gain=48.0573 41.0962 37.9667 37.8126 29.933 24.5776 27.2226 24.3497 15.9763 14.9943 14.4445 12.9402 12.0898 10.2067 9.10149 7.30048 3.63785 1.60654 1.17685
threshold=1.0000000180025095e-35 0.7272799313068391 1.0000000180025095e-35 1.0000000180025095e-35 0.59877228736877453 1.0000000180025095e-35 0.25782336294651037 1.2500000000000002 4.8500001430511483 1.0000000180025095e-35 4.9500000476837167 1.5000000000000002 1.0000000180025095e-35 11.802836894989015 11.750000000000002 0.68817996978759777 1.0000000180025095e-35 57.987308502197273 6.1301090717315683
decision_type=2 2 2 2 2 2 2 2 2 2 2 8 2 10 2 2 2 8 10
left_child=1 2 5 7 8 6 -1 -3 -4 10 -5 -9 13 16 -6 -7 -2 -18 -11
right_child=12 3 4 9 14 15 -8 11 -10 18 -12 -13 -14 -15 -16 -17 17 -19 -20
leaf_value=-0.0042691537086122743 0.028414096179004755 0.024922349716205241 -0.0010348508788662752 0.010986631107733831 0.00032045933091049387 -0.0091084587906453112 0.00049945214577164579 0.0059752843430897207 -0.012924950536157095 0.00049945214577164579 0.00049945214577164579 0.00049945214577164579 0.043598011100395642 -0.0058508060112760956 -0.012276261836514073 0.00049945214577164579 0.0041616328103727092 0.018544526279018061 0.0085690752297112247
leaf_weight=549.37868105340749 13.109126958996058 15.873488895595072 42.442338719964027 304.93732866644859 212.98785346373916 159.84849562030286 3684.0016264263541 175.19873523712158 224.57413849234581 40.531558513641357 28.155413910746574 1356.8465370051563 7.3821685630828133 6.6781312841922036 24.707188606262207 9.4747315868735296 6.6158228535205117 6.4425799418240794 12.125545494258402
leaf_count=17998 109 73 578 1447 2615 1890 47053 957 3798 196 144 9193 61 81 358 64 47 75 73
internal_value=8.65659e-05 -4.31683e-05 -0.00101622 0.00242556 -0.00620627 -0.000419973 -0.000120246 0.00102724 -0.0107888 0.00801952 0.00963278 0.000763567 0.0216149 0.0155319 -0.00103485 -0.00786896 0.0210034 0.012072 0.000499452
internal_weight=6881.31 6841.08 4907.42 1933.67 504.712 4402.7 4233.38 1547.92 267.016 385.75 333.093 1532.05 40.2278 32.8457 237.695 169.323 26.1675 13.0584 52.6571
internal_count=86810 86437 74354 12083 7349 67005 65051 10223 4376 1860 1591 10150 373 312 2973 1954 231 122 269
is_linear=0
shrinkage=0.02


Tree=145
num_leaves=20
num_cat=0
split_feature=10 1 32 1 15 3 1 8 9 0 3 32 21 1 22 48 13 15 13
split_gain=40.5254 38.3264 35.204 27.5831 29.2274 13.8686 16.1076 11.4967 11.414 11.1641 15.5521 12.4268 10.1511 9.29128 7.43937 6.41322 5.36566 5.29752 4.39106
threshold=1.0000000180025095e-35 1.0145362019538882 1.0000000180025095e-35 0.27044226229190832 3.5000000000000004 23.349999427795414 0.27044226229190832 10.841223239898683 2.5000000000000004 3.9083231687545781 1.7500000000000002 1.0000000180025095e-35 13.589834213256838 0.39148968458175665 0.067288905382156386 1.0000000180025095e-35 3.9323836565017705 4.5000000000000009 1.0149984955787661
decision_type=8 2 2 2 10 2 2 10 8 2 2 2 8 2 8 2 10 10 8
left_child=5 2 3 14 -5 6 -1 18 13 -3 11 -11 -8 -4 -2 -14 -12 -10 -7
right_child=1 9 8 4 -6 7 12 -9 17 10 16 -13 15 -15 -16 -17 -18 -19 -20
leaf_value=-0.0025210729316589293 -0.011411837282600049 0.0073529324512666607 -0.0067000723675990749 0.00064145594147313717 -0.0047142856287326921 0.0073529324512666607 0.03255784835937521 0.043227834873421848 -0.0067000723675990749 0.0073529324512666607 0.00064145594147313717 0.00037232502509476021 0.0073529324512666607 0.00011269088404153284 -0.0047142856287326921 0.017955988491083534 0.0073529324512666607 -0.014436871295258374 0.02633059995604254
leaf_weight=83.372580027207732 65.833722277544439 160.72976019233465 74.390082296915352 3875.6948868855834 382.98322236724198 4.5555135700851652 5.4766163155436507 6.1944468542933455 487.44356717821211 209.14333873987198 363.22412095218897 122.71493330597878 281.3909630831331 245.02391334623098 464.51224928535521 23.145952634513378 14.336214005947111 35.150492398068309 4.032204983755947
leaf_count=2828 2514 685 1822 41970 4318 79 49 54 6995 1007 1844 757 3489 2991 14844 122 67 452 64
internal_value=-9.31765e-05 -0.000477342 -0.00108112 -0.000417618 0.00011844 0.00601191 0.00525919 0.024441 -0.00484993 0.0034267 0.0023265 0.00561644 0.00735293 -0.00252107 -0.00471429 0.00735293 0.000641456 -0.00670007 0.00779456
internal_weight=6909.35 6501.18 5631.03 4789.02 4258.68 408.168 393.386 14.7822 842.008 870.148 709.419 331.858 310.014 319.414 530.346 304.537 377.56 522.594 8.58772
internal_count=86951 80266 75906 63646 46288 6685 6488 197 12260 4360 3675 1764 3660 4813 17358 3611 1911 7447 143
is_linear=0
shrinkage=0.02


Tree=146
num_leaves=21
num_cat=0
split_feature=27 7 2 43 31 3 0 3 3 2 8 2 3 3 3 3 8 43 8 2
split_gain=46.8417 45.2639 39.8218 28.9726 30.2821 18.9145 18.3461 14.5978 25.2189 10.7203 15.8345 8.07933 7.90739 9.32521 7.19233 6.54611 6.4186 6.25399 6.14721 6.0852
threshold=1.0000000180025095e-35 1.0000000180025095e-35 18.550000190734867 1.0000000180025095e-35 1.0000000180025095e-35 39.250000000000007 25.458692550659183 6.4500000476837167 3.7500000000000004 4.2500000000000009 2.5156800746917729 10.650000095367433 9.8499999046325701 1.6500000357627871 7.2500000000000009 7.5499999523162851 7.6844685077667245 1.0000000180025095e-35 1.7003225684165957 19.050000190734867
decision_type=2 10 2 2 2 2 2 2 2 2 10 2 2 2 2 2 8 2 10 2
left_child=5 2 3 4 -2 6 7 8 -1 -3 14 -5 13 -8 -11 -9 -14 18 -4 -12
right_child=1 9 17 11 -6 -7 12 15 -10 10 19 -13 16 -15 -16 -17 -18 -19 -20 -21
leaf_value=0.010697589580634263 0.00018745585617774654 0.00018745585617774654 -0.0047517613483634112 0.034496662339647412 0.0036497765424320905 0.048790632921666431 0.010697589580634263 -0.0069584911084798117 0.051189559644430935 -0.0047517613483634112 1.0964827972478587e-05 0.0119424671111703 -0.015717386125362724 -0.0069584911084798117 -0.0089785417056571747 0.012524589064021697 0.010759181324987819 0.0119424671111703 1.0964827972478587e-05 -0.0037729831150709421
leaf_weight=13.875988233834507 2881.1816913615912 121.0299129113555 559.35401013214141 10.696154199540617 1555.310593675822 4.2048157900571814 5.6202158015221348 3.340740881860266 11.127038314938543 573.35139930713922 453.61069834604859 17.826625179499388 3.0469337534159413 33.47352216206491 226.62153881601989 22.101519599556923 56.388551255688071 9.1334434542804939 131.77431203052402 188.89566607400775
leaf_count=204 27175 782 15557 63 14235 26 158 54 176 6559 5103 107 78 900 4349 396 1254 160 3794 5628
internal_value=0.000179976 -6.97623e-05 0.000832803 0.00153353 0.0014018 0.0110797 0.00969704 0.0193917 0.0299932 -0.00305014 -0.00359826 0.0212824 0.00458859 -0.00242302 -0.00595887 0.00823284 0.00823284 -0.00305014 -0.00305014 -0.00305014
internal_weight=6881.97 6728.79 5165.28 4465.02 4436.49 153.179 148.975 50.4453 25.003 1563.51 1442.48 28.5228 98.5292 39.0937 799.973 25.4423 59.4355 700.262 691.128 642.506
internal_count=86758 83512 61091 41580 41410 3246 3220 830 380 22421 21639 170 2390 1058 10908 450 1332 19511 19351 10731
is_linear=0
shrinkage=0.02


Tree=147
num_leaves=21
num_cat=0
split_feature=48 27 1 22 10 2 8 1 13 2 2 23 12 33 22 22 12 21 6 2
split_gain=43.2691 44.5827 42.9493 30.9158 28.7659 21.579 20.5109 12.9951 12.683 10.2996 9.59517 7.84243 5.99016 7.17355 12.2082 11.3742 4.84562 4.1116 2.54874 1.22925
threshold=1.0000000180025095e-35 1.0000000180025095e-35 0.5447276532649995 0.29156945645809179 2.5000000000000004 32.850000381469734 0.94793695211410534 0.27044226229190832 0.98721215128898632 19.750000000000004 14.34999990463257 1.0000000180025095e-35 2.8284370899200444 1.0000000180025095e-35 0.43568699061870581 0.20907738804817202 2.1096171140670781 27.699313163757328 1.0000000180025095e-35 3.6499999761581425
decision_type=2 2 2 8 10 2 8 2 10 2 2 2 8 2 10 8 10 10 2 2
left_child=1 7 5 8 -5 6 -3 10 -4 -9 19 -11 -2 14 15 -14 -12 -15 -7 -1
right_child=12 2 3 4 -6 18 -8 9 -10 11 16 -13 13 17 -16 -17 -18 -19 -20 -21
leaf_value=0.024352891289185632 0.020309399112396702 -0.0078661254514488504 0.0088036966137185688 0.0019247580147597973 -0.0020608086851890512 -0.019755666751276584 -0.0020608086851890512 0.035446232097773131 0.028523462989856911 0.022185078932740254 -0.0015103737950392265 0.0070706172540293613 0.016245274497027819 0.0062186054692563979 0.023931062719279712 0.0042835414961225051 0.0070706172540293613 -0.010445961946321391 -0.0078661254514488504 0.011485256877151122
leaf_weight=7.1616730913519886 15.174342410638927 245.27992581482977 44.015233147889376 2384.4671649895608 619.87799186259508 30.615531990304589 3157.8868299415335 9.5043622516095621 18.51998358219862 22.933438554406166 54.803848493844271 35.710841154679656 40.656580049544573 9.7285699881613272 18.257650822401047 139.74988443404436 12.172952862456439 12.392815433442591 4.1620499501004806 10.489658974111078
leaf_count=44 96 4115 289 16335 5031 1921 54249 130 114 402 1522 642 333 54 79 758 327 83 244 164
internal_value=2.42624e-05 -0.000274609 -0.000526153 0.00119429 0.000902016 -0.00206081 -0.00206081 0.0103692 0.0150008 0.016817 0.00504122 0.0132541 0.0084225 0.00751764 0.00871707 0.00705394 0.00148504 -0.00316521 -0.0175971 0.0177318
internal_weight=6893.56 6657.6 6504.82 3066.88 3004.35 3437.94 3403.17 152.777 62.5352 68.1486 84.6281 58.6443 235.96 220.786 198.664 180.406 66.9768 22.1214 34.7776 17.6513
internal_count=86932 85529 82298 21769 21366 60529 58364 3231 403 1174 2057 1044 1403 1307 1170 1091 1849 137 2165 208
is_linear=0
shrinkage=0.02


Tree=148
num_leaves=20
num_cat=0
split_feature=27 1 7 12 48 1 3 42 2 3 8 2 12 8 12 3 3 12 6
split_gain=39.7251 41.2462 41.8848 35.2917 28.0917 20.5876 22.3308 19.3067 15.1016 11.4352 10.8222 6.05002 5.47371 4.93903 8.64956 4.42748 4.06903 3.35079 1.615
threshold=1.0000000180025095e-35 0.31235727667808538 1.5000000000000002 4.4654631614685067 1.0000000180025095e-35 0.27044226229190832 23.650000572204593 1.0000000180025095e-35 32.850000381469734 11.050000190734865 10.841223239898683 19.750000000000004 2.1096171140670781 1.2806981205940249 4.7435042858123788 9.8499999046325701 25.849999427795414 3.7363756895065312 1.0000000180025095e-35
decision_type=2 2 10 10 2 2 2 2 2 2 10 2 10 8 10 2 2 8 2
left_child=5 8 3 4 -3 6 12 -5 13 11 16 -7 15 14 -2 -1 -8 -14 -10
right_child=1 2 -4 7 -6 9 10 -9 18 -11 -12 -13 17 -15 -16 -17 -18 -19 -20
leaf_value=-0.014370444110980082 -0.013205007465106429 0.00013307852671497078 -0.0037308719258916535 0.0061715486682390941 0.011199867195929991 0.037485929612141242 -0.0043952771526040305 -0.0037308719258916535 -0.019733696987478705 0.040849705861804843 0.04005809127360397 0.017864486321452825 0.014925838699936536 -0.0037308719258916535 -0.0037308719258916535 -0.0017500485964682352 0.01643094887530152 -0.0088426123079496481 -0.013205007465106429
leaf_weight=15.154822120442985 62.082116093486547 4350.3388725928962 462.88566798716784 654.28610557690263 92.725072391331196 7.7679412439465514 4.9994272142648759 61.46985837072134 29.582956739701331 7.0570649690926066 6.5492850169539443 56.010150087997317 8.5350982751697266 983.26771256979555 27.824658984318376 36.766590978950262 10.713838744908569 2.4181292764842519 4.1425187252461901
leaf_count=542 1860 40961 5609 4610 507 97 92 429 1871 118 58 984 236 26930 615 970 106 70 246
internal_value=2.81965e-05 -0.000203802 0.000491209 0.00103094 0.000366506 0.0099741 0.00327802 0.00514913 -0.00373087 0.0178645 0.0178645 0.0147298 -0.00291432 -0.00373087 -0.00863736 -0.00563563 0.00993823 0.00937773 -0.0169352
internal_weight=6884.58 6728.61 5621.71 5158.82 4443.06 155.972 85.1372 715.756 1106.9 70.8352 22.2626 63.7781 62.8746 1073.17 89.9068 51.9214 15.7133 10.9532 33.7255
internal_count=86911 83638 52116 46507 41468 3273 2074 5039 31522 1199 256 1081 1818 29405 2475 1512 198 306 2117
is_linear=0
shrinkage=0.02


Tree=149
num_leaves=15
num_cat=0
split_feature=43 3 1 32 33 1 3 15 22 0 22 3 1 31
split_gain=37.3796 36.7147 38.0352 33.8358 34.5822 22.9748 15.1488 7.4563 6.98267 4.27261 6.39882 3.22264 2.49948 2.4933
threshold=1.0000000180025095e-35 28.10000038146973 0.29014104604721075 1.0000000180025095e-35 1.0000000180025095e-35 1.4878956675529482 6.6499998569488534 2.5000000000000004 0.086948394775390639 15.260242462158205 0.082019142806530013 5.2500000000000009 0.10187044739723207 1.0000000180025095e-35
decision_type=2 2 2 2 2 2 2 8 8 2 10 2 2 2
left_child=1 2 6 4 -4 -5 11 9 -8 -2 -11 -1 -3 -9
right_child=7 12 3 5 -6 -7 8 13 -10 10 -12 -13 -14 -15
leaf_value=-0.0092938420628474374 0.020138901607552381 0.019253880637939522 0.0019625781551357358 -0.0036464548188613532 -0.002320569022656694 0.0059738677239500482 -0.0087580888969982489 0.035044321762207925 -0.0036464548188613532 -0.0089009409207949329 0.015452424452780118 -0.018074252940122559 0.038660572099889094 0.015715417001171534
leaf_weight=79.271582087501884 10.496224381029608 11.500215094536545 3849.0745512675494 1024.937566999346 936.77225705049932 109.03392952680588 115.8201640592888 10.115939844399692 664.20016757771373 7.5235359482467157 7.8316330928355455 22.862361056730151 6.2882648408412924 7.1618702020496121
leaf_count=3614 49 92 36700 11825 9468 469 4092 89 18975 119 61 941 84 66
internal_value=6.06634e-06 -0.000112642 -0.000189733 0.000387818 0.00112389 -0.00271699 -0.00406152 0.0183539 -0.00364645 0.0108793 0.00370541 -0.0114155 0.0278067 0.0283304
internal_weight=6862.89 6819.76 6801.97 5919.82 4785.85 1133.97 882.154 43.1292 780.02 25.8514 15.3552 102.134 17.7885 17.2778
internal_count=86644 86260 86084 58462 46168 12294 27622 384 23067 229 180 4555 176 155
is_linear=0
shrinkage=0.02


Tree=150
num_leaves=18
num_cat=0
split_feature=3 1 7 25 42 1 22 3 3 11 23 2 3 1 0 7 0
split_gain=37.7547 38.9209 42.1848 33.8376 44.6222 40.3987 13.4496 11.5976 22.1594 9.39839 3.20608 2.89281 5.9214 2.76383 2.33312 0.801617 0.102464
threshold=23.349999427795414 0.25782336294651037 1.5000000000000002 1.0000000180025095e-35 1.0000000180025095e-35 0.65390685200691234 0.067288905382156386 23.94999980926514 25.250000000000004 36.496849060058601 1.0000000180025095e-35 34.049999237060554 14.650000095367433 0.22077211737632754 27.803687095642093 2.5000000000000004 13.710944652557375
decision_type=2 2 10 2 2 2 8 2 2 8 2 2 2 2 2 8 2
left_child=1 6 3 4 -3 -5 13 -2 -9 -10 -11 -8 -13 16 -15 -4 -1
right_child=7 2 15 5 -6 -7 11 8 9 10 -12 12 -14 14 -16 -17 -18
leaf_value=-0.0099995947315564323 0.042968245416939367 0.0020949417552822676 -0.0041174468531784561 -0.0051068415211654936 -0.005104293050703027 0.0002034294352391003 -0.0051068415211654936 -0.018080507268656221 0.0015189895881308915 0.016022140599790111 0.034516709275924734 -0.019293110043192199 -0.0051068415211654936 -0.0051068415211654936 -0.015658081195820392 -0.0051068415211654936 -0.018743533183451011
leaf_weight=4.4187752977013579 5.8421261087059966 4100.7875617910177 353.19975169375539 324.66563911549747 374.99530123919249 961.86739000305533 426.82965943589807 6.4123748634010544 7.6491258069872883 9.6119951084256172 12.02000555768609 18.333339063450698 3.2080120481550685 16.796813879162077 11.820697207935153 200.2515973970294 31.868687123060226
leaf_count=82 91 44423 4784 4991 3546 7745 13740 164 113 96 157 1183 150 574 698 2987 1394
internal_value=-0.000151616 -0.000268576 0.000162217 0.000669091 0.00149076 -0.0021884 -0.00555942 0.0186326 0.013587 0.02089 0.0273699 -0.00510684 -0.013254 -0.0142515 -0.00908187 -0.00510684 -0.0179755
internal_weight=6870.58 6829.04 6315.77 5762.32 4475.78 1286.53 513.276 41.5356 35.6935 29.2811 21.632 448.371 21.5414 64.905 28.6175 553.451 36.2875
internal_count=86918 86297 68476 60705 47969 12736 17821 621 530 366 253 15073 1333 2748 1272 7771 1476
is_linear=0
shrinkage=0.02


Tree=151
num_leaves=20
num_cat=0
split_feature=43 19 42 32 0 2 3 8 3 31 0 16 3 3 13 13 11 22 13
split_gain=36.7986 34.3151 27.9102 30.5352 31.4786 26.7745 17.2483 10.8075 10.1908 9.39591 9.48688 8.96381 7.67756 5.06136 5.90153 4.88209 4.24645 2.66836 3.02227
threshold=1.0000000180025095e-35 1.0000000180025095e-35 1.0000000180025095e-35 1.0000000180025095e-35 15.260242462158205 6.8500001430511483 7.2500000000000009 3.0201660394668584 11.949999809265138 1.0000000180025095e-35 12.74009418487549 1.0000000180025095e-35 8.6500000953674334 2.2500000000000004 0.58928340673446666 0.45543320477008825 14.103621006011965 0.46112260222435003 3.0974280834198002
decision_type=2 10 2 2 2 2 2 10 2 2 2 10 2 2 10 8 8 10 8
left_child=1 2 3 4 -1 -5 7 -4 -8 10 -2 17 -12 -13 -15 -11 -14 18 -3
right_child=9 11 6 5 -6 -7 8 -9 -10 15 12 13 16 14 -16 -17 -18 -19 -20
leaf_value=0.0020012495220591954 0.04374245849522141 0.0047267236124184393 -0.0043038319598583908 0.00044408860068680388 -0.0011358681402571153 -0.0058541335634839731 -0.013895551312210673 0.0047267236124184393 -0.0022804886475159365 -0.0064082607397652246 0.0012353178729058835 0.025413012639963695 0.011075830308578834 0.020757250743275162 0.0047267236124184393 0.014004346273835757 0.038311970869577015 0.0047267236124184393 0.016942459559258889
leaf_weight=2919.8317034766078 7.3643099963665035 12.744960159063341 252.41871035192162 486.37888838723302 2275.8134016785771 605.48112762812525 107.40937104821205 66.145796460099518 42.509874976240098 6.8670215867459801 8.1138711292296666 19.09343421459198 5.392101947218177 14.875519603490828 17.682880058884621 11.163755888119338 5.3117691166698942 16.027108505368233 14.555383328348396
leaf_count=21666 36 56 2145 3913 45512 9624 1457 703 1084 54 72 88 37 69 82 103 83 73 70
internal_value=-7.58413e-05 -0.000194498 -0.000363143 -1.18993e-05 0.000627165 -0.00305069 -0.00506711 -0.00241983 -0.010639 0.0179082 0.0253751 0.0116802 0.0163426 0.017243 0.0118373 0.00630198 0.0267103 0.00480929 0.0109328
internal_weight=6895.18 6850.97 6755.99 6287.51 5195.65 1091.86 468.484 318.565 149.919 44.2128 26.1821 94.9793 18.8177 51.6518 32.5584 18.0308 10.7039 43.3275 27.3003
internal_count=86927 86542 86104 80715 67178 13537 5389 2848 2541 385 228 438 192 239 151 157 120 199 126
is_linear=0
shrinkage=0.02


Tree=152
num_leaves=21
num_cat=0
split_feature=3 12 8 48 0 3 7 15 11 3 3 3 12 14 3 11 22 0 8 3
split_gain=40.0104 37.641 35.1602 30.3327 27.9714 20.8156 16.5226 12.9563 14.7934 12.8039 22.7429 11.8441 11.3507 9.75811 9.62257 14.4183 10.3337 8.64896 6.84247 0.456187
threshold=23.349999427795414 4.8135857582092294 2.1471621990203862 1.0000000180025095e-35 9.487096309661867 5.3500001430511483 1.5000000000000002 1.0000000180025095e-35 23.223414421081547 23.94999980926514 25.250000000000004 2.4500000476837163 3.1622416973114018 1.0000000180025095e-35 3.3500000238418584 3.1568622589111333 0.52368327975273143 32.758586883544929 1.2372896671295168 17.150000572204593
decision_type=2 10 8 2 2 2 10 10 10 2 2 2 10 10 2 10 10 2 10 2
left_child=1 2 5 4 -4 6 -1 8 13 -2 -11 -5 17 -3 16 -16 -9 -12 -7 -10
right_child=9 7 3 11 -6 18 -8 14 19 10 12 -13 -14 -15 15 -17 -18 -19 -20 -21
leaf_value=-0.0010081250709877106 0.045338668505660047 0.01880557101150079 0.0024234510833283074 0.026100827112798004 -0.0010081250709877106 -0.0093005833345943048 -0.0076738503037553051 0.0039649480275887015 -0.019342240853304576 -0.01806688305220985 0.044406949373948956 0.007801442604009631 -0.0050679480645182233 0.007135030257039896 -0.0077159611493508862 0.0024066801767935885 0.016604334531829544 0.017607358844510864 -0.0043876872479461336 -0.00354892325466872
leaf_weight=656.15866020135581 5.5916362442076197 33.56869088485837 1333.5711264498532 16.490673094987869 3297.4485579328611 235.9531132420525 154.09214670863003 121.81821443233639 6.6235615387558919 6.4351266156882039 7.1613889038562837 84.063482277095318 5.1610764861106864 188.95057199895382 65.078314274549484 379.1092799352482 32.229117352515459 18.53557064384222 223.87331965472549 1.379639785736799
leaf_count=5896 83 206 8349 75 53834 3974 1781 844 292 169 93 542 92 1631 394 4157 167 203 3856 51
internal_value=9.83706e-05 -2.39286e-05 -0.000575847 0.000217463 -1.96417e-05 -0.00352911 -0.00159666 0.0039688 0.00798836 0.0191341 0.0141236 0.01103 0.021193 0.00897188 0.00240917 0.000909603 0.00669934 0.0264596 -0.00692338 -0.0173163
internal_weight=6873.29 6830.41 6001.65 4731.57 4631.02 1270.08 810.251 828.757 230.522 42.8848 37.2932 100.554 30.858 222.519 598.235 444.188 154.047 25.697 459.826 8.0032
internal_count=86689 86049 78307 62800 62183 15507 7677 7742 2180 640 557 617 388 1837 5562 4551 1011 296 7830 343
is_linear=0
shrinkage=0.02


Tree=153
num_leaves=21
num_cat=0
split_feature=14 35 27 31 1 1 0 47 1 34 15 1 1 3 1 22 22 11 0 13
split_gain=40.4285 33.8072 27.9403 33.8224 29.7287 28.3569 24.3216 12.1844 10.494 7.79215 7.53593 4.13173 3.96604 3.62087 3.43718 1.5656 3.27101 1.51352 0.549963 0.434168
threshold=1.0000000180025095e-35 1.0000000180025095e-35 1.0000000180025095e-35 1.0000000180025095e-35 0.90793231129646312 0.33444797992706304 16.12311935424805 1.0000000180025095e-35 0.24583834409713748 1.0000000180025095e-35 3.5000000000000004 0.51781803369522106 1.3973459601402285 3.2500000000000004 0.27044226229190832 0.32692824304103857 0.52368327975273143 4.940650701522828 14.245525360107424 2.8254784345626835
decision_type=8 2 2 2 2 2 2 2 2 2 8 2 2 2 2 10 10 10 2 10
left_child=9 2 10 4 -4 -5 15 8 -8 12 13 18 -1 -2 -12 -3 -17 -13 -11 -14
right_child=1 6 3 5 -6 -7 7 -9 -10 11 14 17 19 -15 -16 16 -18 -19 -20 -21
leaf_value=0.0075897093848565833 0.0075897093848565833 0.0075897093848565833 -0.0029021253455839614 -0.00281665160985078 0.0013539589384726405 0.0023936014602164014 -0.015260776393566298 -0.02023989763691262 0.0024474856464621222 0.013884063261830533 0.0023294901405020415 0.026141942674442302 0.011651950012836674 -0.012229422539101562 0.0075897093848565833 0.0024474856464621222 0.0075897093848565833 0.014150098951534079 0.0075897093848565833 0.018043451516574851
leaf_weight=195.28604194521904 2.8140894416719648 172.79995303228498 2985.615629253909 552.28490786254406 840.76988713443279 1706.4754308722913 13.792467342689632 10.889706038869916 139.98334863223135 6.3155494406819326 68.536442650482059 13.339541777968408 18.607128694653511 10.704200694337485 65.994071211665869 33.238818906247616 13.183554463088511 13.226917207241057 7.2173454277217388 18.531407818198204
leaf_count=1300 89 1248 43693 14589 4812 14766 461 188 2103 57 1670 58 85 310 1097 193 61 62 74 86
internal_value=5.47346e-05 -0.000256693 -0.000611806 -0.000821408 -0.00196683 0.00111897 0.00549589 -0.000732417 0.000770858 0.00758971 0.00758971 0.0163783 0.00758971 -0.00700255 0.00758971 0.00758971 0.00244749 0.0209013 0.00758971 0.0152307
internal_weight=6889.61 6617.08 6233.19 6085.15 3826.39 2258.76 383.888 164.666 153.776 272.524 148.049 40.0994 232.425 13.5183 134.531 219.222 46.4224 26.5665 13.5329 37.1385
internal_count=87002 85280 81026 77860 48505 29355 4254 2752 2564 1722 3166 251 1471 399 2767 1502 254 120 131 171
is_linear=0
shrinkage=0.02


Tree=154
num_leaves=18
num_cat=0
split_feature=43 1 25 42 32 14 2 31 1 1 2 21 35 12 1 21 21
split_gain=42.6422 29.4999 52.8833 28.9847 23.0094 18.8961 18.4186 16.8487 13.9957 13.0034 12.3922 10.3438 9.10328 7.32908 3.97424 3.33557 2.23582
threshold=1.0000000180025095e-35 0.63330608606338512 1.0000000180025095e-35 1.0000000180025095e-35 1.0000000180025095e-35 1.0000000180025095e-35 6.8500001430511483 1.0000000180025095e-35 0.52952951192855846 0.35474261641502386 2.5499999523162846 16.5302267074585 1.0000000180025095e-35 7.6580505371093759 1.3973459601402285 25.69118690490723 48.914108276367195
decision_type=2 2 2 2 2 8 2 2 2 2 2 8 2 10 2 10 8
left_child=1 2 3 4 -1 14 9 13 -8 -4 -7 -5 -12 -2 15 -3 -9
right_child=7 5 6 11 -6 10 8 16 -10 -11 12 -13 -14 -15 -16 -17 -18
leaf_value=0.00044837226534915611 0.040435439609112625 0.0082057097333926316 -0.017408497321337583 0.0011507141732692366 -0.0051286544636465125 0.0082057097333926316 -0.017718587564572855 -0.0042809322239483923 -0.0076899823561329414 0.0011507141732692366 0.0011507141732692366 -0.0076490448537543951 0.0082057097333926316 0.016812851906768039 0.014580230832671681 0.014580230832671681 0.0097155152229244351
leaf_weight=3423.5667634345591 12.76004656404257 99.041120827198029 15.456569364294408 14.678652657195924 322.89790256135166 98.616370685398579 95.486724073067307 6.9917796142399338 138.58862090855837 73.213556807488203 2146.9863313026726 277.80493537336588 64.547355905175209 12.419246695935724 39.861752986907959 15.676791973412035 10.093203311786054
leaf_count=54617 119 447 322 170 5882 456 1827 41 2112 972 14944 4243 332 107 184 78 111
internal_value=-1.75634e-05 -0.000142986 -0.00113124 -0.000507687 -3.35373e-05 0.00160561 -0.00890886 0.0197755 -0.0118389 -0.00112814 0.00115071 -0.00656033 0.00115071 0.0298713 0.00835284 0.00820571 0.00406768
internal_weight=6868.69 6826.42 4361.69 4038.95 3746.46 2464.73 322.745 42.2643 234.075 88.6701 2310.15 292.484 2211.53 25.1793 154.58 114.718 17.085
internal_count=86964 86586 70145 64912 60499 16441 5233 378 3939 1294 15732 4413 15276 226 709 525 152
is_linear=0
shrinkage=0.02


Tree=155
num_leaves=15
num_cat=0
split_feature=18 27 2 6 10 2 2 3 21 15 8 38 15 3
split_gain=36.0319 31.6248 34.6737 28.9479 22.7334 18.6947 14.6859 13.4023 9.84076 9.61321 9.19619 6.73152 2.38373 0.483122
threshold=1.0000000180025095e-35 1.0000000180025095e-35 18.550000190734867 1.0000000180025095e-35 1.5000000000000002 5.4500000476837167 32.850000381469734 1.9499999880790713 34.534685134887702 3.5000000000000004 2.1471621990203862 1.0000000180025095e-35 1.0000000180025095e-35 13.949999809265138
decision_type=10 2 2 2 10 2 2 2 10 8 10 2 10 2
left_child=1 9 3 4 -3 -5 11 8 10 12 -2 -4 -1 -14
right_child=7 2 6 5 -6 -7 -8 -9 -10 -11 -12 -13 13 -15
leaf_value=0.0044512780119956895 0.013923386548789085 0.0019285971762288082 -0.0034421456991464206 0.0022897154017164525 -0.0014079658956077884 -0.0034421456991464206 -0.01687579417097073 0.0069498531083538343 0.0069498531083538343 0.0069498531083538343 0.034668283954205632 -0.01687579417097073 -0.016534998703529348 -0.0045845493641175992
leaf_weight=3.0159651637077305 24.851921178400517 2811.3663900326937 945.09279216453433 281.37922125123441 1150.3231962081045 1176.8674278501421 33.241730757988989 225.9754506777972 16.826564311981201 138.14459085278213 14.440914787352083 13.877297597937284 8.355783434584735 2.719415580853819
leaf_count=109 117 26597 25904 2079 10848 13516 2174 1685 91 2805 68 392 234 70
internal_value=-3.635e-05 -0.000337585 -0.00055664 7.28794e-05 0.000959676 -0.00233533 -0.00399198 0.00694985 0.0166813 0.00694985 0.0222187 -0.00352827 -0.0101963 -0.0142233
internal_weight=6846.48 6564.38 6412.15 5419.94 3961.69 1458.25 992.212 282.095 56.1194 152.236 39.2928 958.97 14.0912 11.0752
internal_count=86689 84728 81510 53040 37445 15595 28470 1961 276 3218 185 26296 413 304
is_linear=0
shrinkage=0.02


Tree=156
num_leaves=19
num_cat=0
split_feature=48 14 27 1 35 2 3 2 3 33 13 1 15 3 8 13 8 1
split_gain=41.6007 31.4082 28.3266 32.3411 27.9413 16.9023 16.1577 9.81349 11.6339 8.34138 7.83761 4.22016 3.70913 2.93983 2.12258 2.08863 1.69379 0.463661
threshold=1.0000000180025095e-35 1.0000000180025095e-35 1.0000000180025095e-35 0.37962783873081213 1.0000000180025095e-35 32.850000381469734 0.75000000000000011 6.7500000000000009 10.550000190734865 1.0000000180025095e-35 6.8515632152557382 1.3973459601402285 3.5000000000000004 3.2500000000000004 2.7139343023300175 1.0000000180025095e-35 1.4989106655120852 0.27044226229190832
decision_type=2 8 2 2 2 2 2 2 2 2 10 2 8 2 8 8 10 2
left_child=1 10 12 5 -5 -4 -2 8 -8 15 11 -1 13 -3 -11 -9 -13 -14
right_child=6 2 3 4 -6 -7 7 9 -10 14 -12 16 17 -15 -16 -17 -18 -19
leaf_value=0.0066551710228116671 0.031567397310815995 0.0066551710228116671 -0.0026477446491500103 -8.8517861863607764e-05 0.0066551710228116671 -0.017261390175365116 0.0054220122019961389 -0.0022207741252454186 0.030180987696149072 -0.013702975266057127 0.018641223794293817 0.008638044236989148 0.0022642454007387579 -0.010052868342951103 -0.00058668258034742956 0.0054220122019961389 0.018127903172085267 0.0066551710228116671
leaf_weight=200.72151688765734 10.416435286402701 2.7743486706167451 1770.3932110304013 4186.4156958460808 208.54695578664541 31.275526375509799 16.287199623882774 19.810647141188383 14.127401832491158 9.5746594630181807 21.130118547007442 17.259328305721283 70.282896904274821 10.21998608112335 9.4291368499398214 163.2195135075599 19.455650292336941 67.143198013305664
leaf_count=1352 47 89 41453 35336 1499 2128 84 120 98 60 121 75 1670 303 62 955 93 1094
internal_value=0.000135525 -0.000163932 -0.000442733 -0.000654985 0.00027024 -0.00291086 0.00824763 0.00707188 0.01751 0.00542201 0.00665517 0.00665517 0.00665517 -0.00503336 -0.00754971 0.00542201 0.0140141 0.00665517
internal_weight=6848.48 6605.62 6347.05 6196.63 4394.96 1801.67 242.865 232.449 30.4146 202.034 258.567 237.436 150.42 12.9943 19.0038 183.03 36.715 137.426
internal_count=86639 85213 83572 80416 36835 43581 1426 1379 182 1197 1641 1520 3156 392 122 1075 168 2764
is_linear=0
shrinkage=0.02


Tree=157
num_leaves=22
num_cat=0
split_feature=48 42 27 0 25 11 0 33 15 18 41 11 8 13 21 34 0 13 13 13 15
split_gain=41.4402 36.9892 30.3622 32.7934 36.5622 20.8927 17.1392 9.54131 9.17522 7.37586 7.11325 6.8945 6.55464 5.34942 5.28736 4.85179 5.08238 3.25755 2.49141 3.31931 1.77774
threshold=1.0000000180025095e-35 1.0000000180025095e-35 1.0000000180025095e-35 19.273557662963871 1.0000000180025095e-35 3.1568622589111333 19.814388275146488 1.0000000180025095e-35 3.5000000000000004 1.0000000180025095e-35 1.0000000180025095e-35 6.51477074623108 1.1666272878646853 0.7071184813976289 85.937786102294936 1.0000000180025095e-35 7.4829804897308358 0.41319945454597479 2.7854462862014775 4.1590106487274179 4.5000000000000009
decision_type=2 2 2 2 2 8 2 2 8 8 2 8 10 8 8 2 2 8 8 8 10
left_child=1 2 6 4 -4 -2 -1 9 -8 14 -5 -11 15 -9 -7 16 -3 -17 20 -20 -14
right_child=5 12 3 10 -6 7 8 13 -10 11 -12 -13 18 -15 -16 17 -18 -19 19 -21 -22
leaf_value=0.040248245020037245 -0.0091824259089620577 -0.0036314617933726479 0.0017710056475813607 -0.0028244834205204258 -0.0020665201902438242 0.0071613624459657341 -0.0080564951491433438 0.0080668603599066361 0.0089809664330498858 0.0071613624459657341 -0.014000371993384074 0.018215070558138573 -0.0035158365453153441 -0.010747605102079621 -0.0028673626623710751 -0.01804167995289457 -0.011831162745939698 -0.0035158365453153441 0.0087187536995364974 -0.0035158365453153441 0.00076823292484921358
leaf_weight=5.7254728451371184 24.28371723741293 40.942966602742672 3427.8182337898761 1168.0829208474606 1397.0513883270323 69.657966867089272 13.169585309922693 10.20712596178055 134.93420821987092 29.444657474756241 22.31043721921742 76.902085743844509 175.42657274194062 12.184540860354899 20.538385149091482 5.8071857877075663 128.48022662103176 33.291262119077146 14.487380363047125 7.3115862393751732 43.681931876577437
leaf_count=57 116 194 28879 33171 14316 441 397 61 2719 134 591 456 2162 78 133 63 1642 396 141 64 622
internal_value=4.56478e-05 -0.000252853 0.000151099 -7.39753e-05 0.000659644 0.00813631 0.00889594 0.0100903 0.0074221 0.0114937 -0.00304552 0.0150672 -0.00578574 -0.00219291 0.00716136 -0.00837889 -0.00988255 -0.00351584 -0.00351584 0.00303421 -0.00363146
internal_weight=6861.74 6618.52 6169.09 6015.26 4824.87 243.218 153.829 218.935 148.104 196.543 1190.39 106.347 449.429 22.3917 90.1964 208.522 169.423 39.0984 240.907 21.799 219.109
internal_count=86833 85414 80130 76957 43195 1419 3173 1303 3116 1164 33762 590 5284 139 574 2295 1836 459 2989 205 2784
is_linear=0
shrinkage=0.02


Tree=158
num_leaves=27
num_cat=0
split_feature=12 28 2 6 8 2 1 3 3 3 11 2 21 21 13 21 11 13 3 49 1 41 11 3 11 11
split_gain=40.97 38.4916 39.2571 34.564 31.1313 26.8137 21.3947 15.9953 24.5158 14.0155 13.9665 13.6619 11.3198 9.78789 9.98106 11.8642 9.39021 9.17766 8.0802 7.88415 8.52729 6.9829 5.12551 2.76082 2.34988 2.2505
threshold=6.6955211162567148 1.0000000180025095e-35 18.550000190734867 1.0000000180025095e-35 2.1471621990203862 5.4500000476837167 0.27044226229190832 11.050000190734865 5.1499998569488534 18.750000000000004 3.63905942440033 32.850000381469734 18.356253623962406 43.570976257324226 3.2678121328353886 71.380603790283217 3.1568622589111333 0.80562949180603038 6.5499999523162851 1.0000000180025095e-35 0.29624873399734503 1.0000000180025095e-35 31.486911773681644 25.849999427795414 1.6580480933189394 1.9645066857337954
decision_type=10 2 2 2 8 2 2 2 2 2 10 2 10 10 10 10 10 10 2 2 2 2 10 2 10 10
left_child=1 2 3 4 -1 -5 9 8 -8 22 12 21 18 19 15 -15 17 -14 24 20 -12 -4 -3 -11 -2 -20
right_child=10 6 11 5 -6 -7 7 -9 -10 23 13 -13 16 14 -16 -17 -18 -19 25 -21 -22 -23 -24 -25 -26 -27
leaf_value=-0.0023951194076692914 0.018613141375798 -0.0075080365020286288 -0.0039028992302194113 0.0028399155029738467 0.0020072365725057649 -0.0039028992302194113 0.025403159517817062 0.043172416971762856 0.0022911974953049303 0.0022911974953049303 -0.0032337121434539724 -0.017642832504745781 -0.017296429731825217 0.016589208141963869 0.033303210190327122 -0.0038235796522287343 0.00818025085232248 0.0032062154938186011 -0.0092196319694718906 -0.010310713160948233 0.0085163725909887921 -0.016399635219938605 0.0022911974953049303 0.022049930857721209 0.0071918725475938073 0.0029589308039323185
leaf_weight=810.94827160798013 13.870454750955103 42.864165624603629 910.45345138479024 295.63470190390944 3079.5466453544796 1154.6040899287909 33.476119242608547 7.686472598463296 32.109990052878857 19.023326721042398 27.565915884450078 28.792562161572278 28.298462342470884 44.313875288702548 9.4005048805847746 14.775537068024276 12.309852648526428 12.046543832868336 10.524965368211271 10.024610579013823 203.83238272368908 16.994929139502347 6.0348326582461587 10.69140378013253 18.185018107295036 12.06132500618696
leaf_count=7876 66 1274 25440 2160 29133 13477 520 122 546 411 587 2047 165 342 67 141 70 67 66 60 1307 453 215 110 88 79
internal_value=7.24039e-05 -0.000320946 -0.000561603 0.000106872 0.00108921 -0.00252735 0.00959476 0.0172944 0.0136587 0.0022912 0.00613869 -0.00429134 -8.21552e-05 0.00828578 0.0149341 0.0115062 -0.00663595 -0.0112451 0.00623909 0.00634587 0.00710872 -0.0039029 -0.00428294 0.0128969 0.0125475 -0.00286643
internal_weight=6866.07 6448.86 6296.97 5340.73 3890.49 1450.24 151.886 73.2726 65.5861 78.6137 417.209 956.241 107.297 309.913 68.4899 59.0894 52.6549 40.345 54.6418 241.423 231.398 927.448 48.899 29.7147 32.0555 22.5863
internal_count=86889 83784 80586 52646 37009 15637 3198 1188 1066 2010 3105 27940 601 2504 550 483 302 232 299 1954 1894 25893 1489 521 154 145
is_linear=0
shrinkage=0.02


Tree=159
num_leaves=17
num_cat=0
split_feature=43 3 1 7 3 8 22 34 12 8 1 21 16 0 3 12
split_gain=34.3486 30.4952 41.227 36.3548 32.4516 16.1822 8.92704 6.63089 5.48355 4.67679 4.65677 7.76355 7.86523 3.25121 9.5852 2.5091
threshold=1.0000000180025095e-35 25.250000000000004 0.25782336294651037 1.5000000000000002 15.250000000000002 5.3753449916839608 0.057386787608265884 1.0000000180025095e-35 2.8850643634796147 5.7184462547302255 0.52509489655494701 46.10357856750489 1.0000000180025095e-35 32.758586883544929 35.799999237060554 2.1932270526885991
decision_type=2 2 2 10 2 10 8 2 10 10 2 8 10 2 2 8
left_child=1 2 6 4 -4 -5 15 10 13 -8 11 -2 -13 -3 -15 -1
right_child=7 8 3 5 -6 -7 9 -9 -10 -11 -12 12 -14 14 -16 -17
leaf_value=-0.0056520307176096407 -0.0089930024298354744 0.03477183058854183 0.00066722477587150008 -0.0056520307176096407 0.039429708739828193 0.00066722477587150008 -0.0056520307176096407 0.032305097339544057 0.00085716161942403838 0.00066722477587150008 0.026420409105715054 0.0054778664936557097 0.026420409105715054 0.0013931098988358515 0.030579912086196072 -0.015575776088874315
leaf_weight=7.9842139249667516 6.8416614420712021 7.4692023955285611 5746.6827666386962 463.79400963522494 7.6525483503937712 83.286266699433327 401.14238010160625 9.0452816262841207 5.2278985753655425 54.337221989408135 7.1244497895240775 14.63398586958647 5.7055830601602784 8.5674435496330279 8.7210284471511823 46.099043094553053
leaf_count=452 47 92 60490 6286 222 1498 13827 69 84 1735 31 164 66 130 55 1873
internal_value=1.78551e-05 -9.58716e-05 -0.000185904 0.00025694 0.000725616 -0.00466505 -0.00565203 0.0175619 0.0197003 -0.00565203 0.0128697 0.00850646 0.0145384 0.0234915 0.0169832 -0.0137394
internal_weight=6884.31 6840.96 6810.98 6301.42 5754.34 547.08 509.563 43.351 29.9856 455.48 34.3057 27.1812 20.3396 24.7577 17.2885 54.0833
internal_count=87121 86744 86383 68496 60712 7784 17887 377 361 15562 308 277 230 277 185 2325
is_linear=0
shrinkage=0.02


Tree=160
num_leaves=20
num_cat=0
split_feature=8 3 1 32 11 2 11 3 3 12 11 3 3 2 11 7 3 3 13
split_gain=29.8259 28.0916 37.0084 30.9029 24.2215 20.0564 14.3658 11.7753 14.6727 10.4644 9.57119 3.99687 4.23384 3.91504 3.45307 1.7682 2.66718 1.47181 0.588056
threshold=1.2613920569419863 23.349999427795414 0.29377762973308569 1.0000000180025095e-35 23.993228912353519 6.2500000000000009 13.780566692352297 23.94999980926514 25.849999427795414 5.5409669876098642 36.496849060058601 1.2500000000000002 16.550000190734867 5.4500000476837167 20.879714012146 1.5000000000000002 0.55000001192092907 1.5500000119209292 0.61462411284446727
decision_type=8 2 2 2 10 2 10 2 2 10 8 2 2 2 8 10 2 2 10
left_child=6 2 13 4 -4 -5 15 -3 -9 11 -10 18 -13 -2 -11 -1 -17 -18 -8
right_child=1 7 3 5 -6 -7 9 8 10 14 -12 12 -14 -15 -16 16 17 -19 -20
leaf_value=-0.0033748102402537572 0.0012879597885878302 0.040116306110327939 0.0015969338097077694 0.0016604324024713766 0.021102204698552337 -0.0033748102402537572 -0.0033748102402537572 -0.0033748102402537572 -0.0029060070588384089 0.014826744270064496 0.024169542313643315 -0.014252718941153495 -0.0033748102402537572 -0.0033748102402537572 -0.0064951969882372108 -0.015785412363811147 -0.0033748102402537572 -0.0073464839605450073 -0.010161560564647903
leaf_weight=663.18965953588486 72.795184191316366 6.1379359178245059 4133.0655667819083 350.90259720757604 24.63144002482295 543.39414645731449 6.4513699812814576 8.3631691988557559 6.4216204993426862 12.652633389458055 22.975461263209581 111.14440561458468 11.307071133516727 762.35607329383492 3.2809237707406291 12.53000148385763 18.084560509771109 90.071391085162759 6.2123486008495092
leaf_count=5787 1276 87 38974 2408 516 7306 132 202 88 218 240 2584 422 25213 116 121 173 1021 129
internal_value=-5.66793e-05 0.000466846 0.000346594 0.00099207 0.00171754 -0.00237886 -0.00337481 0.0162269 0.0114088 -0.00952847 0.018354 -0.0119267 -0.0130537 -0.00337481 -0.00337481 -0.00337481 -0.00726562 -0.00614303 -0.00337481
internal_weight=6865.97 5931.04 5887.15 5051.99 4157.7 894.297 934.924 43.8982 37.7603 151.049 29.3971 135.115 122.451 835.151 15.9336 783.876 120.686 108.156 12.6637
internal_count=87013 76310 75693 49204 39490 9714 10703 617 530 3601 328 3267 3006 26489 334 7102 1315 1194 261
is_linear=0
shrinkage=0.02


Tree=161
num_leaves=27
num_cat=0
split_feature=27 1 35 31 42 11 12 8 1 3 8 3 13 3 3 3 3 3 3 3 1 22 13 3 22 55
split_gain=34.2269 47.2481 30.9666 37.1673 29.812 28.0939 26.0636 18.3718 14.9729 16.6201 15.2544 14.9165 8.16285 8.03905 9.00743 6.53373 4.68238 18.9116 14.3451 7.57066 4.05432 2.66238 1.56556 1.35215 0.789359 0.0224079
threshold=1.0000000180025095e-35 0.31478744745254522 1.0000000180025095e-35 1.0000000180025095e-35 1.0000000180025095e-35 8.608427047729494 4.7435042858123788 3.7108694314956669 0.27044226229190832 18.750000000000004 10.445216178894045 11.050000190734865 0.22050105780363086 6.9500000476837167 0.45000000298023229 1.9499999880790713 14.750000000000002 7.9500000476837167 13.949999809265138 2.9500000476837163 0.32001228630542761 0.216752365231514 0.63832309842109691 16.650000572204593 0.24302700161933902 1.0000000180025095e-35
decision_type=2 2 2 2 2 8 8 10 2 2 8 2 10 2 2 2 2 2 2 2 2 10 8 2 10 2
left_child=8 13 3 5 -5 -3 7 -4 9 16 22 17 -8 14 -2 -16 18 19 -1 -10 -19 25 -11 -18 -23 -15
right_child=1 2 6 4 -6 -7 12 -9 11 10 -12 -13 -14 21 15 -17 23 20 -20 -21 -22 24 -24 -25 -26 -27
leaf_value=-0.0054822804101241993 -0.0038451859825343881 0.001954726988642443 -0.0038451859825343881 0.0032491318497513424 -0.0038451859825343881 -0.0021347779313880657 0.011284925259011279 0.018570098310658974 0.0069239336237879121 -0.017459669634888982 0.015761671049158734 0.041400274300730303 0.0032510353227948904 -0.0038451859825343881 -0.017927199973142575 -0.0081002022843961203 -0.018535739207120618 -0.0054822804101241993 0.029216942080434929 0.023882458712367906 0.013827214982400558 -0.017357843351871516 -0.00075312627167344254 -0.0046181491314421577 -0.0077395847890465597 -0.017159506153450237
leaf_weight=30.638339253142476 16.036450010724366 930.71043626219034 58.266014121472836 1756.7035045064986 135.73472757637501 2409.7958889547735 203.71899801120162 13.674518495798109 16.531796123832464 4.5294065065681908 28.879550117999315 7.2867646552622309 68.558559369295835 922.77295664418489 35.618288191966712 121.3361444901675 8.1770697180181724 12.473290719091894 4.6108886301517478 34.26714139804244 3.5647224746644488 9.1296864077448863 3.9339129012078056 5.2330212350934735 9.5700238570570928 4.4954367550089946
leaf_count=1006 616 6565 586 15692 1172 25202 1634 112 254 88 390 111 412 25384 1311 4432 222 220 121 546 53 181 79 145 217 130
internal_value=0.000122753 -9.64171e-05 0.000656261 0.000273467 0.00251214 -0.000995142 0.006458 -0.00384519 0.00923169 0.00348715 0.0133479 0.0157617 0.00928132 -0.00384519 -0.00815407 -0.0104297 -0.00419672 0.0123974 -0.00026255 0.0186038 -0.00026255 -0.00384519 -0.0105943 -0.013802 -0.0130782 -0.00384519
internal_weight=6856.25 6696.12 5577.16 5232.94 1892.44 3340.51 344.218 71.9405 160.126 86.0022 37.3429 74.1237 272.278 1118.96 172.991 156.954 48.6593 66.837 35.2492 50.7989 16.038 945.968 8.46332 13.4101 18.6997 927.268
internal_count=86881 83646 51375 48631 16864 31767 2744 698 3235 2051 557 1184 2046 32271 6359 5743 1494 1073 1127 800 273 25912 167 367 398 25514
is_linear=0
shrinkage=0.02


Tree=162
num_leaves=21
num_cat=0
split_feature=48 14 28 1 6 3 42 42 22 15 15 22 13 1 21 15 3 21 8 1
split_gain=34.0199 31.9677 24.6962 34.4233 27.8849 11.7771 11.1314 8.78533 7.72579 20.1214 7.65942 6.02358 5.8696 5.46406 5.33499 4.93476 5.17303 4.03916 2.19744 1.70849
threshold=1.0000000180025095e-35 1.0000000180025095e-35 1.0000000180025095e-35 0.37962783873081213 1.0000000180025095e-35 0.75000000000000011 1.0000000180025095e-35 1.0000000180025095e-35 0.15111033618450168 2.5000000000000004 1.0000000180025095e-35 0.43568699061870581 1.1790853738784792 1.3973459601402285 98.475799560546889 3.5000000000000004 3.2500000000000004 63.377328872680671 1.4989106655120852 0.27044226229190832
decision_type=2 8 2 2 2 2 2 2 8 8 10 10 10 2 8 8 2 8 10 2
left_child=1 10 3 6 -5 -2 -3 8 9 -7 12 -10 -1 -12 -14 16 -4 -9 -15 -17
right_child=5 2 15 4 -6 7 -8 17 11 -11 13 -13 14 18 -16 19 -18 -19 -20 -21
leaf_value=0.0065963182828776461 0.026100483927370494 -0.0027067003052957512 0.0065963182828776461 0.001190140408183419 -0.0023372863481650481 0.0052137907389622311 -0.0095546602501124164 -0.012550345258865819 0.0047746517194582677 0.043694430328371399 0.0065963182828776461 0.016377202159830496 0.0076396251782276259 0.0092059169452286468 0.028643009494544215 0.0022104672042710929 -0.012305195953605335 0.0042069439245343418 0.019556823018333211 0.0065963182828776461
leaf_weight=8.0249928142875451 11.701908670365809 1682.2112499959767 2.5928010158240786 3178.8750744648278 1247.3402237035334 17.082209095358852 99.853529105894268 12.72434212267399 170.45327194780111 7.2044209055602542 189.5404590908438 19.320497930049896 8.330580625683071 19.159112095832825 14.771790834143756 68.349922940135002 10.839322367683051 9.2318100556731206 19.645847387611866 71.159404039382935
leaf_count=59 52 41004 84 24908 12207 149 2530 76 957 59 1225 83 61 84 123 1675 324 68 95 1113
internal_value=1.62803e-06 -0.000271128 -0.000552243 -0.00074933 0.000195782 0.00726328 -0.00309555 0.00622314 0.00745924 0.0179053 0.00659632 0.00603554 0.0164308 0.00659632 0.0217005 0.00659632 -0.00551533 -0.00562815 0.014806 0.00659632
internal_weight=6868.41 6620.69 6361.22 6208.28 4426.22 247.718 1782.06 236.017 214.06 24.2866 259.473 189.774 31.1274 228.345 23.1024 152.941 13.4321 21.9562 38.805 139.509
internal_count=86936 85492 83845 80649 37115 1444 43534 1392 1248 208 1647 1040 243 1404 184 3196 408 144 179 2788
is_linear=0
shrinkage=0.02


Tree=163
num_leaves=17
num_cat=0
split_feature=3 19 1 8 27 7 3 3 22 0 3 8 3 1 8 11
split_gain=34.7502 32.912 28.593 29.4612 24.0579 19.5498 10.8188 20.253 9.37392 6.75459 10.6659 4.83157 4.29596 3.45105 2.82201 5.44205
threshold=23.349999427795414 1.0000000180025095e-35 0.25782336294651037 1.7003225684165957 1.0000000180025095e-35 1.0000000180025095e-35 23.94999980926514 25.250000000000004 0.067288905382156386 32.758586883544929 35.799999237060554 3.6856077909469609 4.8500001430511483 0.22077211737632754 2.1471621990203862 5.1627428531646737
decision_type=2 10 2 8 2 10 2 2 8 2 2 10 2 2 8 8
left_child=1 2 8 5 -5 -4 -2 -8 13 -9 -11 -10 14 -1 -3 -16
right_child=6 12 3 4 -6 -7 7 9 11 10 -12 -13 -14 -15 15 -17
leaf_value=-0.016722576600713936 0.0409695239944977 0.0044236231171652721 -0.00020982764978459069 0.011209209767035792 0.00067138017104005545 -0.0048055877489389448 -0.017968650353943461 0.033550285022524974 -0.0048055877489389448 -0.00026062305124074426 0.027108776240172001 0.00042307644165563479 0.022396426874517306 -0.0067802696662349607 0.023169797563389639 0.011209209767035792
leaf_weight=34.692168164998293 6.0374864861369124 27.806058935821056 642.57643760927022 87.217781035229564 4926.1652814857662 563.70979035180062 6.1766343768686047 9.0735580213367957 343.65904883947223 12.111346041783692 9.7198319807648641 90.65544315893203 14.113860886543987 26.534505444578826 15.788516402244566 32.130765117704868
leaf_count=1482 84 126 6033 1520 53761 6773 164 109 11926 193 63 3133 73 1235 78 144
internal_value=8.93779e-05 -2.53244e-05 -0.000187055 0.000181632 0.000856906 -0.00262322 0.017782 0.01303 -0.00480559 0.0195944 0.0125786 -0.00480559 0.0119325 -0.012592 0.0112092 0.0126334
internal_weight=6848.17 6805.05 6715.21 6219.67 5013.38 1206.29 43.1189 37.0814 495.541 30.9047 21.8312 434.314 89.8392 61.2267 75.7253 47.9193
internal_count=86897 86284 85863 68087 55281 12806 613 529 17776 365 256 15059 421 2717 348 222
is_linear=0
shrinkage=0.02


Tree=164
num_leaves=21
num_cat=0
split_feature=3 1 48 14 8 22 13 40 3 3 3 12 1 3 0 3 22 15 12 0
split_gain=34.3756 35.3107 27.4826 25.9752 24.6974 13.6118 11.5289 10.6954 9.13509 19.5287 8.45486 6.43687 6.11983 5.97603 18.7893 5.87011 3.82319 1.4899 1.40165 0.257624
threshold=23.349999427795414 0.25782336294651037 1.0000000180025095e-35 1.0000000180025095e-35 1.2613920569419863 0.067288905382156386 1.4163039922714236 1.0000000180025095e-35 23.94999980926514 25.250000000000004 9.8499999046325701 3.4228254556655888 0.22719366103410724 35.799999237060554 32.758586883544929 10.050000190734865 0.096441663801670088 1.5000000000000002 2.1096171140670781 27.803687095642093
decision_type=2 2 2 8 8 8 8 2 2 2 2 10 2 2 2 2 8 10 10 2
left_child=1 5 3 7 -5 17 11 -3 -2 -10 12 -4 -7 14 -11 -8 -12 19 -19 -1
right_child=8 2 6 4 -6 10 15 -9 9 13 16 -13 -14 -15 -16 -17 -18 18 -20 -21
leaf_value=-0.013162663438921671 0.038261179010106526 0.0024517674056785976 0.014929763763408155 -0.0033137135440058029 0.0004643982359535419 -0.019684393046070878 0.009012576523693628 0.011214007039169008 -0.017903914498042132 0.030777516833711629 0.0042816282891561695 0.0018019954075213177 -0.0061465911799629003 0.030991772621816564 -0.0047440991522420253 0.020020769110707486 -0.0033137135440058029 -0.0033137135440058029 -0.011720369913432692 -0.019249242979694152
leaf_weight=20.053957272320986 6.3434342890977851 111.25375667214394 16.107081826776266 801.45478317793459 5031.0694528594613 19.996346870437264 66.818640675395727 112.09319865703583 6.0463321674615136 10.335155583918096 28.595929545350373 121.32244791463017 40.902589181438088 10.731081824749706 12.070612289011477 28.692717455327511 342.54828849807382 4.3814007975161102 19.076113107614219 17.650238189846277
leaf_count=651 85 593 94 8879 56933 1050 333 573 163 119 999 647 2018 69 196 189 10962 213 711 1162
internal_value=0.000174592 5.70495e-05 0.0004615 0.000201627 -5.52361e-05 -0.00509056 0.0071878 0.00687974 0.017307 0.013047 -0.00382101 0.00343734 -0.010838 0.0190535 0.0122559 0.0124927 -0.00331371 -0.0138529 -0.00919917 -0.0164357
internal_weight=6827.54 6782.02 6288.81 6055.87 5832.52 493.205 232.941 223.347 45.5266 39.1832 432.043 137.43 60.8989 33.1368 22.4058 95.5114 371.144 61.1617 23.4575 37.7042
internal_count=86639 86007 68241 66978 65812 17766 1263 1166 632 547 15029 741 3068 384 315 522 11961 2737 924 1813
is_linear=0
shrinkage=0.02


Tree=165
num_leaves=19
num_cat=0
split_feature=18 12 27 1 10 8 3 11 3 11 3 11 15 3 16 11 12 11
split_gain=30.7346 25.6911 27.6047 34.9982 21.2102 18.0454 10.5412 10.187 10.6101 7.85475 5.39852 5.2936 4.33175 4.86584 3.56337 3.51909 1.65878 1.28823
threshold=1.0000000180025095e-35 6.6955211162567148 1.0000000180025095e-35 0.37962783873081213 1.5000000000000002 1.8249195814132693 3.3500000238418584 5.6301417350769052 6.7500000000000009 6.9038641452789316 7.9500000476837167 22.235260963439945 3.5000000000000004 3.2500000000000004 1.0000000180025095e-35 10.535070896148683 3.1622416973114018 41.249156951904304
decision_type=10 10 2 2 8 8 2 10 2 8 2 8 8 2 10 8 10 8
left_child=1 2 12 5 -5 -4 9 8 14 16 -10 -9 13 -1 -3 -11 -2 -13
right_child=6 7 3 4 -6 -7 -8 11 10 15 -12 17 -14 -15 -16 -17 -18 -19
leaf_value=0.0078066679835746893 0.0078066679835746893 0.0063975153446820601 -0.0084386648065786635 0.0037726770788214913 -0.00033142818242201173 -0.0023565031599998487 0.0063975153446820601 0.0092846791249250327 -0.017725291078684761 0.029820259834616954 -0.0025873556990580375 -0.011412179057881586 0.0063975153446820601 -0.012173985678818779 -0.00058310398115136726 0.015217735302993517 0.013159722610982064 0.0039732228047075178
leaf_weight=2.9112163763493291 25.521371141076088 58.583462908864021 223.68189476244152 580.45929729565978 3765.393719997257 1497.887750483118 203.17382096126676 178.68151956796646 10.672978509217499 10.96357950568199 51.500844039022923 5.5387769816443297 143.80516415089369 10.611015854403375 31.598725013434887 27.592440702021122 24.281823217868805 2.6447485024109492
leaf_count=91 120 288 5737 4835 31623 36929 1564 1526 56 69 358 201 2781 316 151 150 112 73
internal_value=5.45916e-05 -0.000228055 -0.000520475 -0.000738706 0.000217484 -0.00315119 0.00639752 0.00512364 0.000880459 0.0132999 -0.00542543 0.00639752 0.00639752 -0.00564598 0.00523972 0.0200189 0.00780667 -0.00654872
internal_weight=6855.5 6563.97 6224.75 6067.42 4345.85 1721.57 291.533 339.221 152.356 88.3592 62.1738 186.865 157.327 13.5222 90.1822 38.556 49.8032 8.18353
internal_count=86980 84965 82312 79124 36458 42666 2015 2653 853 451 414 1800 3188 407 439 219 232 274
is_linear=0
shrinkage=0.02


Tree=166
num_leaves=23
num_cat=0
split_feature=48 42 1 12 10 2 3 11 3 2 35 3 11 34 22 15 22 1 6 3 3 12
split_gain=30.7849 28.3598 27.4357 28.7396 29.7864 17.2756 17.1827 13.6444 11.771 10.4171 10.1498 9.4456 20.4993 7.98607 12.1249 10.3045 7.34905 6.37316 6.30863 7.41506 6.03041 4.43332
threshold=1.0000000180025095e-35 1.0000000180025095e-35 0.91811931133270275 4.8135857582092294 1.5000000000000002 1.2500000000000002 7.2500000000000009 6.7087194919586191 2.4500000476837163 6.8500001430511483 1.0000000180025095e-35 11.449999809265138 10.730720520019533 1.0000000180025095e-35 0.59511893987655651 4.5000000000000009 0.091084465384483351 0.20442671328783038 1.0000000180025095e-35 4.9500000476837167 10.250000000000002 7.1894831657409677
decision_type=2 2 2 10 10 2 2 8 2 2 2 2 8 2 8 10 8 2 2 2 2 10
left_child=1 2 3 4 -1 -4 13 18 -9 -10 -7 16 -13 15 -15 -3 -8 -5 19 -2 -21 -11
right_child=7 6 5 17 -6 10 11 8 9 21 -12 12 -14 14 -16 -17 -18 -19 -20 20 -22 -23
leaf_value=-0.00018224987841330997 0.0068786487316079663 -0.0057793866449489086 0.02126980471163022 -0.0082251836233579855 -0.004049017478299703 0.0029535309170563686 0.0062767851763022731 0.024748834043411438 0.021810038915731009 0.0043203029226647335 0.016495940885979707 0.028443750322551867 -0.0091395306868121227 0.01943382901626399 -0.0014222661026452039 0.0051066364456406289 -0.01666611404388919 0.0029535309170563686 0.011999957517785169 -0.010521659658181215 0.0053106852372646896 0.015034279253051395
leaf_weight=3425.9310813788325 24.530691705644131 218.91534251067787 19.623766489326954 22.224714996293187 1037.4235311606899 1059.4518701955676 5.5001997929066411 19.320309348404408 18.70097915828228 102.49146251939237 21.915117502212524 5.833725716918706 37.968762939795852 14.32554716337472 40.485297685489058 40.51229905243963 79.444292228668928 555.81444238033146 14.909176811575888 35.643828392028809 12.348684035241602 17.590691484510899
leaf_count=52506 107 1931 91 568 15299 5794 99 89 119 700 95 97 1057 132 346 410 1153 5608 69 167 71 103
internal_value=1.68653e-06 -0.000258038 9.47838e-05 -0.00053 -0.00108171 0.00295353 -0.00513942 0.0069404 0.0104284 0.00827204 0.00295353 -0.0112656 -0.00361095 -0.0026017 0.00427929 -0.00406634 -0.0151248 0.00295353 0.000586469 -0.00189119 -0.00642268 0.00600098
internal_weight=6830.91 6585.37 6142.38 5041.39 4463.35 1100.99 442.985 245.536 158.103 138.783 1081.37 128.747 43.8025 314.238 54.8108 259.428 84.9445 578.039 87.4324 72.5232 47.9925 120.082
internal_count=86611 85186 79961 73981 67805 5980 5225 1425 1011 922 5889 2406 1154 2819 478 2341 1252 6176 414 345 238 803
is_linear=0
shrinkage=0.02


Tree=167
num_leaves=23
num_cat=0
split_feature=12 43 1 32 10 11 3 2 1 3 3 3 3 13 11 1 33 3 1 2 23 23
split_gain=34.7493 28.5048 28.2612 32.267 26.7437 18.3652 16.0095 15.938 14.3935 7.7224 6.67607 11.9284 9.43782 6.1653 5.2386 5.19402 4.82579 6.41428 8.72179 2.83256 2.15182 1.0235
threshold=8.5654463768005389 1.0000000180025095e-35 1.2566752433776858 1.0000000180025095e-35 2.5000000000000004 6.0302605628967294 0.94999998807907116 6.5499999523162851 1.4878956675529482 5.8500001430511483 5.6499998569488534 2.3500000238418584 11.34999990463257 0.42779994010925299 19.329535484313968 0.31478744745254522 1.0000000180025095e-35 7.4500000476837167 0.3035647720098496 16.94999980926514 1.0000000180025095e-35 1.0000000180025095e-35
decision_type=10 2 2 2 10 10 2 2 2 2 2 2 2 10 8 2 2 2 2 2 2 2
left_child=1 2 3 4 -1 10 21 -5 -8 -3 11 -2 13 -12 -11 -14 17 19 -19 -7 -13 -4
right_child=5 9 6 7 -6 16 8 -9 -10 14 12 20 15 -15 -16 -17 -18 18 -20 -21 -22 -23
leaf_value=0.00065780326236752494 -0.0021670664981108959 0.0048921451874501384 0.00065780326236752494 -9.8916603627630288e-05 -0.003884255153812985 0.013978661022174153 0.0032169535951876872 -0.005505289987103053 0.012278279500807152 0.041203364310147872 -0.010962159213349268 0.023851273310704829 0.00043436855944318153 0.0019595252764170105 0.01618410595928705 0.02172297331593474 0.00029782391580193137 0.0090816998257238195 0.029653968089592614 0.0018400756381784606 0.011221361189867855 0.0050555134071633943
leaf_weight=4608.6862341118976 21.591437958180904 9.0167189203202742 84.615668892860413 320.96438145264983 583.25569096487015 27.066895939409733 143.87222340703011 679.9009219026193 137.60539626330137 6.8953003920614746 28.10708000510931 12.136220149695873 8.5380262508988398 29.465175602585077 9.7755545694380981 9.0048890113830549 7.7831455022096625 13.92446576617658 24.566476106643677 11.054146698676048 15.161096177995205 41.844368055462837
leaf_count=62342 102 73 395 2973 6902 130 662 10990 594 53 162 61 92 162 108 53 78 265 158 112 74 177
internal_value=0.000185858 -6.76181e-05 -0.000150997 -0.000487186 0.000146905 0.00820743 0.00494132 -0.00377337 0.00767453 0.0205605 0.00326236 0.00893404 -0.000497932 -0.00442836 0.0282785 0.0119441 0.0153501 0.0168557 0.0226302 0.0105958 0.017481 0.000657803
internal_weight=6834.83 6626.43 6600.74 6192.81 5191.94 208.399 407.938 1000.87 281.478 25.6876 124.004 48.8888 75.1152 57.5723 16.6709 17.5429 84.3951 76.612 38.4909 38.121 27.2973 126.46
internal_count=86718 85269 85035 83207 69244 1449 1828 13963 1256 234 706 237 469 324 161 145 743 665 423 242 135 572
is_linear=0
shrinkage=0.02


Tree=168
num_leaves=21
num_cat=0
split_feature=43 42 18 25 0 0 3 3 21 25 34 31 0 3 21 3 3 3 21 3
split_gain=27.301 25.9933 26.858 25.1725 50.5651 42.231 14.0426 11.358 12.7791 9.69467 9.38814 9.24353 9.17296 8.85364 8.37337 6.03318 17.0736 5.15023 5.05326 3.85828
threshold=1.0000000180025095e-35 1.0000000180025095e-35 1.0000000180025095e-35 1.0000000180025095e-35 12.000208377838137 14.766346931457521 7.2500000000000009 3.3500000238418584 31.016404151916507 1.0000000180025095e-35 1.0000000180025095e-35 1.0000000180025095e-35 12.74009418487549 6.3500001430511483 19.194087028503422 11.949999809265138 12.650000095367433 6.9500000476837167 32.84814643859864 10.949999809265138
decision_type=2 2 10 2 2 2 2 2 10 2 2 2 2 2 8 2 2 2 8 2
left_child=1 2 3 5 -5 -1 10 8 -4 -9 13 12 -2 -3 -12 18 -17 -13 -8 -14
right_child=11 6 7 4 -6 -7 15 9 -10 -11 14 17 19 -15 -16 16 -18 -19 -20 -21
leaf_value=0.002726163315066451 0.03886543410370398 -0.0049354650544004364 0.018167926145817002 -0.00082540681458610017 -0.012353235173134294 -0.0010364719817429128 -0.0038217372140093883 0.0064362735848639508 0.002726163315066451 -0.00082540681458610017 0.022797417863786515 0.012552432993344692 0.0057217501270941541 0.0076477811324491942 0.0017813906951681532 0.018369430827924377 -0.010633019545530635 -0.0076937932745771796 -0.014796851251919787 0.023728651157827262
leaf_weight=2280.5001145526767 8.4056684523820895 241.99607838969678 55.139607787132263 1139.8397950381041 174.68755996041 2500.5192461479455 22.394412412308156 146.24183287471533 28.315690219402313 39.300912536680698 8.0962987132370454 10.557386284694077 12.129760660231115 23.743319194763899 46.881683791056275 9.9929640311747772 30.228845013305545 8.0024515725672227 77.949684903025627 7.9030142836272708
leaf_count=15217 39 2135 266 10739 3130 50406 277 1124 155 318 59 63 96 264 424 168 903 97 1146 100
internal_value=0.00013106 2.53613e-05 0.000357907 8.44774e-05 -0.00236557 0.000758464 -0.00455378 0.00653061 0.0126201 0.00373865 -0.0022299 0.0151619 0.0221458 -0.00378672 0.00522827 -0.00980276 -0.00315664 0.00387582 -0.0124093 0.013616
internal_weight=6872.83 6825.83 6364.54 6095.55 1314.53 4781.02 461.283 268.998 83.4553 185.543 320.717 46.9983 28.4384 265.739 54.978 140.566 40.2218 18.5598 100.344 20.0328
internal_count=87126 86731 81355 79492 13869 65623 5376 1863 421 1442 2882 395 235 2399 483 2494 1071 160 1423 196
is_linear=0
shrinkage=0.02


Tree=169
num_leaves=24
num_cat=0
split_feature=27 0 12 8 32 1 3 3 3 2 10 11 3 11 3 3 3 10 32 3 10 12 0
split_gain=30.1401 29.8122 29.3258 27.1682 25.6976 18.1674 19.3926 11.6615 11.6031 11.3716 9.5346 8.73215 8.17048 6.23967 19.5575 10.4665 4.48111 3.59446 4.36552 2.22311 1.94737 0.234911 0.165156
threshold=1.0000000180025095e-35 5.8774940967559823 4.6741912364959726 2.1471621990203862 1.0000000180025095e-35 0.27044226229190832 25.849999427795414 7.2500000000000009 10.650000095367433 1.2500000000000002 3.5000000000000004 23.601077079772953 2.9500000476837163 25.830429077148441 7.9500000476837167 2.9500000476837163 9.8499999046325701 4.5000000000000009 1.0000000180025095e-35 12.050000190734865 4.5000000000000009 2.6493887901306157 22.565682411193851
decision_type=2 2 10 8 2 2 2 2 2 2 8 10 2 8 2 2 2 10 2 2 8 10 2
left_child=5 9 3 7 -5 6 13 -3 14 12 11 -4 -2 -1 15 -7 -15 18 -11 -10 -12 -19 -16
right_child=1 2 10 4 -6 8 -8 -9 19 17 20 -13 -14 16 22 -17 -18 21 -20 -21 -22 -23 -24
leaf_value=-0.018693773207632762 0.027541905134549079 -0.0040322595917850809 0.0034210156500330403 0.00023077303037521678 -0.0040322595917850809 0.0053137144458726597 0.015374053650195077 -0.0080839823642331575 0.042180581025266325 0.0056315763452580471 -0.003411005584011511 -0.0060782581591422406 0.0056315763452580471 -0.010685782610622663 0.015501955325387756 0.024274507880193454 -0.000773198700912479 0.00023077303037521678 0.0034210156500330403 0.016757821922317864 -0.012893960964112376 0.0034210156500330403 -0.000773198700912479
leaf_weight=7.9477450717240563 12.738129101693632 774.59216108452529 771.14607672207057 3523.2175066396594 657.01147849392146 18.27352238073945 19.458323761820793 284.13216809369624 6.2449109889566881 317.70633862167597 32.894986260682344 19.495122897438705 14.795983478426932 17.248079469427466 3.8913562037050697 34.782862443476915 42.650224331766367 34.281850144267082 207.48211312294006 4.2508834712207317 11.372639130800961 17.235445857048035 10.57264159992337
leaf_count=180 61 8654 6970 48384 9781 272 152 5817 97 1397 313 764 81 638 56 533 1090 182 1004 61 108 82 182
internal_value=1.39882e-05 -0.000195433 -0.000617131 -0.00117201 -0.000446799 0.00842384 0.00210928 -0.00403226 0.0153741 0.00403752 0.00286188 0.00336948 0.016378 -0.00311352 0.0119849 0.0179632 -0.000773199 0.00342102 0.00395994 0.0342376 -0.00607826 0.000230773 -0.000773199
internal_weight=6843.42 6678.1 6073.86 5238.95 4180.23 165.321 87.3044 1058.72 78.0162 604.24 834.909 790.641 27.5341 67.846 67.5204 53.0564 59.8983 576.706 525.188 10.4958 44.2676 51.5173 14.464
internal_count=86859 83598 80791 72636 58165 3261 2060 14471 1201 2807 8155 7734 142 1908 1043 805 1728 2665 2401 158 421 264 238
is_linear=0
shrinkage=0.02


Tree=170
num_leaves=21
num_cat=0
split_feature=43 27 7 1 8 1 11 7 2 11 31 2 8 12 11 13 13 47 24 11
split_gain=28.244 26.5172 30.2585 30.2419 22.8055 14.1518 11.5418 8.49185 7.96608 12.1339 7.8992 8.76817 6.55775 5.25194 5.14375 3.68042 2.49315 2.3546 1.61695 2.17702
threshold=1.0000000180025095e-35 1.0000000180025095e-35 1.5000000000000002 0.25782336294651037 2.3376075029373173 0.27044226229190832 26.263042449951175 3.5000000000000004 19.750000000000004 21.490191459655765 1.0000000180025095e-35 10.650000095367433 10.841223239898683 1.4033790826797488 7.6656875610351571 0.66338038444519054 2.5427869558334355 1.0000000180025095e-35 1.0000000180025095e-35 13.461826801300051
decision_type=2 2 10 2 10 2 8 8 2 8 2 2 10 8 8 10 8 2 2 8
left_child=1 5 3 15 -5 6 -1 13 16 -10 11 -2 -8 -4 -12 -3 -7 -9 19 -13
right_child=10 2 7 4 -6 8 12 17 9 -11 14 18 -14 -15 -16 -17 -18 -19 -20 -21
leaf_value=-0.017207083587524978 0.037633762914213317 -0.0048443995762469175 -0.0091761790022562278 -0.00010205533289950577 0.003087690385302687 0.038256199733062886 0.0017940182418028758 -0.0091761790022562278 -0.015320653308458689 0.013607400204114635 -0.0067556090161211627 0.0068035135805196139 0.013607400204114635 -0.0048443995762469175 0.01447539978623613 -0.00075412329474261062 0.016240504652432895 -0.017747784263157998 0.0039273804569992903 0.024602474577042774
leaf_weight=9.7313174493610841 9.0356549322605151 339.14837979432195 130.6700404137373 4561.1093684211373 1114.9157472886145 5.6427216455340359 61.233933126553893 30.818813107907772 5.593624170869588 58.906173419207335 7.9118122234940556 6.0520581640303144 15.769494449719785 346.60922531597316 8.5343755641952139 88.895220293663442 6.8365704417228708 20.814442095346749 6.1837427653372279 6.3831500709056863
leaf_count=227 50 12197 2022 47850 11773 64 1554 485 81 949 43 37 282 5381 107 3186 78 344 53 93
internal_value=4.13921e-05 -6.32756e-05 -0.000260082 0.000137874 0.000524925 0.00786363 0.00227624 -0.0048444 0.0140492 0.0109031 0.0158162 0.0221785 0.00492748 -0.0039933 0.00445995 -0.0048444 0.0282949 -0.0124864 0.0131422 0.0170911
internal_weight=6840.8 6796.7 6632.98 6104.07 5676.03 163.714 86.7347 528.913 76.9791 64.4998 44.1008 27.6546 77.0034 477.279 16.4462 428.044 12.4793 51.6333 18.619 12.4352
internal_count=86856 86473 83238 75006 59623 3235 2063 8232 1172 1030 383 233 1836 7403 150 15383 142 829 183 130
is_linear=0
shrinkage=0.02


Tree=171
num_leaves=13
num_cat=0
split_feature=8 19 42 18 41 3 34 3 3 3 16 13
split_gain=27.6665 28.1063 23.4938 24.1879 19.6156 14.2695 9.87037 8.87248 7.95151 4.46853 4.18482 2.61844
threshold=12.8563289642334 1.0000000180025095e-35 1.0000000180025095e-35 1.0000000180025095e-35 1.0000000180025095e-35 7.2500000000000009 1.0000000180025095e-35 3.0499999523162846 11.449999809265138 3.0499999523162846 1.0000000180025095e-35 0.7703610658645631
decision_type=10 10 2 10 2 2 2 2 2 2 10 8
left_child=1 2 3 4 -1 6 -4 -5 -7 10 -3 -2
right_child=11 9 5 7 -6 8 -8 -9 -10 -11 -12 -13
leaf_value=0.00013506486087381511 0.039423728255880398 0.011157167572962383 -0.0038392766849076293 0.011157167572962383 -0.0054288428889037576 -0.013264541223669568 0.0053965565061381464 0.0038188771565616209 -0.0031526863854982961 0.0056043124124020962 0.020506408507305764 0.020506408507305764
leaf_weight=5746.4558577239513 5.2284687794744924 22.941778615117073 254.89930284861475 69.413020372390747 264.14842395018786 92.174033517949283 55.587705893442035 184.7762012463063 47.854230353608727 36.641458507627249 28.16956701874733 8.102687656879425
leaf_count=76531 60 105 2329 348 2444 1309 488 1428 1226 171 137 82
internal_value=3.43992e-05 -2.40744e-05 -0.000171826 0.00014571 -0.000110315 -0.00457797 -0.00217373 0.00617643 -0.0098557 0.0111572 0.014954 0.0277937
internal_weight=6816.39 6803.06 6715.31 6264.79 6010.6 450.515 310.487 254.189 140.028 87.7528 51.1113 13.3312
internal_count=86658 86516 86103 80751 78975 5352 2817 1776 2535 413 242 142
is_linear=0
shrinkage=0.02


Tree=172
num_leaves=15
num_cat=0
split_feature=10 11 35 31 0 12 0 8 3 21 11 21 10 11
split_gain=24.4075 24.7694 25.6592 25.9695 30.4153 19.4429 17.7647 13.5728 13.1877 9.71894 10.5836 9.81627 8.15018 3.78392
threshold=1.0000000180025095e-35 10.102292537689211 1.0000000180025095e-35 1.0000000180025095e-35 5.8774940967559823 7.1894831657409677 19.273557662963871 0.44840879738330847 9.9499998092651385 14.70293712615967 41.249156951904304 19.983171463012699 2.5000000000000004 12.184404850006105
decision_type=8 10 2 2 2 10 2 10 2 8 10 8 10 10
left_child=9 2 3 4 -2 7 -5 13 -9 -1 -11 -4 -13 -3
right_child=1 5 11 6 -6 -7 -8 8 -10 10 -12 12 -14 -15
leaf_value=0.025006604327199113 0.0035826332466988172 -0.005691479532812552 0.024378578104138099 0.002792568540326416 -0.001965607579421606 0.0046951904723673303 -0.0028460724939811145 -0.0010982589403106186 -0.005691479532812552 0.0046951904723673303 0.034516706673431763 0.0046951904723673303 -0.011928893671239164 -0.012449198782357776
leaf_weight=8.4766388144344074 463.06588537245989 38.196795329451561 10.734238319098948 1445.1548583433032 2665.086192372255 52.685024159960449 263.5123960133642 723.2438604850322 381.66231844481081 400.77763979416341 3.8928667102009049 281.56176481582224 11.325575359165667 77.436126978136599
leaf_count=84 2174 491 61 11152 32403 668 7385 11898 9350 6563 66 2702 73 1700
internal_value=-1.05559e-05 -0.000314369 0.000304336 -6.04066e-05 -0.00114341 -0.00281057 0.00192182 -0.00337642 -0.00268858 0.00469519 0.00469519 0.00469519 0.00469519 -0.00986954
internal_weight=6826.81 6413.67 5140.44 4836.82 3128.15 1273.22 1708.67 1220.54 1104.91 413.147 404.671 303.622 292.887 115.633
internal_count=86770 80057 55950 53114 34577 24107 18537 23439 21248 6713 6629 2836 2775 2191
is_linear=0
shrinkage=0.02


Tree=173
num_leaves=20
num_cat=0
split_feature=48 12 8 27 0 11 0 11 3 1 22 12 1 22 3 3 13 12 0
split_gain=31.9783 24.4356 25.3807 20.7732 28.84 13.6085 12.383 11.8302 10.9815 9.27113 7.48708 7.40994 7.29516 6.4511 6.43565 11.3427 9.39953 5.6813 1.73363
threshold=1.0000000180025095e-35 8.5654463768005389 1.3002981543540957 1.0000000180025095e-35 19.273557662963871 3.1568622589111333 7.2618865966796884 8.784886837005617 0.75000000000000011 0.27044226229190832 0.3679704368114472 2.1932270526885991 0.4538219422101975 0.19518794119358066 12.750000000000002 9.2500000000000018 0.58928340673446666 9.2537512779235858 4.4073791503906259
decision_type=2 10 8 2 2 8 2 10 2 2 10 8 2 8 2 2 10 10 2
left_child=1 2 6 9 -5 -2 18 10 -7 -4 12 -8 -3 -9 15 -10 -16 -15 -1
right_child=5 7 3 4 -6 8 11 13 14 -11 -12 -13 -14 17 16 -17 -18 -19 -20
leaf_value=0.00061233470612644884 -0.0072583495202314411 0.00086469488264726523 0.0024806291799820438 0.00061233470612644884 -0.0029881767902950242 0.027442111757236442 -0.0077301692955708294 -0.00022544982211746437 0.0050193635738800327 0.011948172363666949 -0.011848586399786341 -0.0033098869814448028 0.011227744665625192 0.03608809542114616 -0.011931903838566659 0.015198293696025553 0.016595268082608271 0.015121354044495952 -0.0013198384717594677
leaf_weight=46.43906893581152 23.29995284974575 56.314801076427102 87.294278675690293 4239.2451372202486 1125.2263595825061 10.830245606601236 247.07039632741362 6.9714089082553974 127.55346473306417 78.810676224529743 9.5005829632282239 398.09118893742561 51.834887996315956 7.1783249871805337 13.992504239082338 67.054076053202152 5.7041170224547377 23.645930846221745 189.57960383221507
leaf_count=208 113 433 2047 37752 32689 49 3625 108 633 1182 45 5543 249 74 167 402 71 255 1184
internal_value=2.78944e-05 -0.000239039 -0.000429524 7.29815e-05 -0.000143308 0.00705676 -0.00357992 0.00757055 0.00856383 0.00701725 0.0043688 -0.00501202 0.00588894 0.0171675 0.00748676 0.00858639 -0.0032678 0.0209846 0.000339359
internal_weight=6815.64 6567.2 6411.76 5530.58 5364.47 248.434 881.18 155.446 225.134 166.105 117.65 645.162 108.15 37.7957 214.304 194.608 19.6966 30.8243 236.019
internal_count=86829 85394 84230 73670 70441 1435 10560 1164 1322 3229 727 9168 682 437 1273 1035 238 329 1392
is_linear=0
shrinkage=0.02


Tree=174
num_leaves=19
num_cat=0
split_feature=43 41 10 1 42 11 0 21 11 22 23 22 11 22 21 3 21 51
split_gain=30.616 21.7019 23.7634 28.5467 22.7992 12.8789 11.0005 11.0231 10.2073 9.02435 8.50826 8.08837 16.6731 5.4523 2.78306 1.8529 1.85096 1.71697
threshold=1.0000000180025095e-35 1.0000000180025095e-35 1.0000000180025095e-35 0.25782336294651037 1.0000000180025095e-35 7.6656875610351571 15.646564960479738 38.086296081542976 19.329535484313968 0.067288905382156386 1.0000000180025095e-35 0.20679701119661334 13.366374969482424 0.3355752974748612 27.030026435852054 12.949999809265138 44.25268745422364 1.0000000180025095e-35
decision_type=2 2 8 2 2 8 2 10 8 8 2 10 8 8 8 2 8 2
left_child=1 2 11 9 -5 -2 7 10 -7 -4 -3 12 -1 -10 -8 -16 -9 -13
right_child=5 6 3 4 -6 8 14 16 13 -11 -12 17 -14 -15 15 -17 -18 -19
leaf_value=0.012047384442637284 0.004080429440522752 0.0033759091580460592 -0.012788675648248935 0.00060476135857693788 -0.0043294526062979998 0.04151163142433302 -0.0051735917950598755 -0.016884724767292872 -0.0028575074717762721 -0.0043294526062979998 -0.0051735917950598755 0.00060476135857693788 0.0026922575416371752 0.021734756136250383 -0.019092756154087145 -0.013916260058625531 -0.0058941455481240261 0.01078737755920915
leaf_weight=124.69285551458597 20.069305777549744 77.063095655292273 52.717782952822745 5259.7790918117389 402.29718185309321 9.3065588288009184 5.2213535774499169 24.207846075296402 4.9164159586653087 387.48665318544954 114.62981237843633 61.335159288719296 195.54461969435215 10.646333273500204 39.56257972959429 4.7701113615185013 10.062527392059563 8.583120368421076
leaf_count=978 105 496 2323 57827 4095 87 88 193 75 13245 784 468 4915 120 738 135 65 77
internal_value=5.47603e-05 -5.56818e-05 0.000178 -0.000128299 0.000253477 0.016327 -0.00554302 -0.00363724 0.02567 -0.0050283 -0.0017369 0.0049568 0.00636109 0.0142624 -0.0139894 -0.015748 -0.0139163 0.000604761
internal_weight=6812.89 6767.95 6492.44 6102.28 5662.08 44.9386 275.517 225.963 24.8693 440.204 191.693 390.156 320.237 15.5627 49.554 44.3327 34.2704 69.9183
internal_count=86814 86427 83928 77490 61922 387 2499 1538 282 15568 1280 6438 5893 195 961 873 258 545
is_linear=0
shrinkage=0.02


Tree=175
num_leaves=24
num_cat=0
split_feature=12 3 43 1 24 8 11 11 11 34 15 0 3 3 11 12 1 3 48 31 24 24 12
split_gain=24.1689 26.1438 25.2219 26.2016 31.4519 30.262 15.5462 5.78644 12.2151 5.91393 6.30698 5.64092 7.6697 5.77304 5.21405 5.11183 5.39437 7.17064 5.30422 4.90837 3.24556 3.20468 1.76458
threshold=7.0499846935272226 25.250000000000004 1.0000000180025095e-35 0.7272799313068391 1.0000000180025095e-35 1.2372896671295168 3.63905942440033 11.630473136901857 23.105607032775882 1.0000000180025095e-35 1.5000000000000002 32.758586883544929 35.799999237060554 28.349999427795414 17.170538902282718 10.926615238189699 0.4538219422101975 10.949999809265138 1.0000000180025095e-35 1.0000000180025095e-35 1.0000000180025095e-35 1.0000000180025095e-35 14.505884170532228
decision_type=10 2 2 2 2 8 10 10 10 2 10 2 2 2 10 10 2 2 2 2 2 2 10
left_child=1 2 3 5 -5 -1 15 9 14 10 -8 -3 13 -13 -9 18 17 -17 20 -4 -2 -11 -10
right_child=6 11 19 4 -6 -7 7 8 22 21 -12 12 -14 -15 -16 16 -18 -19 -20 -21 -22 -23 -24
leaf_value=-0.0062210591687472758 -0.0054918335384636476 0.029220457284877949 0.029181049754584895 0.00017269388272740836 0.0066216740643325047 -0.00079339835809313713 0.0097336838055239062 0.012638517571715736 -0.016918828514691377 -0.0063003999566653961 0.0017756537098398248 -0.017104464458615985 0.022589186842090804 0.0098437718236266802 0.029094762101110852 -0.014472230930097097 0.012746037134894101 0.0086998376476609632 -0.016039106075491621 0.0085804657820471291 0.0049418361224486292 0.0069876081258119643 0.0027721301480383822
leaf_weight=456.21926104743034 35.529049023985863 10.280096821486952 11.763305904343724 1516.1334970183671 376.91560727357864 4060.5673238905147 129.82645969092846 31.705928843468428 4.2741637686267486 21.412397090345621 58.020868390798569 4.2069443836808222 10.141282141208647 7.1719363480806351 11.042527362704275 9.4346418529748934 15.442228510975836 9.9995372816920263 12.972150884568689 9.0497485212981701 16.794664692133665 9.7883734703063983 2.399693176150322
leaf_count=7228 203 118 109 10110 1822 64504 768 341 146 130 387 89 60 86 186 62 70 76 60 77 94 65 65
internal_value=-6.69269e-05 -0.000351369 -0.000442144 -0.000515127 0.00145954 -0.00134288 0.00490691 0.00740832 0.0135638 0.00596416 0.00729809 0.0174591 0.0107927 -0.000696292 0.0174573 -0.00180404 0.00429962 -0.00270715 -0.00507986 0.0210277 -0.002113 -0.00204412 -0.0104
internal_weight=6831.09 6462.45 6430.65 6409.84 1893.05 4516.79 368.643 268.47 49.4223 219.048 187.847 31.8003 21.5202 11.3789 42.7485 100.172 34.8764 19.4342 65.2959 20.8131 52.3237 31.2008 6.67386
internal_count=86856 84203 83850 83664 11932 71732 2653 2088 738 1350 1155 353 235 175 527 565 208 138 357 186 297 195 211
is_linear=0
shrinkage=0.02


Tree=176
num_leaves=22
num_cat=0
split_feature=7 14 10 0 11 10 34 7 8 11 51 1 1 8 11 8 22 16 8 11 0
split_gain=27.9898 29.5902 22.8478 15.1114 13.2351 15.0626 9.29621 8.93554 8.90728 7.35307 6.17936 5.88981 6.1815 7.41763 3.83129 3.25239 2.40583 2.12077 1.89333 1.6825 0.446506
threshold=1.0000000180025095e-35 1.0000000180025095e-35 1.5000000000000002 3.9083231687545781 10.630608558654787 2.5000000000000004 1.0000000180025095e-35 2.5000000000000004 2.5962972640991215 19.453662872314457 1.0000000180025095e-35 0.51781803369522106 1.2566752433776858 0.12599659711122516 23.223414421081547 3.0414654016494755 0.97989431023597728 1.0000000180025095e-35 0.12599659711122516 8.608427047729494 3.9083231687545781
decision_type=10 8 10 2 8 10 2 10 10 8 2 2 2 10 8 10 10 10 10 10 2
left_child=1 6 8 16 5 -5 10 12 11 -10 20 -2 13 -4 -11 -8 -3 18 -9 -19 -1
right_child=2 3 7 4 -6 -7 15 17 9 14 -12 -13 -14 -15 -16 -17 -18 19 -20 -21 -22
leaf_value=0.0089834138259428185 -0.0036141068808696292 0.0078430613243332965 -0.009963375562599389 0.0041648906711134548 0.00042372550522372073 -0.0014107098936979275 0.012411196433431589 -0.015556071829665227 0.0041648906711134548 -0.0045527174895622401 0.020286970319738497 -0.0002538980652489657 -0.0014107098936979275 -0.0036515870364235508 0.00042372550522372073 0.028695415206690694 0.0041648906711134548 -0.022261418348652976 -0.0064236785383941716 -0.009963375562599389 0.0045991997883549724
leaf_weight=10.678834572434424 131.16295935213566 90.678611814975739 81.491777741350234 754.5424720775336 3940.159020149149 260.11417157202959 13.34485317207873 10.525548007339237 227.47618494741619 64.379744442179799 16.145150674507022 78.365452505648136 78.022253528237343 703.07587378285825 122.86004284117371 10.652537282556294 18.132853522896767 10.37150499224663 65.160086866468191 12.310279042460023 114.24511303752661
leaf_count=57 2779 379 1097 5060 54288 1995 89 149 2616 1474 111 614 370 9630 4011 64 75 73 891 192 724
internal_value=-9.59272e-06 0.000696254 -0.00233676 0.000423726 0.000423726 0.00273557 0.00900354 -0.00427373 0.000423726 0.000423726 0.00784306 -0.00361411 -0.00361411 -0.00432399 -0.000253898 0.0204986 0.00784306 -0.00996338 -0.00996338 -0.016289 0.00784306
internal_weight=6813.9 5228.69 1585.2 5063.63 4954.82 1014.66 165.066 960.957 624.244 414.716 141.069 209.528 862.59 784.568 187.24 23.9974 108.811 98.3674 75.6856 22.6818 124.924
internal_count=86738 62842 23896 61797 61343 7055 1045 12402 11494 8101 892 3393 11097 10727 5485 153 454 1305 1040 265 781
is_linear=0
shrinkage=0.02


Tree=177
num_leaves=23
num_cat=0
split_feature=41 14 8 1 23 11 12 1 15 12 1 34 2 22 23 3 12 13 3 1 23 11
split_gain=24.3867 30.5868 22.1749 17.1939 27.6849 15.0229 13.5791 11.6466 12.2023 10.5766 8.9348 10.2708 7.97483 7.04617 4.36347 5.91433 6.22792 3.74885 3.28744 2.98562 2.6568 0.106033
threshold=1.0000000180025095e-35 1.0000000180025095e-35 1.967613220214844 0.45716366171836859 1.0000000180025095e-35 9.3060421943664569 4.6391136646270761 0.68817996978759777 1.5000000000000002 17.370289802551273 0.45716366171836859 1.0000000180025095e-35 3.8500000238418584 0.8496435582637788 1.0000000180025095e-35 1.9499999880790713 2.5710003376007085 0.73579806089401256 4.5499999523162851 0.594089835882187 1.0000000180025095e-35 7.6656875610351571
decision_type=2 8 8 2 2 10 10 2 8 10 2 2 2 8 2 2 8 8 2 2 2 10
left_child=1 9 5 17 -5 13 -7 8 21 10 20 -12 -10 -3 15 -9 -17 -4 -16 -14 -1 -2
right_child=7 2 3 4 -6 6 -8 14 12 -11 11 -13 19 -15 18 16 -18 -19 -20 -21 -22 -23
leaf_value=3.6238203685295777e-05 -0.012525461072472502 -0.003648812693924241 3.6238203685295777e-05 0.00010563652940410492 0.0042796064292048418 -0.0064934709291501634 -0.00054555497431760724 -0.00098265938280420423 -0.00098265938280420423 0.026121855543815894 0.0064790766087566209 0.019839215742660718 -0.014571190912535692 -0.00054555497431760724 -0.00098265938280420423 0.021458848923524416 0.0022490600705258644 -0.00054555497431760724 0.012251403254511193 -0.0068213144054653429 0.0054557426687482568 -0.00098265938280420423
leaf_weight=31.577674359083176 7.1236767992377308 293.78313530050218 521.98357245046645 1569.5570709630847 1067.2956446819007 429.70670845359564 117.18798550777137 17.983683913946152 4.7011015452444544 10.368896309286354 147.72336914390326 26.814117796719074 102.39717550482601 430.7461271174252 63.142531484365463 11.786420732736589 14.862824313342569 1868.6852901717648 12.415691576898096 28.02634185552597 35.182580050081015 14.937567924149333
leaf_count=311 41 2635 10604 12810 6829 8244 1859 89 48 103 711 123 1412 3187 332 62 74 36607 70 198 358 190
internal_value=0.000113266 0.000359592 8.58856e-05 0.000682707 0.00179608 -0.00227277 -0.004776 -0.00568443 -0.00925067 0.00718272 0.00626442 0.00863292 -0.0117206 -0.000545555 -0.000982659 0.00520358 0.011214 -0.000545555 -0.000982659 -0.0129704 3.62382e-05 -0.000982659
internal_weight=6827.99 6550.61 6298.95 5027.52 2636.85 1271.42 546.895 277.377 157.186 251.667 241.298 174.537 135.125 724.529 120.191 44.6329 26.6492 2390.67 75.5582 130.424 66.7603 22.0612
internal_count=86897 84381 82775 66850 19639 15925 10103 2516 1889 1606 1503 834 1658 5822 627 225 136 47211 402 1610 669 231
is_linear=0
shrinkage=0.02


Tree=178
num_leaves=25
num_cat=0
split_feature=12 1 8 24 25 3 10 2 32 2 15 11 11 3 19 1 11 21 21 3 3 12 8 10
split_gain=25.518 26.3858 30.3264 28.2952 21.6862 17.4431 15.7333 14.2276 12.1641 12.0892 10.6638 10.5682 12.2525 9.63074 9.6301 9.48571 10.5515 9.1376 4.77686 4.35108 4.05347 3.11309 2.49732 2.4057
threshold=4.8135857582092294 0.7128843665122987 1.7478299736976626 1.0000000180025095e-35 1.0000000180025095e-35 4.6499998569488534 3.5000000000000004 1.2500000000000002 1.0000000180025095e-35 6.0499999523162851 3.5000000000000004 20.750912666320804 3.63905942440033 0.45000000298023229 1.0000000180025095e-35 0.70542746782302868 16.84168910980225 85.937786102294936 43.570976257324226 0.65000000596046459 11.34999990463257 5.2397520542144784 1.0440924167633059 4.5000000000000009
decision_type=10 2 8 2 2 2 8 2 2 2 10 10 10 2 10 2 10 10 10 2 2 10 10 8
left_child=1 2 18 7 8 13 10 -3 -4 -6 11 12 -2 -5 -9 16 -12 -13 19 -1 -20 -8 -17 -23
right_child=6 3 4 5 9 -7 21 14 -10 -11 15 17 -14 -15 -16 22 -18 -19 20 -21 -22 23 -24 -25
leaf_value=-0.014694541145342212 9.348121581125005e-05 0.020516688670002909 -3.9973572672919128e-05 -3.9973572672919128e-05 -3.9973572672919128e-05 -3.9973572672919128e-05 -0.018154671443104401 -2.2799288760126572e-05 -0.0039491303296384245 -0.005637898144509137 -0.0076103753131219823 -0.0076103753131219823 0.0068708223202736283 0.009625261427108487 0.0087117637049991831 0.0071505750708317044 0.0071505750708317044 0.02813142289422645 -0.0075941241029015153 -0.005637898144509137 -0.019794799413279347 -0.00091230911798801675 0.014526230248301839 -0.012061711459993064
leaf_weight=23.323516881093383 133.78541414812207 13.029923364520071 2915.4762576911598 24.433089569211006 58.134908078238368 41.263266891241074 10.720902146771548 1447.4031864479184 317.40166491828859 264.56757746450603 53.086369810625911 27.644239654764537 526.59305338002741 290.06587298214436 51.315074861049652 10.536066923290493 11.110393472015856 1.9327983818948258 36.339840847998857 459.04675966594368 16.228057241998613 27.006235828623176 18.302481532096863 9.958104729652403
leaf_count=357 729 63 47011 119 769 222 102 9974 5848 4037 585 953 4607 1400 229 56 272 39 630 7654 460 225 98 80
internal_value=0.00015446 -0.000303583 -0.00120282 0.00166566 -0.000534164 0.00673198 0.0034362 0.000469729 -3.99736e-05 -0.00546961 0.0041178 0.00497421 0.00550002 0.00856073 0.000281876 -0.00221876 -0.00647279 -0.00656179 -0.0056379 -0.0056379 -0.0116598 -0.00761038 0.00715058 -0.00761038
internal_weight=6788.71 5958.03 4090.52 1867.51 3555.58 355.762 830.676 1511.75 3232.88 322.702 782.991 689.956 660.378 314.499 1498.72 93.0353 64.1968 29.577 534.938 482.37 52.5679 47.6852 28.8385 36.9643
internal_count=86519 78773 66766 12007 57665 1741 7746 10266 52859 4806 7339 6328 5336 1519 10203 1011 857 992 9101 8011 1090 407 154 305
is_linear=0
shrinkage=0.02


Tree=179
num_leaves=19
num_cat=0
split_feature=43 3 1 27 7 3 22 12 23 0 1 1 34 11 3 11 22 3
split_gain=26.1254 28.2015 23.8001 27.1971 27.1318 10.4906 10.3149 10.1548 7.54725 5.94022 5.75201 5.35057 5.28509 4.41988 4.13301 5.22492 3.82405 1.57886
threshold=1.0000000180025095e-35 23.349999427795414 0.27044226229190832 1.0000000180025095e-35 1.5000000000000002 5.1499998569488534 0.067288905382156386 3.1385765075683598 1.0000000180025095e-35 35.155725479125984 0.22077211737632754 0.10187044739723207 1.0000000180025095e-35 34.523647308349616 9.9499998092651385 11.177523612976076 0.41403490304946905 30.35000038146973
decision_type=2 2 2 2 10 2 8 8 2 2 2 2 2 10 2 10 8 2
left_child=1 2 6 5 -5 -4 10 13 17 -8 -1 -10 14 -3 16 -16 -2 -9
right_child=12 7 3 4 -6 -7 9 8 11 -11 -12 -13 -14 -15 15 -17 -18 -19
leaf_value=-0.017632777144162556 0.022962082762364121 0.0152281584880892 0.019369261010050424 0.00049389760813818801 -0.0039271279487219412 0.0047833840826389043 -0.0039271279487219412 -0.012062637010948061 -0.00026185872166231683 -0.014768980856465426 -0.0058478469341836882 0.022243303509309045 0.027325120880969524 0.039244497357734387 -0.010435330370786063 0.015317690413637203 0.007030546385194689 0.0030149359420676876
leaf_weight=32.658787669148296 11.963515955954792 8.1546497978270036 37.409264266490936 5572.6267165010795 485.49095025472343 42.363729726523161 505.65827975329012 5.4314130339771527 6.0766185317188528 24.010528116486967 35.588932503946126 12.702008932828901 10.028559433296321 7.3866349142044774 6.5080111306160671 4.4312447346746922 13.687782805413006 4.3150678239762783
leaf_count=1473 82 115 532 56451 6729 654 16945 97 68 1515 1620 221 72 65 70 73 93 39
internal_value=8.76135e-05 -1.60678e-05 -0.00012155 0.000249746 9.60166e-05 0.0117785 -0.00392713 0.0157525 0.00817506 -0.00392713 -0.0116605 0.0153158 0.0148498 0.0283254 0.0107947 0.00040585 0.0150436 -0.00572794
internal_weight=6826.49 6779.87 6735.81 6137.89 6058.12 79.773 597.917 44.0664 28.5251 529.669 68.2477 18.7786 46.6191 15.5413 36.5906 10.9393 25.6513 9.74648
internal_count=86914 86524 85919 64366 63180 1186 21553 605 425 18460 3093 289 390 180 318 143 175 136
is_linear=0
shrinkage=0.02


Tree=180
num_leaves=24
num_cat=0
split_feature=42 14 35 11 31 2 28 12 12 11 22 13 51 36 34 15 22 11 13 11 34 18 11
split_gain=26.626 26.8255 25.5381 26.4038 25.4241 23.0803 19.7812 12.3413 10.0749 6.65909 7.8077 6.47434 6.18135 5.48201 4.80648 6.34166 4.56622 4.4845 2.68561 2.49994 2.19466 1.31058 1.08599
threshold=1.0000000180025095e-35 1.0000000180025095e-35 1.0000000180025095e-35 10.813221454620363 1.0000000180025095e-35 18.44999980926514 1.0000000180025095e-35 5.8309912681579599 14.505884170532228 13.461826801300051 0.72117725014686596 0.41319945454597479 1.0000000180025095e-35 1.0000000180025095e-35 1.0000000180025095e-35 4.5000000000000009 0.036842526867985732 10.273281574249269 0.5670256018638612 3.63905942440033 1.0000000180025095e-35 1.0000000180025095e-35 6.9924235343933114
decision_type=2 8 2 10 2 2 2 10 10 8 10 10 2 2 2 8 10 10 8 8 2 8 10
left_child=1 8 4 19 6 -6 -3 -5 20 10 11 17 -13 14 18 -16 -10 -2 -11 -4 -1 -15 -22
right_child=9 2 3 7 5 -7 -8 -9 16 13 -12 12 -14 21 15 -17 -18 -19 -20 -21 22 -23 -24
leaf_value=0.0070993960193918961 -0.0079703405799722397 -0.0013095557950049031 -0.0010021593202522482 -0.0094688030058331773 0.0027674911247868518 -0.0026339259340741662 0.0059265586060547751 0.0070993960193918961 0.011804886658047183 -0.003501340843749859 -0.012874785801145353 0.00041526933797158102 0.014460229905325661 -0.00062136489966764475 -0.011335655198567876 0.0045616621138080968 0.033478604870929296 0.0027325076902624634 -0.010290587413006296 0.0070993960193918961 0.0097133133962123922 0.012937095090966912 0.018178539549126495
leaf_weight=191.43742060102522 60.225826799869537 3470.9465971300378 19.919745706021786 59.613247081637383 1711.7822005972266 387.3071803865023 157.01030839234591 15.005777112208305 10.868499733507635 29.647438620682806 22.970353811979294 118.7299929279834 13.022702954709528 5.074929861351845 15.066006742417811 25.804484856314957 7.1833031438291064 20.47313685528934 137.58673708513379 276.34636683296412 22.262105949223042 5.2628940427675852 12.152821214869617
leaf_count=1167 454 44729 102 1144 16381 11314 3157 191 106 729 113 957 111 85 349 338 40 245 1935 2659 111 58 94
internal_value=0.000274044 0.000609203 0.000348487 0.00542725 1.86952e-05 0.00177009 -0.000994845 -0.00531368 0.0070994 -0.00440017 -0.00205326 -0.000828401 0.00190197 -0.00690861 -0.00761959 -0.00142931 0.021734 -0.00525484 -0.00911495 0.0070994 0.0070994 0.00681338 0.0131315
internal_weight=6795.7 6341.84 6097.93 370.885 5727.05 2099.09 3627.96 74.619 243.904 453.865 235.422 212.452 131.753 218.442 208.105 40.8705 18.0518 80.699 167.234 296.266 225.852 10.3378 34.4149
internal_count=86569 81195 79677 4096 75581 27695 47886 1335 1518 5374 1880 1767 1068 3494 3351 687 146 699 2664 2761 1372 143 205
is_linear=0
shrinkage=0.02


Tree=181
num_leaves=18
num_cat=0
split_feature=10 7 31 1 21 12 2 11 42 3 2 12 12 1 11 22 21
split_gain=26.6689 27.5468 20.7544 20.2418 18.349 16.2347 18.9698 11.1169 9.63507 7.665 7.0356 9.14594 6.86024 11.0414 4.07636 2.20207 1.23362
threshold=1.0000000180025095e-35 1.0000000180025095e-35 1.0000000180025095e-35 0.4538219422101975 11.992141246795656 4.2771530151367196 5.6499998569488534 41.249156951904304 1.0000000180025095e-35 1.0000000180025095e-35 4.9500000476837167 5.5409669876098642 3.3882724046707158 0.31332360208034521 3.3088188171386723 0.9400366246700288 40.769817352294929
decision_type=8 10 2 2 8 10 2 10 2 2 2 10 10 2 10 8 8
left_child=4 2 5 -4 -1 6 -2 12 -5 15 -11 -12 16 -14 -7 -3 -6
right_child=1 9 3 8 7 14 -8 -9 -10 10 11 -13 13 -15 -16 -17 -18
leaf_value=0.043135919882189233 0.0021888001103263178 -0.0045013410663125968 -0.000162081300257096 0.004108301091675948 -0.002972686602381609 -0.000162081300257096 -0.001838218523649039 0.034831688518009156 -0.000162081300257096 -0.000162081300257096 -0.003867145484028214 -0.000162081300257096 0.0035898726318726042 0.011183871532396876 0.0035898726318726042 -0.01768864584960617 0.004108301091675948
leaf_weight=3.9838552083820096 584.75487503409386 8.3441765401512402 824.45275386236608 896.99720195680857 57.197928826324642 60.427440565079451 2326.227973472327 3.7849309071898452 63.944067627191544 143.03375592082739 1044.6880413331091 151.12154368404299 50.864373194985092 137.57120554894209 278.54723358247429 16.480717785656452 163.35004209913313
leaf_count=34 3962 100 15333 5895 1031 326 31957 63 403 978 16779 1522 1263 1000 2772 147 3364
internal_value=4.21833e-05 -0.000277403 0.000405604 0.00213735 0.00493819 -0.000546112 -0.0010288 0.00446616 0.0041083 -0.00279786 -0.00258753 -0.00315162 0.0041083 0.00792601 0.00358987 -0.0136021 0.0041083
internal_weight=6815.77 6399.02 5035.35 1785.39 416.752 3249.96 2910.98 412.768 960.941 1363.67 1338.84 1195.81 408.984 188.436 338.975 24.8249 220.548
internal_count=86929 80174 60648 21631 6755 39017 35919 6721 6298 19526 19279 18301 6658 2263 3098 247 4395
is_linear=0
shrinkage=0.02


Tree=182
num_leaves=23
num_cat=0
split_feature=8 32 7 0 3 49 3 0 8 33 3 52 22 7 2 22 22 12 2 2 8 2
split_gain=25.3626 22.1536 23.1089 22.9761 27.9418 21.7047 16.3528 16.1259 14.7672 14.3009 10.5536 8.06863 6.63562 5.39291 19.0387 2.83462 3.20491 2.63879 3.83584 1.19319 0.236349 0.218163
threshold=1.2613920569419863 1.0000000180025095e-35 2.5000000000000004 9.487096309661867 7.6499998569488534 1.0000000180025095e-35 1.1500000357627871 9.2603988647460955 5.3123612403869638 1.0000000180025095e-35 13.050000190734865 1.0000000180025095e-35 1.2635488510131838 1.5000000000000002 5.6499998569488534 0.35930556058883673 0.5816798508167268 1.9479597210884096 5.0499999523162851 11.84999990463257 1.0704297423362734 18.050000190734867
decision_type=8 2 8 2 2 2 2 2 10 2 2 2 8 10 2 8 10 10 2 2 10 2
left_child=11 3 6 4 9 10 12 -6 -8 -2 -5 13 -3 21 -4 20 -17 18 -15 -16 -13 -1
right_child=1 2 14 5 7 -7 8 -9 -10 -11 -12 15 -14 17 19 16 -18 -19 -20 -21 -22 -23
leaf_value=-0.0029950266698844583 0.0044680734797513432 0.023659558210328235 -0.0010545793294097546 0.00081720665051333071 0.031537261626471677 -0.0029950266698844583 -0.0010545793294097546 0.00081720665051333071 0.014651073497305586 0.00081720665051333071 -0.002134811627790494 -0.020564403544754816 0.0076786944139550705 -0.0029950266698844583 -0.0053349944847564069 -0.0066564393743114396 -0.017470574963036247 -0.0066564393743114396 -0.013084796113392336 -0.0066564393743114396 -0.0095384890947571629 -0.0066564393743114396
leaf_weight=674.92930311709642 857.29523647576571 16.196569572202861 210.48599926009774 3074.5235616527498 21.041162285953764 238.6775605045259 207.7991112517193 8.7912671193480474 26.051840152591467 259.46009684354067 483.49510231707245 10.624157169833774 30.345406625419855 10.510198570787905 297.69468714296818 21.761772982776165 10.562929540872572 76.144770081155002 53.111515196971595 173.54976485297084 3.8224390288814911 54.328325237613171
leaf_count=6484 4627 174 1463 41309 190 2382 2814 86 476 1507 13836 168 234 70 3444 257 71 1081 841 3679 60 1675
internal_value=9.99735e-05 0.000580364 -0.0021948 0.00112084 0.00360071 0.000371172 0.00292722 0.0223906 0.000750022 0.00307918 0.000817207 -0.00299503 0.0136207 -0.00299503 -0.00299503 -0.011226 -0.00753903 -0.0070779 -0.0108285 -0.00665644 -0.0184534 -0.00299503
internal_weight=6821.2 5905.41 962.123 4943.28 1146.59 3796.7 280.393 29.8324 233.851 1116.76 3558.02 915.795 46.542 869.024 681.73 46.7713 32.3247 139.766 63.6217 471.244 14.4466 729.258
internal_count=86928 76221 12284 63937 6410 57527 3698 276 3290 6134 55145 10707 408 10151 8586 556 328 1992 911 7123 228 8159
is_linear=0
shrinkage=0.02


Tree=183
num_leaves=19
num_cat=0
split_feature=3 0 6 3 49 22 3 3 3 41 2 2 3 11 21 23 3 3
split_gain=30.0408 25.2357 34.4711 19.3217 19.4111 19.2546 17.6017 13.2842 15.8926 12.2306 12.0657 9.1542 9.21319 5.36018 4.79794 4.04555 4.00617 1.04705
threshold=23.349999427795414 16.474374771118168 1.0000000180025095e-35 2.5499999523162846 1.0000000180025095e-35 0.050400044769048698 2.3500000238418584 23.94999980926514 25.250000000000004 1.0000000180025095e-35 5.4500000476837167 27.050000190734867 6.9500000476837167 36.496849060058601 27.860182762146 1.0000000180025095e-35 12.949999809265138 1.0000000180025095e-35
decision_type=2 2 2 2 2 8 2 2 2 2 2 2 2 8 8 2 2 2
left_child=1 2 3 6 -5 -4 -1 -2 -9 11 -7 17 -13 -10 -11 -15 -16 -3
right_child=7 9 5 4 -6 10 -8 8 13 14 -12 12 -14 15 16 -17 -18 -19
leaf_value=0.0033679803969441677 0.04010296432018836 -0.0108314194493427 0.028979470706145607 0.001653064319466574 -0.0017977773555376722 0.0022755789100884971 0.013130829076149087 -0.017760938825949382 0.0016929738044957024 -0.0017977773555376722 -0.0017977773555376722 -0.0108314194493427 -0.0017977773555376722 0.010102995163399749 -0.018157650703541695 0.027012963075165559 -0.0017977773555376722 -0.0017977773555376722
leaf_weight=1013.1173563487828 6.7455847114324561 11.300542835146187 7.1686391755938521 1972.4363777507097 281.49811573699117 299.80707482993603 78.875692903995514 5.7418370470404616 8.2847551293671113 4.6367229595780364 975.98233201541007 90.27015375206247 86.486625053919852 11.611400609835982 30.472978354431689 14.956068988889456 4.0811184439808121 1902.4858968378976
leaf_count=6274 85 184 82 16345 2261 2185 498 158 109 88 10183 4489 4425 103 644 169 125 38291
internal_value=0.000115803 3.43702e-06 0.000832379 0.00190224 0.00084362 -0.00179778 0.00408453 0.0158262 0.0109249 -0.00179778 -0.00179778 -0.00179778 -0.00639681 0.0160144 -0.0128344 0.020257 -0.0156456 -0.00179778
internal_weight=6805.96 6758.62 4628.89 3345.93 2253.93 1282.96 1091.99 47.3396 40.5941 2129.73 1275.79 2090.54 176.757 34.8522 39.1908 26.5675 34.5541 1913.79
internal_count=86698 86074 37828 25378 18606 12450 6772 624 539 48246 12368 47389 8914 381 857 272 769 38475
is_linear=0
shrinkage=0.02


Tree=184
num_leaves=26
num_cat=0
split_feature=42 7 1 25 0 19 3 3 21 8 21 3 12 21 3 11 12 8 11 12 21 3 8 12 13
split_gain=26.0993 23.9932 22.6492 28.7486 24.5449 22.0462 15.6221 14.3726 12.431 9.82242 8.05859 8.0073 7.31023 7.0122 9.64648 5.8725 4.88649 3.31796 3.12442 2.74572 2.24111 3.54954 1.78399 1.13179 1.06497
threshold=1.0000000180025095e-35 1.5000000000000002 0.29014104604721075 1.0000000180025095e-35 8.6792855262756365 1.0000000180025095e-35 7.2500000000000009 6.5499999523162851 43.348445892333991 1.8027765750885012 28.765604972839359 3.6499999761581425 3.5471174716949467 23.625269889831547 11.949999809265138 4.5456764698028573 0.33820405602455145 1.4037750959396365 15.244505882263185 1.4140874743461611 35.098859786987312 11.650000095367433 1.8249195814132693 3.8185642957687382 1.0000000180025095e-35
decision_type=2 10 2 2 2 10 2 2 8 10 10 2 10 8 2 10 8 10 10 10 8 2 8 10 8
left_child=1 2 22 5 -5 -4 7 10 -9 18 15 -12 20 -14 -15 -2 -11 -10 19 -3 21 -8 -1 -20 -22
right_child=6 9 3 4 -6 -7 12 8 17 16 11 -13 13 14 -16 -17 -18 -19 23 -21 24 -23 -24 -25 -26
leaf_value=-0.0041795022053114327 -0.0047990294111242863 -0.0099820965712909063 0.001952039969676905 0.0014721615321227027 -0.0024410090686926536 0.014963452192860492 -0.011228626663812613 0.030104395160439747 -0.0082016285677899824 -0.0075669767598725594 -0.017920389534859953 -0.00089184614717908192 0.01753468109020383 -0.012399103991202157 0.0067015177784199636 0.0013175505034749445 -0.0024410090686926536 0.010870637077331905 -0.016066057808917372 -0.0041795022053114327 -0.0054351719783135299 0.008983864513693221 -0.0024410090686926536 -0.0057388977047673206 -0.016050071790505941
leaf_weight=83.80387703422457 127.39096255786717 49.725093450397253 3789.5440784431994 738.6838157735765 521.0882480442524 51.842278197407722 13.994536534883084 8.9064526082947868 7.256898229941724 35.770588230341673 26.033221743069589 18.862108206842095 4.4742800369858733 32.421360714361072 14.710859864950178 122.21078152675182 298.34368863236159 5.5378638468682766 23.786176161840565 99.760839676484466 5.4109723819419733 3.7044901531189671 669.64695129357278 6.9553714934736481 63.335245188325644
leaf_count=2778 926 613 36184 5177 7404 253 204 81 89 638 204 176 57 391 333 1329 5186 73 663 1153 129 109 21340 189 1309
internal_value=9.8985e-05 0.000429602 0.000793649 0.0012718 -0.00134924 0.00213149 -0.00452729 -0.00206305 0.0132847 -0.00370774 -0.00323514 -0.0109414 -0.010116 -0.00405118 -0.00642207 -0.0018109 -0.00244101 0.000242899 -0.00756698 -0.00756698 -0.0136489 -0.00674386 -0.00244101 -0.0139839 -0.0153045
internal_weight=6823.2 6368.95 5854.61 5101.16 1259.77 3841.39 454.25 316.198 21.7012 514.342 294.497 44.8953 138.052 51.6065 47.1322 249.602 334.114 12.7948 180.227 149.486 86.4452 17.699 753.451 30.7415 68.7462
internal_count=86988 81578 73136 49018 12581 36437 5410 2878 243 8442 2635 380 2532 781 724 2255 5824 162 2618 1766 1751 313 24118 852 1438
is_linear=0
shrinkage=0.02


Tree=185
num_leaves=26
num_cat=0
split_feature=7 8 32 2 0 25 3 7 8 22 13 3 3 24 3 2 47 3 13 22 6 18 3 33 3
split_gain=24.7242 31.6921 21.0465 21.7109 13.7036 23.6825 13.4204 10.6752 9.72143 10.8134 9.21861 7.03293 7.75324 6.1637 12.5385 9.53605 7.78986 11.6544 6.02897 4.92139 3.10173 2.25136 1.97022 0.920479 0.769543
threshold=1.0000000180025095e-35 2.4568132162094121 1.0000000180025095e-35 5.6499998569488534 9.487096309661867 1.0000000180025095e-35 2.7500000000000004 2.5000000000000004 1.9417096972465517 0.036842526867985732 4.8625376224517831 7.2500000000000009 8.7500000000000018 1.0000000180025095e-35 0.55000001192092907 12.949999809265138 1.0000000180025095e-35 2.2500000000000004 0.35396479070186621 0.031905915588140495 1.0000000180025095e-35 1.0000000180025095e-35 0.35000000894069677 1.0000000180025095e-35 1.0000000180025095e-35
decision_type=8 8 2 2 2 2 2 8 10 8 10 2 2 2 2 2 2 2 8 8 2 8 2 2 2
left_child=6 11 4 -4 23 -6 13 -5 -8 19 -11 22 21 16 -15 -16 18 -18 -1 -10 -14 -13 24 -3 -2
right_child=1 2 3 7 5 -7 8 -9 9 10 -12 12 20 14 15 -17 17 -19 -20 -21 -22 -23 -24 -25 -26
leaf_value=0.0066351169678106406 -0.01383143525256551 0.0020307237708770548 0.0020307237708770548 0.0020307237708770548 0.00045467807561961628 -0.004291935718205203 -0.0012992096662138841 -0.004291935718205203 0.010236676333052209 0.0020307237708770548 0.016144291093242433 -0.016687035052220311 -0.004291935718205203 0.0020307237708770548 0.017102183226138414 0.0027002667014064613 0.0063043142555179203 0.030358259131417122 0.0020307237708770548 0.033807531107398661 -0.010143754867983091 -0.0071869261528194296 -0.004291935718205203 0.00045467807561961628 -0.007895663074762747
leaf_weight=125.86137649416924 18.110925427637994 590.20929040759802 223.55467461794615 69.664135131053627 2526.7495758766308 171.78128756582737 529.10523498896509 444.7408139873296 22.752494589425634 711.12912498414516 17.793440870940685 41.127454997040331 113.90434143040329 20.056628576479852 65.362358182668686 26.027394514530897 39.12665643543005 9.4342814218252879 194.39357792073861 3.6879944726824752 43.199935177341104 16.112176314927638 566.82607948407531 185.72628678753972 29.446654578670859
leaf_count=1035 152 3285 1561 1340 39897 2328 6307 6756 548 8539 125 668 2530 158 323 386 289 61 1460 78 981 242 6413 1114 313
internal_value=-5.99589e-06 -0.000719241 -1.55187e-05 -0.00308063 0.000636195 -9.90006e-05 0.00203072 -0.00429194 0.00203072 0.00223329 0.00203072 -0.00429194 -0.00791811 0.00537181 0.00948498 0.0130742 0.00410664 0.0114957 0.00295392 0.0146366 -0.00556058 -0.0141822 -0.00429194 0.00203072 -0.0103944
internal_weight=6805.88 5041.15 4212.43 737.96 3474.47 2698.53 1764.73 514.405 1284.47 755.363 728.923 828.728 214.344 480.262 111.446 91.3898 368.816 48.5609 320.255 26.4405 157.104 57.2396 614.384 775.936 47.5576
internal_count=86889 67580 56281 9657 46624 42225 19309 8096 15597 9290 8664 11299 4421 3712 867 709 2845 350 2495 626 3511 910 6878 4399 465
is_linear=0
shrinkage=0.02


Tree=186
num_leaves=17
num_cat=0
split_feature=3 43 1 31 3 0 3 3 3 3 0 48 3 47 23 13
split_gain=24.9956 25.9099 26.5868 19.5594 66.3105 21.8457 17.1029 14.2883 10.6433 12.4685 6.89957 7.05983 10.7331 3.19185 4.69199 1.56147
threshold=23.349999427795414 1.0000000180025095e-35 0.20442671328783038 1.0000000180025095e-35 17.94999980926514 5.8774940967559823 23.94999980926514 25.250000000000004 12.34999990463257 15.050000190734865 12.080355644226076 1.0000000180025095e-35 10.949999809265138 1.0000000180025095e-35 1.0000000180025095e-35 1.7511229515075686
decision_type=2 2 2 2 2 2 2 2 2 2 2 2 2 2 2 8
left_child=1 2 8 5 -5 -4 -2 -8 -1 -10 -3 12 -12 14 -9 -15
right_child=6 10 3 4 -6 -7 7 13 9 -11 11 -13 -14 15 -16 -17
leaf_value=-0.020344422912304413 0.041454400372877308 0.028034021202296859 0.0032655550797683996 0.001261805527901755 0.044800792064085923 -0.0012652634979473452 -0.017840344474503059 0.0054900933336052508 -0.0012652634979473452 -0.0099916845123431235 -0.0039898819035617166 0.02421802972132673 0.023035026440788156 0.011725656784676228 0.025471232286170049 -0.0012342218634163243
leaf_weight=24.332770455628633 6.8853639066219321 11.013724677264689 477.95038460195065 2256.3083814643323 13.08072513155639 3827.6354596344754 5.9131810944527379 8.0311584379523993 23.192286958917975 101.97856918163598 18.7478157049045 9.0042431652545911 7.4179555028676978 6.8056974299252007 13.207456877455115 6.7730759792029867
leaf_count=804 84 53 2247 27384 491 50884 162 90 597 3544 160 48 109 67 168 56
internal_value=4.62041e-05 -5.6392e-05 -0.000159998 3.02492e-05 0.00153239 -0.000761669 0.0143358 0.00886791 -0.00847141 -0.00602039 0.0147125 0.0098811 0.00423755 0.0137753 0.0185022 0.00562004
internal_weight=6818.28 6770.66 6724.48 6574.97 2269.39 4305.59 47.6159 40.7306 149.504 125.171 46.1837 35.17 26.1658 34.8174 21.2386 13.5788
internal_count=86948 86321 85951 81006 27875 53131 627 543 4945 4141 370 317 269 381 258 123
is_linear=0
shrinkage=0.02


Tree=187
num_leaves=31
num_cat=0
split_feature=42 25 0 41 0 49 36 3 9 8 47 1 2 1 15 3 12 11 0 3 11 11 12 12 12 3 7 11 9 11
split_gain=23.2558 27.6194 44.0978 29.8937 33.1567 22.7173 20.8394 13.9971 12.8778 12.5737 13.0776 10.8579 9.2578 9.22139 7.7708 7.71763 9.55934 7.61356 7.09749 6.59015 5.72588 5.47718 4.33163 3.54385 8.10243 3.49895 2.84598 2.28631 2.00665 1.94759
threshold=1.0000000180025095e-35 1.0000000180025095e-35 12.000208377838137 1.0000000180025095e-35 15.033463001251222 1.0000000180025095e-35 1.0000000180025095e-35 7.2500000000000009 2.5000000000000004 3.1112880706787114 1.0000000180025095e-35 0.68817996978759777 34.049999237060554 0.53883641958236705 1.5000000000000002 11.650000095367433 7.1894831657409677 18.162007331848148 16.970856666564945 2.3500000238418584 13.780566692352297 13.899936676025392 2.5188534259796147 5.2397520542144784 7.0499846935272226 5.9500000476837167 2.5000000000000004 4.810582399368287 1.0000000180025095e-35 19.568210601806644
decision_type=2 2 2 2 2 2 2 2 10 10 2 2 2 2 8 2 10 10 2 2 10 10 10 10 10 2 10 10 8 10
left_child=1 3 6 4 5 -1 8 9 -3 20 27 14 -6 21 -5 23 18 -12 -17 -8 26 -4 -13 29 -25 -22 -2 -11 -15 -9
right_child=7 2 13 11 12 -7 19 15 -10 10 17 22 -14 28 -16 16 -18 -19 -20 -21 25 -23 -24 24 -26 -27 -28 -29 -30 -31
leaf_value=0.0038011688560548569 -0.0041115133226681403 -0.00056672979419401543 -0.017836113198512162 -0.001021211165426967 -0.00030453230830217263 -0.00030453230830217263 0.026311769567966596 -0.015828634460592947 -0.0071284564457259883 -0.0041115133226681403 0.022667067311482582 -0.001021211165426967 -0.012190055239285749 -0.00056672979419401543 -0.010922159039839887 0.0059560250598599445 0.026227245409861526 -0.0041115133226681403 -0.011401669073520877 0.0070934668353422282 -0.018100357308120603 -0.0071284564457259883 0.0057059223841255478 0.0082045654995371847 -0.017040920780018495 -0.0041115133226681403 -0.016529751248186109 0.002328675849443134 -0.0071284564457259883 -0.0032437971717830466
leaf_weight=2063.0807225927711 221.75043540634215 1047.334056712687 82.155529323965311 23.239109493792057 2403.8934929072857 215.40710575506091 11.862588755786421 69.164250602014363 134.10034671798348 10.29446918517351 18.985493414103988 87.475100129842758 25.214518237859011 5.4399680234491816 130.02309801895171 13.509509725496171 3.1729046348482361 5.0388493770733467 26.71215571090579 18.461713064461946 16.986269320826981 11.321737160906194 37.31003201007843 9.1312696384266037 9.34855426289141 3.542356993071734 7.8147297576069823 28.502085982821882 74.932506967335939 5.9225361039862028
leaf_count=13966 1702 9595 1646 244 47743 1364 86 986 1365 49 154 459 1624 84 1631 235 49 157 862 157 336 247 189 96 76 74 79 297 1191 203
internal_value=-6.04493e-05 0.000250148 -0.0022467 0.000944383 0.00132114 0.00305366 -0.000891101 -0.00445001 -0.00131693 -0.00210252 0.0058345 -0.00541637 -0.000304532 -0.0116363 -0.00896506 -0.00975918 -0.00270533 0.0171094 -0.00556857 0.0152115 -0.00411151 -0.0159141 -0.00102121 -0.0129674 -0.00478578 -0.0139955 -0.00317078 -0.00140183 -0.00712846 -0.0148917
internal_weight=6821.13 6371.25 1385.61 4985.64 4707.6 2278.49 1211.76 449.876 1181.43 312.915 62.8209 278.047 2429.11 173.85 153.262 136.961 43.3946 24.0243 40.2217 30.3243 250.094 93.4773 124.785 93.5666 18.4798 20.5286 229.565 38.7966 80.3725 75.0868
internal_count=86946 81591 14371 67220 64697 15330 11203 5355 10960 2848 657 2523 49367 3168 1875 2507 1146 311 1097 243 2191 1893 648 1361 172 410 1781 346 1275 1189
is_linear=0
shrinkage=0.02


Tree=188
num_leaves=19
num_cat=0
split_feature=18 10 32 0 7 33 11 25 13 21 15 1 1 21 2 9 8 8
split_gain=21.6732 19.8102 23.3654 23.0982 15.6221 13.1717 9.73505 9.55725 6.51834 10.0865 7.97782 4.95869 3.7313 3.33786 3.13842 2.42606 2.3917 0.87651
threshold=1.0000000180025095e-35 1.5000000000000002 1.0000000180025095e-35 9.487096309661867 2.5000000000000004 1.0000000180025095e-35 7.5947651863098153 1.0000000180025095e-35 1.7075929641723635 25.187794685363773 2.5000000000000004 0.26839189231395727 0.88161674141883861 12.634476184844972 1.2500000000000002 1.0000000180025095e-35 0.12599659711122516 6.5379424095153817
decision_type=10 10 2 2 10 2 8 2 8 10 8 2 2 10 2 10 10 10
left_child=1 2 3 5 11 -1 -4 -5 -2 10 -10 17 -12 15 -8 -6 -13 -3
right_child=8 4 6 7 13 -7 14 -9 9 -11 12 16 -14 -15 -16 -17 -18 -19
leaf_value=0.0052150452222552504 0.0053042045381791877 -0.0071473825157108897 0.0053042045381791877 0.00023860923929550949 -0.0071473825157108897 0.00023860923929550949 0.0053042045381791877 -0.0020089516481854412 0.027894836199046182 0.0053042045381791877 0.0076898406185390436 -0.00525235275927709 0.018296966265711614 -0.0071473825157108897 -0.0020089516481854412 -0.01473670968915404 -0.0020089516481854412 -0.0020089516481854412
leaf_weight=693.44832263886929 167.87484182976186 86.088995134457946 26.327658262103796 2863.8035527216271 13.298792014829813 193.31733670458198 11.185541424900292 186.11642180383205 13.970076154917477 45.037891659885645 44.625033220276237 178.70573419332504 19.962230071425438 30.225075310096145 693.35210778284818 54.386481208726764 1490.3404522445053 1.580102871172129
leaf_count=3826 1139 3176 228 45083 204 1162 68 2601 87 324 349 1896 93 470 9545 656 15824 56
internal_value=-2.21136e-05 -0.000260918 0.000433934 0.00106511 -0.00200895 0.00390431 -0.00200895 0.000238609 0.0053042 0.00990336 0.0144799 -0.00200895 0.0111972 -0.00995989 -0.00200895 -0.0127664 -0.00200895 -0.00714738
internal_weight=6813.65 6522.18 4667.55 3936.69 1854.63 886.766 730.865 3049.92 291.47 123.595 78.5573 1756.72 64.5873 97.9103 704.538 67.6853 1669.05 87.6691
internal_count=86787 84795 62513 52672 22282 4988 9841 47684 1992 853 529 20952 442 1330 9613 860 17720 3232
is_linear=0
shrinkage=0.02


Tree=189
num_leaves=21
num_cat=0
split_feature=12 46 1 25 40 0 10 11 13 15 11 1 22 42 14 11 1 0 6 15
split_gain=22.3861 20.434 21.7325 21.5221 22.2334 18.8737 18.43 10.2381 15.3787 13.3276 13.9765 8.78004 8.24382 5.63167 5.36593 5.29831 4.02459 2.78537 2.13328 0.83727
threshold=4.7435042858123788 1.0000000180025095e-35 0.37962783873081213 1.0000000180025095e-35 1.0000000180025095e-35 6.4050757884979257 3.5000000000000004 3.8300539255142216 0.46307615935802465 3.5000000000000004 20.618600845336918 0.72127985954284679 0.15413302183151248 1.0000000180025095e-35 1.0000000180025095e-35 16.84168910980225 0.30970521271228796 9.9927473068237322 1.0000000180025095e-35 3.5000000000000004
decision_type=10 2 2 2 2 2 8 10 10 10 10 2 10 2 10 10 2 2 2 10
left_child=1 2 12 4 -4 -5 7 8 11 10 -9 -2 13 -1 -10 -11 -14 -3 -8 -20
right_child=6 17 3 5 -6 -7 18 9 14 15 -12 -13 16 -15 -16 -17 -18 -19 19 -21
leaf_value=-0.0021234949702155651 -0.0087240110748818753 -0.0064703638805992851 0.0004442249837531871 0.0026874182402758322 0.0044368818217277884 -0.0021234949702155651 -0.0087240110748818753 0.0068649881466324612 0.01077730604806258 -0.0053024030920504322 -0.006804698919981032 0.0031811201728147763 -0.010351758444703102 -0.0080351551209825473 0.00075826802603779398 0.0085227385038148737 -0.004118187487820375 -0.022068527480422314 -0.0095747121928877812 -0.021565805971079467
leaf_weight=1492.1745106996968 60.175980620086193 7.4664423018693951 2112.6925935037434 341.04307845979929 757.18733831495047 965.38400395773351 34.100284888409078 526.19465821795166 40.392264015972614 61.785724172368646 30.941843700129539 28.145503520965576 64.526954704895616 74.804770101327449 44.568748373538256 12.529932867735623 119.62015344202518 17.906461514532566 7.3301144056022149 7.0916587579995394
leaf_count=37766 353 41 15779 1856 6048 11533 281 4647 215 632 1069 135 1608 2111 250 312 1991 168 73 72
internal_value=0.000102281 -0.000332149 -0.000253951 0.00053027 0.00149882 -0.00159691 0.00312995 0.00385463 -0.000449931 0.00503473 0.00609498 -0.00625903 -0.00212349 -0.00212349 0.00559149 -0.00288922 -0.00634661 -0.0178979 -0.00872401 -0.0164872
internal_weight=6806.06 5952.81 5927.43 4176.31 2869.88 1306.43 853.257 804.735 173.282 631.452 557.137 88.3215 1751.13 1566.98 84.961 74.3157 184.147 25.3729 48.5221 14.4218
internal_count=86940 78901 78692 35216 21827 13389 8039 7613 953 6660 5716 488 43476 39877 465 944 3599 209 426 145
is_linear=0
shrinkage=0.02


Tree=190
num_leaves=19
num_cat=0
split_feature=48 3 41 1 25 11 23 22 3 3 3 12 22 11 3 11 3 31
split_gain=23.1083 21.5257 20.6162 22.3823 20.8001 17.9739 13.7393 11.4744 11.4311 8.79695 14.2172 8.60377 8.08955 12.0348 7.6946 5.91454 5.09841 4.92886
threshold=1.0000000180025095e-35 23.349999427795414 1.0000000180025095e-35 0.27737425267696386 1.0000000180025095e-35 3.1568622589111333 1.0000000180025095e-35 0.56599611043930065 2.2500000000000004 23.94999980926514 25.250000000000004 3.3241581916809086 0.16024191677570346 9.9300494194030779 8.5500001907348651 36.496849060058601 4.9500000476837167 1.0000000180025095e-35
decision_type=2 2 2 2 2 8 2 8 2 2 2 10 8 10 2 8 2 2
left_child=1 2 3 14 -5 -2 7 -4 17 -3 -11 -8 13 -10 -1 -12 -14 -7
right_child=5 9 6 4 -6 8 11 -9 12 10 15 -13 16 -15 -16 -17 -18 -19
leaf_value=-0.0091797178502794445 -0.010790128554880181 0.031808226197168075 -0.012251028768216829 0.00076601354642125987 -0.0020757819687745923 0.0097612412556948146 -0.011936225870439361 0.0034236748608397422 0.024260550147608577 -0.017854834901180207 -0.00098482182940397181 -0.00048061561308993065 -0.0037436663056480803 -0.0020399073039415942 -0.0029650992221382246 0.017914482662740674 0.0055060038370154593 0.026892609968613562
leaf_weight=92.947770475409925 22.810446888208389 7.1761890091001979 23.421055517159402 4221.2483883146197 1361.7604554239661 14.796048201620579 129.21989382058382 78.477190123870969 19.006756652146581 5.9845043662935486 8.5361949242651445 32.945855076424778 28.192513510584831 10.448127843439577 541.65608763694763 27.083859154954553 134.31269762665033 14.803262799978256
leaf_count=4891 110 86 222 44795 14137 66 1263 665 135 168 115 302 136 119 18229 273 783 66
internal_value=-0.000238282 -0.000464611 -0.000565147 -0.000332218 7.26191e-05 0.0057873 -0.00602771 -0.000263163 0.00753483 0.012637 0.00866126 -0.00962609 0.00568909 0.0151707 -0.00388834 0.0134821 0.00388823 0.0189279
internal_weight=6774.83 6530.46 6481.68 6217.61 5583.01 244.37 264.064 101.898 221.559 48.7807 41.6046 162.166 191.96 29.4549 634.604 35.6201 162.505 29.5993
internal_count=86561 85146 84504 82052 58932 1415 2452 887 1305 642 556 1565 1173 254 23120 388 919 132
is_linear=0
shrinkage=0.02


Tree=191
num_leaves=13
num_cat=0
split_feature=3 19 12 43 1 0 3 3 22 3 13 2
split_gain=26.3481 23.753 20.3518 20.95 22.0186 8.32042 8.61142 8.9462 6.1801 5.63552 2.36758 1.52942
threshold=25.849999427795414 1.0000000180025095e-35 11.802836894989015 1.0000000180025095e-35 0.63330608606338512 31.6256217956543 32.850000381469734 28.349999427795414 0.24633492529392245 11.250000000000002 0.55153399705886852 2.8500000238418584
decision_type=2 10 10 2 2 2 2 2 8 2 10 2
left_child=1 2 3 4 -1 -2 7 -7 9 -4 11 -3
right_child=5 10 8 -5 -6 6 -8 -9 -10 -11 -12 -13
leaf_value=-0.0012617645228763439 0.035116239089599356 0.019702260801284417 -0.011415142449159815 0.010094234737432822 0.0011467963664378085 -0.018201882633541774 0.02126439080962203 0.01587143443267677 0.010094234737432822 0.0094965537284472431 0.010094234737432822 0.010599903991853706
leaf_weight=4210.9250488705002 7.6560834608972099 18.033532783389091 9.674211095087232 36.424693356268108 2372.9823360368609 5.5667396914213914 13.515885598957537 4.8246520087122917 50.85218448843807 8.9846323532983643 51.432708717882633 20.598812840878963
leaf_count=69370 73 87 77 287 16031 100 95 56 385 92 249 94
internal_value=3.48262e-05 -5.13658e-05 -0.000189444 -0.000303318 -0.000393625 0.0179821 0.0113055 -0.00237736 0.0100942 -0.00137485 0.0100942 0.0152388
internal_weight=6811.47 6779.91 6689.84 6620.33 6583.91 31.5634 23.9073 10.3914 69.511 18.6588 90.0651 38.6323
internal_count=86996 86672 86242 85688 85401 324 251 156 554 169 430 181
is_linear=0
shrinkage=0.02


Tree=192
num_leaves=20
num_cat=0
split_feature=27 2 25 2 3 38 7 2 3 3 3 2 3 3 8 21 8 38 3
split_gain=29.3451 23.5373 22.9665 19.4008 17.3853 18.4546 17.9761 15.9785 15.5077 12.9725 11.7981 16.6806 14.617 8.36366 6.48885 4.67161 2.49453 1.64486 0.324551
threshold=1.0000000180025095e-35 18.550000190734867 1.0000000180025095e-35 7.2500000000000009 13.34999990463257 1.0000000180025095e-35 1.5000000000000002 32.850000381469734 1.5500000119209292 39.250000000000007 14.750000000000002 19.750000000000004 13.949999809265138 16.650000572204593 10.445216178894045 20.155667304992679 4.031001329421998 1.0000000180025095e-35 9.1500000953674334
decision_type=2 2 2 2 2 2 10 2 2 2 2 2 2 2 10 8 8 2 2
left_child=9 2 4 8 6 -6 -2 15 -4 10 11 18 -13 -12 -15 16 -3 -17 -1
right_child=1 7 3 -5 5 -7 -8 -9 -10 -11 13 12 -14 14 -16 17 -18 -19 -20
leaf_value=0.021769509405512665 0.0017316611092975359 -0.017715036899344973 0.0049152331785970518 -0.0031162801224684784 -0.0031162801224684784 0.03380051099324044 -0.0031162801224684784 -0.017715036899344973 -0.0013631573081117844 0.038725956240470143 -0.018478197425540323 0.0058195173933612357 0.031064195465771924 -0.0022898849470941651 0.015166116167496415 -0.0031162801224684784 -0.0061014114092668792 -0.012503827167237327 0.038338269841574339
leaf_weight=7.576334707438944 3715.4153292104602 12.320570306852462 218.05249317735434 606.80209410376847 305.40266184508801 4.4707231372594824 279.10140372812748 29.034638135693967 557.86484795249999 4.4840403795242301 8.0289005413651449 95.022293603047729 4.0141501463949671 28.665026916190982 10.998688649386166 874.57123771402985 19.09146392531693 12.923764607869087 5.6881558634340763
leaf_count=72 29518 290 1269 8244 8234 99 2912 2173 4853 22 224 2007 104 525 153 25231 437 382 81
internal_value=7.12734e-06 -0.000200322 0.00028618 -0.00195537 0.00100653 -0.00311628 0.00136242 -0.00311628 0.000405286 0.00832629 0.00723904 0.0107522 0.00774836 -0.00108423 0.00280456 -0.00311628 -0.011147 -0.00311628 0.0310642
internal_weight=6799.53 6635.05 5687.11 1382.72 4304.39 309.873 3994.52 947.942 775.917 164.478 159.994 112.301 99.0364 47.6926 39.6637 918.907 31.412 887.495 13.2645
internal_count=86830 83642 55129 14366 40763 8333 32430 28513 6122 3188 3166 2264 2111 902 678 26340 727 25613 153
is_linear=0
shrinkage=0.02


Tree=193
num_leaves=17
num_cat=0
split_feature=19 48 1 6 49 36 42 11 25 8 40 11 34 3 21 3
split_gain=20.6006 18.1395 20.5054 33.0961 19.2125 18.5664 11.5006 11.0865 9.79224 6.10977 5.30437 4.83367 4.41965 3.68211 2.42458 0.0903964
threshold=1.0000000180025095e-35 1.0000000180025095e-35 0.44084164500236517 1.0000000180025095e-35 1.0000000180025095e-35 1.0000000180025095e-35 1.0000000180025095e-35 4.1239080429077157 1.0000000180025095e-35 2.8757803440093999 1.0000000180025095e-35 15.559178352355959 1.0000000180025095e-35 1.2500000000000002 30.578423500061039 4.8500001430511483
decision_type=10 2 2 2 2 2 2 8 2 8 2 10 2 2 10 2
left_child=1 2 6 4 -4 -5 8 10 -1 14 -3 -8 -11 -2 -9 -15
right_child=13 7 3 5 -6 -7 11 9 -10 12 -12 -13 -14 15 -16 -17
leaf_value=-0.0016618034908546615 0.01829534802656951 0.0037692746954781503 0.0025568093763126808 -0.0016618034908546615 -0.0016618034908546615 0.0095252632317458369 -0.0098206847200869446 -0.0027951890125686523 -0.009685915919058239 0.0095252632317458369 -0.010285245691473717 -0.0021361007798685796 0.002855502251432069 0.0095252632317458369 0.002855502251432069 0.01568295096152322
leaf_weight=2417.8426450490952 19.328776858747005 18.420311097055674 2303.7628536857665 1064.8910703659058 402.37413194030523 39.457314971834421 97.061899621970952 29.628799866884947 64.161972980946302 102.5223955065012 23.468741528689861 50.163721958640963 21.903103575110435 54.39275636523962 55.97591177560389 15.473459295928476
leaf_count=50545 92 88 16385 10242 2904 296 1786 167 1242 595 113 1471 125 256 355 77
internal_value=3.0776e-05 -9.71835e-05 -0.000303487 0.000633941 0.001847 -0.0016618 -0.0016618 0.00515681 -0.0016618 0.00702612 -0.00416112 -0.00723442 0.00952526 0.00952526 0.0028555 0.00952526
internal_weight=6780.83 6691.63 6439.72 3810.49 2706.14 1104.35 2629.23 251.919 2482 210.03 41.8891 147.226 124.425 89.195 85.6047 69.8662
internal_count=86739 86314 84871 29827 19289 10538 55044 1443 51787 1242 201 3257 720 425 522 333
is_linear=0
shrinkage=0.02


Tree=194
num_leaves=20
num_cat=0
split_feature=41 10 7 42 11 1 21 21 8 3 21 8 6 40 22 12 2 31 13
split_gain=23.7684 24.9697 20.954 20.9172 20.1212 12.4593 9.53936 9.01936 7.0205 5.80825 5.44141 5.00087 4.84294 4.20082 3.2781 3.04291 2.22853 1.87948 0.364537
threshold=1.0000000180025095e-35 1.0000000180025095e-35 1.0000000180025095e-35 1.0000000180025095e-35 8.608427047729494 0.68817996978759777 37.998870849609382 17.724540710449222 12.8563289642334 1.0000000180025095e-35 18.544945716857914 0.12599659711122516 1.0000000180025095e-35 1.0000000180025095e-35 0.50310695171356212 3.4885988235473637 17.050000190734867 1.0000000180025095e-35 1.1424670219421389
decision_type=2 8 10 2 8 2 10 8 10 2 8 10 2 2 10 10 2 2 10
left_child=1 7 3 4 -3 14 10 13 12 17 -7 -11 -9 -1 16 -12 -2 -4 -18
right_child=5 2 9 -5 -6 6 -8 8 -10 11 15 -13 -14 -15 -16 -17 18 -19 -20
leaf_value=0.0070008202913053102 -0.0095143220204906027 0.0041809007321528986 -0.0066499938088280929 -0.0021580611930201552 0.00052453700468325785 -0.0091726693803642519 -0.0095143220204906027 0.0041809007321528986 0.019342879982297032 -0.0062778537776430133 0.0015239234005171923 -0.0021580611930201552 0.012063073680466312 0.027324459386673872 -0.020322382854803998 0.010893645674002137 -0.017920303587061381 -0.018197149768502573 -0.0095143220204906027
leaf_weight=8.0923410598188639 114.73029654845595 712.3586629666388 16.312799916602671 275.18236939096823 3860.1182934083045 15.703573927283285 14.449150040745733 339.16064244136214 11.573899406939743 120.11918330285698 78.384519539773464 1137.2049541994929 30.521981675177813 9.5697382371872663 10.999940793961285 15.968457341194151 18.239445092156533 9.6318915383890289 3.279779494740068
leaf_count=85 1178 4516 170 2962 51716 80 85 5755 118 1643 401 16897 413 108 90 78 471 90 95
internal_value=0.000187767 0.000429321 0.000113456 0.000715092 0.00109496 -0.00559668 -0.000924493 0.00527138 0.00459287 -0.00215806 0.00137415 -0.00215806 0.0041809 0.0188868 -0.00951432 0.00320729 -0.00951432 -0.0114531 -0.0165765
internal_weight=6801.6 6529.85 6130.93 4847.66 4572.48 271.755 124.506 398.919 381.257 1283.27 110.057 1257.32 369.683 17.6621 147.249 94.353 136.25 25.9447 21.5192
internal_count=86951 84473 77994 59194 56232 2478 644 6479 6286 18800 559 18540 6168 193 1834 479 1744 260 566
is_linear=0
shrinkage=0.02


Tree=195
num_leaves=17
num_cat=0
split_feature=43 10 7 1 42 21 13 22 11 31 0 11 41 3 3 1
split_gain=22.217 20.8688 23.1071 22.6456 23.0457 11.8143 9.64415 9.02391 13.4065 7.54466 11.6183 6.93545 5.50328 3.74331 3.0888 1.24452
threshold=1.0000000180025095e-35 1.0000000180025095e-35 1.5000000000000002 0.25782336294651037 1.0000000180025095e-35 16.785550117492679 1.4955438971519472 0.20907738804817202 13.366374969482424 1.0000000180025095e-35 12.74009418487549 7.8452160358428964 1.0000000180025095e-35 10.949999809265138 10.949999809265138 0.4717105925083161
decision_type=2 8 10 2 2 8 8 10 8 2 2 8 2 2 2 2
left_child=1 5 3 -3 -5 6 -1 8 -7 10 -2 -11 14 -12 -4 -14
right_child=9 2 12 4 -6 7 -8 -9 -10 11 13 -13 15 -15 -16 -17
leaf_value=0.0333515999455921 0.038643857993741502 -0.004547077108206639 -0.004547077108206639 0.00063367671513619463 -0.004547077108206639 0.010133168901159964 0.00065987557003920961 0.00063367671513619463 0.0019394222753851094 -0.0091583247814008128 0.0027963033026504013 0.013842159737018318 -0.019325264643073076 0.019834921989973258 -0.010045922628373623 -0.0093961704687146163
leaf_weight=8.8535085227340424 8.2224577963352221 414.20756133692339 379.66407787660137 5132.7762751597911 343.55573327187449 133.02281991019845 5.7608779966831216 69.065787399187684 199.21642467565835 8.720672585070135 11.637933706864716 10.489124345593153 9.5677451426163334 8.8551037106662971 42.822629158385098 18.110732719302177
leaf_count=109 38 14934 5406 54586 3352 1038 45 533 4999 46 91 115 206 95 1182 161
internal_value=4.17702e-06 -9.30487e-05 -0.000377988 -4.38703e-05 0.000297502 0.00424135 0.0213324 0.00356746 0.00524062 0.013433 0.0197609 0.00346412 -0.00474022 0.010739 -0.00454708 -0.0133826
internal_weight=6804.55 6756.62 6340.7 5890.54 5476.33 415.919 14.6144 401.305 332.239 47.9253 28.7155 19.2098 450.165 20.493 422.487 27.6785
internal_count=86936 86551 79827 72872 57938 6724 154 6570 6037 385 224 161 6955 186 6588 367
is_linear=0
shrinkage=0.02


Tree=196
num_leaves=18
num_cat=0
split_feature=3 54 1 33 21 42 1 25 3 3 8 15 0 13 12 15 13
split_gain=21.515 19.4437 21.6758 18.648 20.812 12.6504 12.1337 11.5138 9.05915 13.541 8.59982 6.04932 5.87135 6.49828 4.50011 4.82838 0.684776
threshold=23.349999427795414 1.0000000180025095e-35 0.45716366171836859 1.0000000180025095e-35 48.914108276367195 1.0000000180025095e-35 1.4878956675529482 1.0000000180025095e-35 23.94999980926514 25.250000000000004 5.4091489315032968 4.5000000000000009 12.649308204650881 0.085936330258846297 3.1385765075683598 5.5000000000000009 0.63832309842109691
decision_type=2 2 2 2 10 2 2 2 2 2 10 10 2 8 8 8 10
left_child=1 2 5 4 -4 7 12 -1 -2 -10 -5 -7 13 -3 -11 -16 -14
right_child=8 6 3 10 -6 11 -8 -9 9 14 -12 -13 16 -15 15 -17 -18
leaf_value=-0.0010426228013165387 0.032340486227199997 0.0031938704684922022 0.0016964975317036671 -0.0010426228013165387 0.013085987186081935 -0.0082599246432399406 0.011613538557031835 -0.009982985488014769 -0.017640392774859043 0.02292533361580824 0.014506357436840808 -0.0010426228013165387 -0.018756687902112677 -0.0070238103683290523 -0.0082875874002452249 0.012567138273066816 -0.0090336348199264883
leaf_weight=2640.4423533380032 7.4496444985270491 28.48703246563673 2983.4041078686714 582.51436685025692 64.615718189626932 142.63868667930365 14.546008408069609 60.519268628209829 5.6069928649812928 12.70944210141897 15.904108185321091 21.819389957003295 15.554989147931339 171.96956076100469 5.0308753624558475 17.983299726620317 7.3377306573092929
leaf_count=52077 87 357 21800 4513 384 2869 64 1165 166 109 103 526 329 2065 84 191 162
internal_value=0.000149931 5.33082e-05 0.000258856 0.00128158 0.00194216 -0.00104262 -0.00555063 -0.00104262 0.0132501 0.00912644 -0.00104262 -0.00657338 -0.00671526 -0.00556312 0.0136936 0.00785304 -0.0161487
internal_weight=6798.53 6749.75 6511.86 3646.44 3048.02 2865.42 237.895 2700.96 48.7803 41.3306 598.418 164.458 223.349 200.457 35.7236 23.0142 22.8927
internal_count=87051 86414 83437 26800 22184 56637 2977 53242 637 550 4616 3395 2913 2422 384 275 491
is_linear=0
shrinkage=0.02


Tree=197
num_leaves=27
num_cat=0
split_feature=10 7 11 42 3 3 22 41 22 21 3 22 21 8 21 6 21 23 7 21 8 3 28 24 42 10
split_gain=21.7781 26.5033 18.6543 12.7244 11.1008 13.9429 10.865 10.7774 10.5782 10.4336 6.91137 26.284 12.7937 11.6181 6.80292 6.54583 6.49021 6.43356 6.24013 5.80076 14.5979 5.27561 2.933 2.77309 2.65101 0.706605
threshold=1.5000000000000002 1.5000000000000002 10.630608558654787 1.0000000180025095e-35 1.7500000000000002 1.2500000000000002 0.53643181920051586 1.0000000180025095e-35 0.54415640234947216 18.757265090942386 17.750000000000004 0.057386787608265884 41.140855789184577 10.445216178894045 19.377722740173343 1.0000000180025095e-35 19.772359848022464 1.0000000180025095e-35 2.5000000000000004 15.54612970352173 4.9012579917907724 4.5499999523162851 1.0000000180025095e-35 1.0000000180025095e-35 1.0000000180025095e-35 5.5000000000000009
decision_type=8 10 8 2 2 2 10 2 8 8 2 10 8 10 10 2 8 2 8 8 8 2 2 2 2 8
left_child=2 3 4 7 5 16 9 15 25 -6 19 13 -13 -12 -7 -2 -1 -9 -3 20 -4 24 -21 -23 -20 -5
right_child=1 18 10 8 6 14 -8 17 -10 -11 11 12 -14 -15 -16 -17 -18 -19 21 22 -22 23 -24 -25 -26 -27
leaf_value=0.019225226270373187 -0.00014752505468250364 -0.0044054933250098852 -0.00014752505468250364 0.0041474591593154654 0.015546439893225303 0.03126057121313195 -0.00014752505468250364 -0.00014752505468250364 -0.0062404380556808775 0.0038785774702566763 -0.00014752505468250364 0.051687177506670755 0.008908904596744191 0.017631373646808605 0.010866225761417799 -0.0017207042761976125 0.0035401019064464664 -0.0062404380556808775 -0.015462906117817985 -0.00014752505468250364 0.03651452722396676 -0.0044054933250098852 0.0051465385758128436 -0.015385893620839142 -0.0044054933250098852 -0.00014752505468250364
leaf_weight=11.539890602231024 3404.4747047200799 224.34567238297313 13.590255046263339 44.170399649068713 31.955436378717422 14.687757410109045 89.625773325562477 68.863530240021646 203.34704425744712 473.20587900839746 35.232568429782987 5.6417036857455942 5.7001094454899439 13.705422065220771 14.003232464194296 1218.7515363609418 71.600988153368235 101.57973742298782 54.57289507612586 562.99055027076975 5.265300601720809 21.233715583570302 63.968152772635221 8.5797784058377164 7.9888831786811343 27.22352882893756
leaf_count=60 42709 3049 180 527 218 81 535 538 2161 3447 1077 196 191 161 78 15082 392 864 676 12440 79 391 1324 142 83 345
internal_value=-5.7114e-05 -0.000636978 0.00215216 -0.00028566 0.0044471 0.0102058 0.00334904 -0.000147525 -0.00448451 0.00464592 -0.000147525 0.00656916 0.0326517 -8.50167e-06 0.0220079 -0.000147525 0.0059198 -0.00519175 -0.00624044 -0.000147525 0.0112561 -0.0106019 -0.000147525 -0.00440549 -0.0138876 -0.000147525
internal_weight=6797.84 5385.13 1412.71 5068.41 706.619 111.832 594.787 4793.67 274.741 505.161 706.094 60.2798 11.3418 48.938 28.691 4623.23 83.1409 170.443 316.721 645.814 18.8556 92.3753 626.959 29.8135 62.5618 71.3939
internal_count=87026 66567 20459 62226 4811 611 4200 59193 3033 3665 15648 1625 387 1238 159 57791 452 1402 4341 14023 259 1292 13764 533 759 872
is_linear=0
shrinkage=0.02


Tree=198
num_leaves=16
num_cat=0
split_feature=19 8 7 11 32 21 8 8 11 21 11 8 22 11 16
split_gain=20.5466 17.5867 22.1974 18.6974 19.2003 13.7161 10.6491 10.1089 5.13811 4.79532 4.61847 4.25504 4.41342 1.89377 0.652634
threshold=1.0000000180025095e-35 3.7363115549087529 1.0000000180025095e-35 8.608427047729494 1.0000000180025095e-35 17.724540710449222 11.266999721527101 0.12599659711122516 19.453662872314457 17.289080619812015 14.103621006011965 2.1260362863540654 0.46112260222435003 5.3906736373901376 1.0000000180025095e-35
decision_type=10 10 10 8 2 8 8 10 10 10 10 8 10 8 10
left_child=1 2 3 9 -5 -3 8 10 -7 -1 -4 -2 14 -9 -13
right_child=11 5 7 4 -6 6 -8 13 -10 -11 -12 12 -14 -15 -16
leaf_value=0.004828922548977722 0.004828922548977722 0.0092726444571916682 -0.0067898711152189753 0.00012409906164537708 -0.0030721071663958274 0.0025687885497295833 0.0092726444571916682 -0.0004363103511534347 0.00012409906164537708 0.0015362974177872679 -0.016758800042027424 0.012438939206868567 0.0092726444571916682 -0.0030721071663958274 0.019364473960179159
leaf_weight=329.81865878030658 31.845490366220474 49.423535639420152 108.27595430612564 3392.8961124727502 645.6403575069271 535.32211744971573 28.256075239740312 186.92073920369148 208.56303580105305 383.3535641990602 22.485601604450494 18.681909002363682 17.200381547212601 811.91830018116161 24.724476158618927
leaf_count=2012 148 475 1130 45184 8184 5152 415 1174 6394 2530 638 94 83 13145 119
internal_value=-4.05687e-05 -0.000170389 -0.000553399 4.58819e-05 -0.000487659 0.00256879 0.00256879 -0.00307211 0.00130208 0.00256879 -0.0086183 0.00927264 0.012442 -0.00307211 0.016731
internal_weight=6795.33 6702.87 5881.31 4751.71 4038.54 821.565 772.141 1129.6 743.885 713.172 130.762 92.4523 60.6068 998.839 43.4064
internal_count=86877 86433 73997 57910 53368 12436 11961 16087 11546 4542 1768 444 296 14319 213
is_linear=0
shrinkage=0.02


Tree=199
num_leaves=13
num_cat=0
split_feature=0 18 21 27 12 15 3 22 3 14 3 21
split_gain=20.551 20.5902 18.6073 18.5592 19.0436 6.78549 6.17875 7.26123 3.7412 3.73194 3.68135 14.3474
threshold=3.9083231687545781 1.0000000180025095e-35 14.70293712615967 1.0000000180025095e-35 6.6955211162567148 3.5000000000000004 0.65000000596046459 0.97989431023597728 1.1500000357627871 1.0000000180025095e-35 2.1499999761581425 11.992141246795656
decision_type=2 10 8 2 10 8 2 10 2 8 2 10
left_child=6 2 10 5 -5 -4 -1 8 -8 -10 11 -2
right_child=1 -3 3 4 -6 -7 7 -9 9 -11 -12 -13
leaf_value=0.0050136458019355568 -0.011696084960602536 0.0050136458019355568 -0.0088593151912038457 -0.0011302743433553315 0.0037669608679264722 0.0050136458019355568 0.019682118923315343 0.0050136458019355568 0.019365803574723121 0.0077529432323232223 0.0050136458019355568 0.0050136458019355568
leaf_weight=37.76727432012558 25.953443836420774 282.6947014015168 14.022171219810842 5684.3864806760103 335.44827836751938 152.22492425329983 25.051862478256226 24.372930124402046 13.991845555603502 55.535609647631645 111.76384205371141 24.719844568520784
leaf_count=160 169 1946 415 77062 2588 2826 108 108 76 235 929 174
internal_value=-8.83619e-05 -0.000258028 -0.000493524 -0.000672497 -0.000856801 0.00501365 0.00704676 0.010137 0.0129882 0.0103314 0.00501365 -0.000825324
internal_weight=6787.93 6631.21 6348.52 6186.08 6019.83 166.247 156.72 118.952 94.5793 69.5275 162.437 50.6733
internal_count=86796 86109 84163 82891 79650 3241 687 527 419 311 1272 343
is_linear=0
shrinkage=0.02


Tree=200
num_leaves=21
num_cat=0
split_feature=48 8 15 35 1 27 0 3 1 22 22 11 3 3 3 22 13 11 9 8
split_gain=22.1957 20.9401 19.6558 28.2247 25.2187 20.0777 16.6607 13.9609 13.6182 9.13801 8.96834 8.10479 8.57562 7.86828 11.5936 5.74414 4.37998 3.47942 3.08865 1.32083
threshold=1.0000000180025095e-35 1.2613920569419863 1.5000000000000002 1.0000000180025095e-35 0.2819118350744248 1.0000000180025095e-35 15.561008930206301 0.75000000000000011 0.63330608606338512 0.03953609615564347 0.086948394775390639 7.4067394733428964 12.750000000000002 10.250000000000002 7.0499999523162851 0.15111033618450168 0.5589941442012788 25.399427413940433 2.5000000000000004 1.1045686006546023
decision_type=2 8 8 2 2 2 2 2 2 8 10 8 2 2 2 8 10 10 10 8
left_child=1 8 4 5 10 -4 -5 -2 17 -6 -3 13 15 14 -9 -13 -14 18 -1 -19
right_child=7 2 3 6 9 -7 -8 11 -10 -11 -12 12 16 -15 -16 -17 -18 19 -20 -21
leaf_value=-0.0056510588615760237 0.02626607568198475 -0.0056510588615760237 0.0064751347412551332 0.011392949456565318 0.025815282176812851 -0.00060764434186892679 0.00070483314655486176 0.0034113732775162115 -0.00061766451240437661 0.0052569762334775958 0.0052569762334775958 0.023157025932460901 -0.010877866422432578 0.011130797140352011 -0.01248786619770164 0.0082608082424553853 0.010221556977647636 -0.018713634745381333 -0.011557405225475704 -0.0056510588615760237
leaf_weight=350.73278205003589 11.950819723308085 85.573177779093385 164.82787561416626 132.09179360046983 7.8737583849579087 4628.9441872029565 104.11325686890632 48.194957055151463 464.17567640915513 512.22786027938128 29.72574417758733 10.898039501160381 12.761333525180818 20.441776446998119 28.319972209632397 113.5703904516995 4.6175253689289084 10.627275617327538 36.855802169069648 1.7748573962599046
leaf_count=5625 53 3568 3065 879 144 59199 1734 212 3621 5320 1040 69 158 114 134 635 62 565 573 95
internal_value=0.000171491 -5.31761e-05 0.000389327 -2.96575e-05 0.00370094 -0.000362812 0.00670473 0.00599871 -0.00295128 0.00561715 -0.00295128 0.00487913 0.0079084 0.00041184 -0.00255849 0.00973924 -0.00502066 -0.00565106 -0.00565106 -0.0159578
internal_weight=6780.3 6529.54 5665.38 5029.98 635.401 4793.77 236.205 250.755 864.166 520.102 115.299 238.804 141.847 96.9567 76.5149 124.468 17.3789 399.991 387.589 12.4021
internal_count=86865 85428 74949 64877 10072 62264 2613 1437 10479 5464 4608 1384 924 460 346 704 220 6858 6198 660
is_linear=0
shrinkage=0.02


Tree=201
num_leaves=20
num_cat=0
split_feature=10 7 31 35 2 1 42 0 5 33 2 10 7 3 24 3 31 22 42
split_gain=24.2475 22.7862 17.4419 15.9237 14.7901 12.5893 12.5143 10.7793 9.25756 8.07723 9.72237 7.65127 5.38547 8.74804 5.69724 4.91188 3.0086 1.07904 0.00397459
threshold=1.5000000000000002 1.0000000180025095e-35 1.0000000180025095e-35 1.0000000180025095e-35 18.550000190734867 0.92739912867546093 1.0000000180025095e-35 9.487096309661867 1.0000000180025095e-35 1.0000000180025095e-35 7.9500000476837167 1.0000000180025095e-35 2.5000000000000004 3.0499999523162846 1.0000000180025095e-35 0.35000000894069677 1.0000000180025095e-35 1.3705580830574038 1.0000000180025095e-35
decision_type=8 10 2 2 2 2 2 2 2 2 2 10 10 2 2 2 2 8 2
left_child=7 2 3 5 6 -2 -4 8 9 10 -1 -5 15 17 -15 -3 -10 -14 -6
right_child=1 12 4 11 18 -7 -8 -9 16 -11 -12 -13 13 14 -16 -17 -18 -19 -20
leaf_value=0.016048280948457189 -0.0021679470574863338 -0.0092111226613932583 0.0023197063541848468 0.0059387222811796633 -0.0027347863325653961 0.0011335858707909009 -0.0029461216070216793 0.0023197063541848468 0.0060475785895656243 0.0023197063541848468 0.0033238649386340036 -0.0019664950396822982 -0.018359667981226256 -0.0029461216070216793 -0.01630718211178759 -0.0029461216070216793 0.0023197063541848468 -0.011010740821525958 -0.0029461216070216793
leaf_weight=79.036617524921894 2054.8223441662267 49.283142386935651 1238.703132988885 199.72883468586951 228.93445854261518 595.21225374191999 65.607697760686278 1136.1643300130963 88.487333908677101 16.07101771235466 35.206002738326788 64.229214412160218 16.878668582066894 34.694183870218694 12.258378985337911 798.13266732031479 59.839563142508268 31.253522123210132 4.957836313173174
leaf_count=425 29280 463 11354 2198 6652 3193 574 18863 503 89 207 698 222 582 176 10717 318 348 162
internal_value=-9.80248e-06 -0.000621053 -2.27375e-05 -0.000932166 0.00169958 -0.00142626 0.00231971 0.00231971 0.00624883 0.0101205 0.0121899 0.00231971 -0.00344436 -0.00794088 -0.00294612 -0.00294612 0.00280236 -0.013909 -0.00294612
internal_weight=6809.5 5394.7 4452.2 2913.99 1538.2 2650.03 1304.31 1414.8 278.641 130.314 114.243 263.958 942.501 95.0848 46.9526 847.416 148.327 48.1322 233.892
internal_count=87024 66619 54111 35369 18742 32473 11928 20405 1542 721 632 2896 12508 1328 758 11180 821 570 6814
is_linear=0
shrinkage=0.02


Tree=202
num_leaves=18
num_cat=0
split_feature=43 1 32 49 25 2 35 31 2 0 3 3 11 11 1 11 11
split_gain=18.7829 17.4513 24.9577 25.0389 24.6455 16.2165 13.2051 11.3352 11.0644 10.5341 10.1159 7.36959 6.19512 5.37627 5.34858 4.46476 3.6252
threshold=1.0000000180025095e-35 0.91811931133270275 1.0000000180025095e-35 1.0000000180025095e-35 1.0000000180025095e-35 1.2500000000000002 1.0000000180025095e-35 1.0000000180025095e-35 6.8500001430511483 12.74009418487549 8.4499998092651385 1.7500000000000002 14.936033248901369 12.570576190948488 0.3244475275278092 7.8452160358428964 41.249156951904304
decision_type=2 2 2 2 2 2 2 2 2 2 2 2 10 8 2 8 8
left_child=1 2 3 4 -1 -3 11 9 14 -2 -10 -7 -5 -11 -4 -9 -15
right_child=7 5 8 12 -6 6 -8 15 10 13 -12 -13 -14 16 -16 -17 -18
leaf_value=0.00090104622121375854 0.03835778714797252 0.019503120125330512 -0.0038575708698687641 -0.0051567206065800822 -0.0047006459092318589 0.0034757872969934846 0.015926331050177087 -0.010283973616323445 -0.0038575708698687641 0.0014368645226986831 -0.010323468975970852 0.00090104622121375854 0.00090104622121375854 0.032527670019873667 0.00090104622121375854 0.0088053224849851987 0.0082539135108751736
leaf_weight=4037.9237693618052 7.969316020607951 20.222158573567867 25.092646973207593 421.53213293291628 339.67210091277957 510.10934391617775 25.077875524759293 8.3372631743550318 432.98603763245046 10.982963472604753 124.68551672901958 615.0990327000618 17.96125790849328 4.8340114541351769 139.74526561424136 9.3159735118970257 5.8683825712651023
leaf_count=59654 37 97 417 3879 4074 2770 110 44 6962 64 3169 3317 266 62 1645 102 73
internal_value=4.63303e-05 -4.31241e-05 -0.000512049 8.1656e-06 0.000465418 0.00217467 0.00185336 0.0124727 -0.00397562 0.0198247 -0.00531912 0.00152585 -0.00453704 0.0116232 0.000574319 -0.000278166 0.0210605
internal_weight=6757.42 6710.11 5539.6 4817.09 4377.6 1170.51 1150.29 47.3079 722.509 29.6547 557.672 1125.21 439.493 21.6854 164.838 17.6532 10.7024
internal_count=86742 86360 80066 67873 63728 6294 6197 382 12193 236 10131 6087 4145 199 2062 146 135
is_linear=0
shrinkage=0.02


Tree=203
num_leaves=20
num_cat=0
split_feature=43 42 7 2 32 11 21 22 13 23 1 8 22 11 21 1 11 22 1
split_gain=17.7592 16.5336 18.7811 18.7466 21.1111 12.6242 10.0217 22.2172 7.02799 7.09098 6.8837 7.65774 6.72176 5.92489 4.98166 4.40041 3.789 0.451278 0.233953
threshold=1.0000000180025095e-35 1.0000000180025095e-35 1.0000000180025095e-35 4.9500000476837167 1.0000000180025095e-35 7.9334669113159189 15.266884326934816 0.33184885978698736 5.725156545639039 1.0000000180025095e-35 1.2056658864021303 1.3002981543540957 0.025537464767694477 19.329535484313968 11.992141246795656 0.29868169128894811 4.2677376270294198 1.3705580830574038 0.22245679050683978
decision_type=2 2 8 2 2 8 8 10 10 2 2 10 8 8 10 2 8 10 2
left_child=1 2 8 17 -5 -2 7 14 12 -10 11 -8 -1 -7 -3 18 -12 -4 -15
right_child=5 6 3 4 -6 13 10 -9 9 -11 16 -13 -14 15 -16 -17 -18 -19 -20
leaf_value=0.012609078245514696 0.00068505442433608335 0.01053183235901348 0.0023490146928684561 -1.032660692317332e-06 -0.0038367654531038199 0.033703164258796499 -0.0080485189038893377 -0.012170216723595272 0.0023490146928684561 0.025619830717353791 -0.0014112778979530557 -0.0023546311445051533 0.0023490146928684561 -0.0032197565469713535 0.032795289681159766 0.020844069998670559 0.011814833726643423 -1.032660692317332e-06 0.0034393577610729847
leaf_weight=24.953687596600503 20.409734845161438 10.254115674644714 493.1648020055145 3483.5262230639346 686.16787028731778 9.5454475842416304 182.63528836751357 12.859413797035812 10.361976869404316 9.449311813339591 20.168465614318848 197.04095155838877 1551.0814224006608 3.4709143079817322 7.6378398723900309 9.5694091692566854 13.947404623031614 27.415535539388657 2.9975526817142963
leaf_count=600 106 80 3406 49438 10403 81 2286 72 63 62 89 2695 16913 87 87 59 60 129 43
internal_value=0.000297371 0.000211795 0.000475603 -0.000162182 -0.000633012 0.0125496 -0.00351132 0.00734251 0.00234901 0.0139828 -0.00433369 -0.0051075 0.00234901 0.021633 0.0212687 0.0128926 0.00417835 0.00234901 -8.65294e-05
internal_weight=6776.66 6730.66 6286.12 4690.27 4169.69 45.9931 444.543 30.7514 1595.85 19.8113 413.792 379.676 1576.04 25.5833 17.892 16.0379 34.1159 520.58 6.46847
internal_count=86759 86383 81014 63376 59841 376 5369 239 17638 125 5130 4981 17513 270 167 189 149 3535 130
is_linear=0
shrinkage=0.02


Tree=204
num_leaves=28
num_cat=0
split_feature=42 1 41 25 1 1 3 3 3 3 1 13 11 9 3 23 15 1 3 3 3 1 13 2 15 25 13
split_gain=18.83 19.3014 20.4198 23.8498 37.3702 17.7139 12.3731 11.5284 10.6538 10.9765 9.8112 9.80176 8.0279 9.42904 9.67418 7.73555 6.57845 4.97809 4.12081 3.54243 5.14969 3.41373 3.78499 3.26807 1.99599 1.12457 0.270218
threshold=1.0000000180025095e-35 1.6381919384002688 1.0000000180025095e-35 1.0000000180025095e-35 0.60486513376235973 0.25782336294651037 7.2500000000000009 0.94999998807907116 12.050000190734865 13.150000095367433 0.68817996978759777 0.92870309948921215 4.4195518493652353 1.0000000180025095e-35 6.5499999523162851 1.0000000180025095e-35 4.5000000000000009 0.78503802418708812 8.4499998092651385 8.0500001907348651 8.2500000000000018 1.0145362019538882 1.0385599732398989 1.8499999642372134 2.5000000000000004 1.0000000180025095e-35 0.38082408905029302
decision_type=2 2 2 2 2 2 2 2 2 2 2 10 8 8 2 2 10 2 2 2 2 2 10 2 10 2 10
left_child=1 2 3 5 -5 -1 12 25 19 11 18 -10 21 17 -15 -12 23 -14 -4 -8 -21 26 -23 -9 -11 -3 -2
right_child=6 7 10 4 -6 -7 8 16 9 24 15 -13 13 14 -16 -17 -18 -19 -20 20 -22 22 -24 -25 -26 -27 -28
leaf_value=-0.0025517058351821257 -0.017673626186827676 0.0072225669993354934 -0.010980962666045972 -0.0087774574098751935 -0.00032059948427732047 0.0014797852899287869 -0.020733088774292061 0.020156856750104844 0.0020269144719106602 -0.011968113892981563 0.0014797852899287869 0.037672106311905942 0.0076744465279631885 -0.0033895467784556665 0.0076744465279631885 -0.0056655439497822228 0.0014797852899287869 0.022767983372040709 -0.0056655439497822228 0.0099187642805797192 -0.011637054063153636 0.0013476215357719065 -0.011959703589023915 0.010872959414604635 0.00046053295442682088 0.0014797852899287869 -0.011959703589023915
leaf_weight=486.34226801246405 11.361822918057443 21.504374399781227 106.28957649879158 259.656957115978 1055.2775101065636 4139.8383529987186 17.22132880333811 27.189932212233543 9.0965461656451208 15.080107277259232 42.962830103933811 3.7681075260043135 39.407203242182732 198.71713234717026 15.221343858167527 72.626974232494831 14.823780946433542 7.9991189688444129 42.515794494189322 3.9691668553277841 75.247050017118454 19.647797092795372 13.896684169769285 45.797604270279408 7.5106767769902936 18.768394410610199 10.941379085183142
leaf_count=17170 64 90 1199 4546 9643 47024 236 130 167 547 218 77 568 1828 181 389 67 40 679 53 1198 87 63 198 252 80 62
internal_value=1.59036e-05 0.000296754 0.000137506 0.000379907 -0.00199596 0.0010555 -0.00393688 0.00795128 -0.00906163 0.00031711 -0.00529029 0.0144316 -0.00178415 -0.000301364 -0.00209619 -0.000904283 0.0121014 0.00767445 -0.0086685 -0.0124776 -0.0104468 -0.00859565 -0.00435191 0.0145572 -0.00799164 0.00147979 -0.0145177
internal_weight=6782.68 6333.59 6205.51 5941.12 1314.93 4626.18 449.085 128.084 131.893 35.4554 264.395 12.8647 317.192 261.345 213.938 115.59 87.8113 47.4063 148.805 96.4375 79.2162 55.8477 33.5445 72.9875 22.5908 40.2728 22.3032
internal_count=86856 81433 80868 78383 14189 64194 5423 565 2530 1043 2485 244 2893 2617 2009 607 395 608 1878 1487 1251 276 150 328 799 170 126
is_linear=0
shrinkage=0.02


Tree=205
num_leaves=23
num_cat=0
split_feature=42 1 49 32 0 0 34 2 2 35 22 1 11 34 8 0 12 36 11 0 13 11
split_gain=16.8453 16.536 20.5325 25.0829 21.7968 12.7473 13.342 11.5538 9.95899 9.36518 9.25581 14.001 10.4782 9.9693 8.26359 4.47293 4.10184 3.9752 3.90738 3.86821 1.67977 0.646596
threshold=1.0000000180025095e-35 0.91811931133270275 1.0000000180025095e-35 1.0000000180025095e-35 15.033463001251222 9.9927473068237322 1.0000000180025095e-35 1.2500000000000002 11.84999990463257 1.0000000180025095e-35 0.59511893987655651 0.594089835882187 4.810582399368287 1.0000000180025095e-35 1.3002981543540957 7.4829804897308358 0.078593701124191298 1.0000000180025095e-35 7.325024127960206 5.8774940967559823 0.71672067046165477 15.034293651580812
decision_type=2 2 2 2 2 2 2 2 2 2 10 2 10 2 10 2 8 2 8 2 10 10
left_child=1 2 3 4 -1 6 -4 -3 -5 16 11 14 19 -14 17 20 -9 -2 -7 -13 -12 -16
right_child=10 7 5 8 -6 18 -8 9 -10 -11 15 12 13 -15 21 -17 -18 -19 -20 -21 -22 -23
leaf_value=0.0024445442527273125 -0.010945167478271026 0.018072507453423918 0.0026210224632091258 -0.0015893671977569943 -0.00046103519178014699 -0.016697302557742554 -0.0072099418808057401 0.0092136146983393657 -0.00686185377994342 0.015490902451767683 -0.001305847328554142 0.0044192210372246098 0.0040455738413895763 0.023458997192303103 -0.0023704326655433318 -0.019630879246288393 0.0026210224632091258 -0.0023704326655433318 -0.0072099418808057401 -0.0023704326655433318 -0.011357483336763136 -8.7011226646860701e-05
leaf_weight=1904.1969545781612 100.96027027163655 18.386136785149574 133.58620512112975 422.68543407320976 2254.5937392278574 16.941751006990671 45.94775065779686 44.76455183327198 216.47646785993129 22.165242850780487 13.243099093437197 32.812697485089302 47.515830747783184 12.841475553810595 88.513925277628005 18.168167881667614 1018.9258215278387 5.0005694166757158 230.05231622979045 60.979059413075447 12.981605157256125 49.682152000255883
leaf_count=14791 1748 88 1106 5753 45651 143 356 269 4967 96 60 146 333 80 1028 124 5545 81 2661 370 60 1370
internal_value=0.000134453 0.000398502 -7.16592e-05 0.000302513 0.000869618 -0.00427153 -0.00021147 0.00262102 -0.00338302 0.00262102 -0.00363272 -0.00264998 0.00206134 0.00849094 -0.00562075 -0.0121976 0.00262102 -0.00979809 -0.00720994 -0.00212219 -0.00651596 -0.00237043
internal_weight=6771.42 6328.72 5224.48 4797.95 4158.79 426.528 179.534 1104.24 639.162 1085.86 442.699 398.306 154.149 60.3573 244.157 44.3929 1063.69 105.961 246.994 93.7918 26.2247 138.196
internal_count=86826 81426 75428 71162 60442 4266 1462 5998 10720 5910 5400 5156 929 413 4227 244 5814 1829 2804 516 120 2398
is_linear=0
shrinkage=0.02


Tree=206
num_leaves=18
num_cat=0
split_feature=43 27 2 25 1 49 2 3 1 3 11 0 11 11 22 38 6
split_gain=19.7371 18.047 23.8768 21.3393 23.6829 18.6753 15.3763 10.7895 13.2742 13.7824 8.54705 5.40761 5.49224 8.77988 5.52557 4.22315 0.00210295
threshold=1.0000000180025095e-35 1.0000000180025095e-35 18.550000190734867 1.0000000180025095e-35 0.64773565530776989 1.0000000180025095e-35 32.850000381469734 39.250000000000007 0.27044226229190832 11.050000190734865 25.830429077148441 12.080355644226076 7.9334669113159189 19.329535484313968 0.3355752974748612 1.0000000180025095e-35 1.0000000180025095e-35
decision_type=2 2 2 2 2 2 2 2 2 2 8 2 8 8 8 2 2
left_child=1 7 3 5 -5 -3 15 8 10 -10 -1 -2 -13 -14 -15 -4 -8
right_child=11 2 6 4 -6 -7 16 -9 9 -11 -12 12 13 14 -16 -17 -18
leaf_value=-0.018783806218090573 0.025582554237088502 0.0013717745580130176 -0.0031971165360701399 -0.0031971165360701399 0.00015074118528946723 -0.0031971165360701399 -0.019517318779218192 0.031260915575389916 0.0078567749618452514 0.033344949340135946 0.0018464382015206755 -0.00061921706248648585 0.025582554237088502 -0.010624475835725906 0.013798818237647852 -0.014955685026132899 -0.014955685026132899
leaf_weight=7.9842455685138694 9.8398795798420888 3905.8977146614343 884.44425956904888 314.96239924989641 1046.7986225299537 369.66682271845639 23.360285386908807 5.730963170528411 72.710612513124943 8.8252699524164182 74.876878624781966 14.538424268364905 8.0874322019517439 5.2797309756278965 8.2017661612480879 12.678245835937558 3.1607308918610206
leaf_count=178 47 37882 25853 5413 8877 2690 1881 27 1052 118 1832 77 72 72 103 384 238
internal_value=3.90867e-05 -5.10383e-05 -0.000218243 0.000270309 -0.00190919 0.000964758 -0.00319712 0.0063608 0.00530901 0.0109861 -0.000341712 0.0129619 0.00892584 0.015102 0.0041608 -0.00319712 -0.0181589
internal_weight=6777.04 6731.1 6560.97 5637.33 1361.76 4275.56 923.644 170.128 164.397 81.5359 82.8611 45.9472 36.1074 21.5689 13.4815 897.123 26.521
internal_count=86796 86425 83218 54862 14290 40572 28356 3207 3180 1170 2010 371 324 247 175 26237 2119
is_linear=0
shrinkage=0.02


Tree=207
num_leaves=24
num_cat=0
split_feature=42 43 12 1 8 3 35 3 22 8 11 12 3 11 22 10 11 22 22 3 3 22 11
split_gain=24.6937 21.1794 18.3208 21.5678 29.6105 17.4732 15.523 15.0789 14.0082 10.463 11.4553 9.85377 9.42097 8.54508 8.25071 6.19161 5.92093 5.589 4.71246 3.42593 8.93948 4.67778 0.557151
threshold=1.0000000180025095e-35 1.0000000180025095e-35 4.4654631614685067 0.91811931133270275 2.0349208116531377 7.0499999523162851 1.0000000180025095e-35 6.0499999523162851 0.33895027637481695 3.1112880706787114 4.810582399368287 11.802836894989015 10.949999809265138 7.5947651863098153 0.36446468532085424 1.5000000000000002 19.329535484313968 0.3355752974748612 0.42498907446861273 8.0500001907348651 8.2500000000000018 0.19518794119358066 13.260435104370119
decision_type=2 2 10 2 8 2 2 2 10 10 10 10 2 8 8 8 8 8 10 2 2 8 8
left_child=1 2 3 4 -1 7 -5 9 15 18 -11 12 -4 -3 -13 -9 -15 -18 -2 22 -21 -22 -7
right_child=5 13 11 6 -6 19 -8 8 -10 10 -12 14 -14 16 -16 -17 17 -19 -20 20 21 -23 -24
leaf_value=-0.0046371483588928692 -0.005658457137349495 0.0031644098999291698 0.0033737963104286477 0.0019753841162503368 -0.00017723472386305795 -0.022071156273674633 0.019986053820490277 0.019041718371109316 0.031099848455540115 -0.005658457137349495 0.0093097807992326143 0.0017614767661448569 -0.0019958691080540882 0.032301252980159102 0.016420088618016415 -0.0031276875701705827 -0.0044476226618475655 0.0194017984993776 -0.011552594424560709 0.017232247984062841 -0.0023550626627958111 -0.012530467838869306 -0.012238278540734497
leaf_weight=708.9645106443204 157.3967187423259 19.39906407147646 623.23519071005285 1010.0705394744873 3692.572508319281 10.918628234416248 18.528059095144272 5.7232518768869367 8.5160937234759313 14.25427123904228 43.512079641222954 26.364897057414055 164.58646140899509 10.149920471012594 36.702121627517045 19.310021413490176 5.2287888545542982 11.689872205257414 54.180083140730858 4.039582807570695 23.641220652963966 83.808765009045601 9.5669986847788078
leaf_count=11209 1484 100 4987 5539 55871 101 81 95 62 68 534 189 2919 85 275 229 69 127 332 52 527 1679 176
internal_value=-7.58922e-05 0.000241249 0.000140644 -0.000287104 -0.000896492 -0.00468038 0.00231891 -0.00201968 0.0104328 -0.00360362 0.00389073 0.00286754 0.00225089 0.0135505 0.0104153 0.00247756 0.0206159 0.0121942 -0.00565846 -0.0107258 -0.00919091 -0.010334 -0.0182624
internal_weight=6762.36 6327.49 6281.02 5430.14 4401.54 434.868 1028.6 302.893 33.5494 269.343 57.7664 850.889 787.822 46.4676 63.067 25.0333 27.0686 16.9187 211.577 131.975 111.49 107.45 20.4856
internal_count=86790 81451 81070 72700 67080 5339 5620 2804 386 2418 602 8370 7906 381 464 324 281 196 1816 2535 2258 2206 277
is_linear=0
shrinkage=0.02


Tree=208
num_leaves=26
num_cat=0
split_feature=8 21 40 42 25 0 49 1 2 6 13 8 1 1 13 0 8 13 1 13 15 13 21 21 15
split_gain=21.9625 16.588 22.8647 15.1794 17.4583 35.0628 16.4407 18.114 15.5881 14.1965 10.9796 10.3083 8.54123 6.9273 6.69535 5.62782 5.30261 5.02808 4.13395 3.2861 2.32875 1.55615 1.26658 4.13596 2.84257
threshold=3.6606229543685918 17.724540710449222 1.0000000180025095e-35 1.0000000180025095e-35 1.0000000180025095e-35 12.000208377838137 1.0000000180025095e-35 0.89596357941627514 15.84999990463257 1.0000000180025095e-35 5.725156545639039 11.266999721527101 0.52952951192855846 0.45716366171836859 0.6900652050971986 9.9927473068237322 1.0817611813545229 0.18396205455064776 0.30600015819072729 0.4986234605312348 2.5000000000000004 1.9695995450019839 25.523028373718265 35.490951538085945 3.5000000000000004
decision_type=10 8 2 2 2 2 2 2 2 2 10 10 2 2 8 2 8 8 2 10 10 10 8 8 10
left_child=3 2 20 4 6 9 8 -8 -1 -6 11 15 -7 23 17 -3 22 -4 -13 -18 -2 -16 -15 -5 -25
right_child=1 10 14 13 5 12 7 -9 -10 -11 -12 18 -14 16 21 -17 19 -19 -20 -21 -22 -23 -24 24 -26
leaf_value=0.00096416728456496679 0.0096737868936456958 0.005043865236035938 0.024354807845604124 -0.0029843233202853682 0.00096416728456496679 -0.015691285786412861 -0.0075536950119439077 0.00096416728456496679 -0.0012877601896909441 -0.0032148477552263383 0.018948254682573443 0.008173148544710615 -0.0062713666190272032 -0.0029843233202853682 0.040457798309771913 0.00096416728456496679 -0.0029843233202853682 0.00096416728456496679 0.025168883874046821 0.00096416728456496679 0.00096416728456496679 0.021611934536551237 -0.0081998386682200948 -0.012621955665655072 -0.0081998386682200948
leaf_weight=2727.3470016904175 11.291837275028231 149.51247789338231 5.1429041735827932 24.319433526135981 600.76867586188018 76.709755126386881 199.82743421383202 69.443013072013855 1237.7812135391869 553.11117972061038 14.562985915690659 20.984968285076327 80.753703832626343 8.7762408070266229 9.4510183595120925 629.16693834029138 128.53170530498028 5.2968510538339624 7.9011151418089858 67.475806917995214 18.190752977505326 7.7668609842658034 33.086422957479954 79.059506076853722 18.01029262971133
leaf_count=24379 96 848 59 437 4828 1665 1633 318 29499 6021 103 366 1352 59 87 11149 910 68 59 480 163 51 251 1696 421
internal_value=8.77544e-05 0.00303484 0.013363 -0.000351513 -9.30686e-05 -0.00210862 0.000531474 -0.00424159 0.000856598 -0.000896333 0.00230164 0.00197838 -0.0109304 -0.00432968 0.0260852 0.00153388 -0.00232861 0.0118224 0.0135085 -0.000926336 0.000964167 0.0336095 -0.00819984 -0.00819984 -0.0101193
internal_weight=6784.27 879.269 57.1402 5905 5545.74 1311.34 4234.4 269.27 3965.13 1153.88 822.128 807.565 157.463 359.259 27.6576 778.679 237.87 10.4398 28.8861 196.008 29.4826 17.2179 41.8627 121.389 97.0698
internal_count=86998 13049 524 73949 69695 13866 55829 1951 53878 10849 12525 12422 3017 4254 265 11997 1700 127 425 1390 259 138 310 2554 2117
is_linear=0
shrinkage=0.02


Tree=209
num_leaves=20
num_cat=0
split_feature=10 1 22 25 12 8 43 12 2 11 7 3 22 1 21 3 3 32 21
split_gain=19.5263 16.2846 24.2701 23.7731 13.5426 19.8307 10.7119 9.86254 9.47436 9.38823 8.00706 8.67167 5.44215 3.84805 4.63754 3.84098 2.01727 0.599511 0.057822
threshold=3.5000000000000004 0.55027195811271679 0.29156945645809179 1.0000000180025095e-35 3.9824917316436772 2.1095764636993413 1.0000000180025095e-35 2.2367449998855595 1.2500000000000002 5.9397349357604989 2.5000000000000004 2.3500000238418584 0.20679701119661334 0.90793231129646312 39.128076553344734 1.6500000357627871 7.9500000476837167 1.0000000180025095e-35 43.793807983398445
decision_type=10 2 8 2 10 8 2 10 2 10 10 2 10 2 10 2 2 2 8
left_child=1 3 7 4 5 -1 8 11 -4 -9 13 -3 -6 14 16 -16 -2 -12 -19
right_child=10 2 6 -5 12 -7 -8 9 -10 -11 17 -13 -14 -15 15 -17 -18 18 -20
leaf_value=-0.0040460527527806925 -0.0040460527527806925 -4.7947660337112431e-05 0.01371703221791748 -0.0040460527527806925 0.0037399436388197292 -4.7947660337112431e-05 0.022235508533319525 0.0082171730387116063 0.0013796038076158987 0.033271550938730181 -0.019893432275927488 0.014622005534590842 -0.00030638424600009365 -0.00065165815472539043 -0.0040460527527806925 -0.0130732012277414 -0.0096027723857945758 -0.0096027723857945758 -0.0130732012277414
leaf_weight=290.21222571376711 132.64628969691694 10.718303222209213 24.014463402330875 155.17254273220897 553.26316756429151 2429.1984140477143 8.8550927340984327 10.972186326980593 2674.6652167513967 14.836203865706919 7.8295855494216076 22.315186507999897 174.72518647089601 154.20636222139001 8.7793247606605274 35.95083505474031 29.781768416985869 15.195370838046076 15.479497462511061
leaf_count=6261 1547 74 121 2983 8160 45014 38 53 18477 89 73 142 1313 990 130 560 508 201 166
internal_value=0.000235397 0.000504797 0.00165859 -0.000381403 5.22756e-05 -0.00067593 0.0013796 0.0142582 0.0013796 0.0233238 -0.00404605 0.00669831 0.0013796 -0.00404605 -0.00482492 -0.0106554 -0.00404605 -0.0130732 -0.0130732
internal_weight=6768.82 6368.95 2766.38 3602.57 3447.4 2719.41 2707.53 58.8419 2698.68 25.8084 399.869 33.0335 727.988 361.365 207.158 44.7302 162.428 38.5045 30.6749
internal_count=86900 82725 18994 63731 60748 51275 18636 358 18598 142 4175 216 9473 3735 2745 690 2055 440 367
is_linear=0
shrinkage=0.02


Tree=210
num_leaves=18
num_cat=0
split_feature=7 8 8 52 48 22 41 14 7 22 0 7 11 8 8 13 13
split_gain=20.8247 16.0669 16.3857 13.2808 11.0256 13.368 8.81528 5.87446 5.86949 5.20849 4.14429 3.14101 2.44251 0.932503 0.345564 0.1938 0.711792
threshold=1.5000000000000002 2.1471621990203862 4.806622028350831 1.0000000180025095e-35 1.0000000180025095e-35 0.8086342215538026 1.0000000180025095e-35 1.0000000180025095e-35 3.5000000000000004 0.4550210982561112 15.260242462158205 2.5000000000000004 18.034873008728031 9.8694357872009295 5.0992357730865487 0.4986234605312348 0.1598601117730141
decision_type=10 10 10 2 2 8 2 8 8 10 2 8 10 10 8 10 8
left_child=1 3 6 4 5 -1 8 9 -2 10 -3 -4 -10 14 -13 16 -8
right_child=2 7 11 -5 -6 -7 15 -9 12 -11 -12 13 -14 -15 -16 -17 -18
leaf_value=-0.0022569174873165346 -0.0040658382051852399 0.010472060507513712 0.0054986617287782194 -0.005637350228918492 0.0021871928026909681 0.00030744358330447424 -0.016419699076656576 0.0021871928026909681 -0.015317964543614501 0.0021871928026909681 0.0021871928026909681 -0.0067890767955826759 -0.0040658382051852399 0.0021871928026909681 -0.0013989618884664525 -0.018983643483730588 -0.0067890767955826759
leaf_weight=1063.0477672289126 363.82818591454998 87.947180766612291 64.276985956355929 134.58642883505672 153.30828042142093 3447.6640009102412 5.7459909422323117 1283.6059541711584 27.327958224341273 23.623400293290615 23.190061029978096 4.4299854040145865 5.8421331522986284 19.335914102382958 48.078083092346787 17.10029866732657 4.592028934508563
leaf_count=14890 5666 521 1408 1706 898 41710 80 17383 386 113 226 86 173 374 935 220 64
internal_value=-1.52462e-05 0.000317869 -0.00370372 -0.000235004 -5.4079e-05 -0.00029727 -0.00563735 0.00218719 -0.00563735 0.00635175 0.00848154 0.00218719 -0.0127772 -0.000555319 -0.00197209 -0.0168226 -0.0118888
internal_weight=6777.53 6216.97 560.558 4798.61 4664.02 4510.71 424.437 1418.37 396.998 134.761 111.137 136.121 33.1701 71.844 52.5081 27.4383 10.338
internal_count=86839 77447 9392 59204 57498 56600 6589 18243 6225 860 747 2803 559 1395 1021 364 144
is_linear=0
shrinkage=0.02


Tree=211
num_leaves=17
num_cat=0
split_feature=27 2 3 44 1 1 11 3 3 3 3 3 3 3 11 11
split_gain=18.0737 20.2887 29.5228 15.9879 16.0975 10.3195 9.8683 9.03968 10.0866 7.1106 9.38582 10.1093 27.849 5.37256 1.67053 0.886509
threshold=1.0000000180025095e-35 32.850000381469734 27.050000190734867 1.0000000180025095e-35 0.39648739993572241 0.27044226229190832 25.830429077148441 9.8499999046325701 3.2500000000000004 10.650000095367433 39.250000000000007 5.1499998569488534 4.6499998569488534 2.9500000476837163 23.993228912353519 25.830429077148441
decision_type=2 2 2 2 2 2 8 2 2 2 2 2 2 2 8 10
left_child=5 2 3 4 -2 6 -1 8 -8 11 -9 12 -7 -5 -11 -13
right_child=1 -3 -4 13 -6 9 7 10 -10 14 -12 15 -14 -15 -16 -17
leaf_value=-0.018728560732579315 -0.0016380542056018679 -0.016938298513571055 0.043960219505418542 -0.001316175208381859 0.0005167310605971423 0.011321683472352233 0.011321683472352233 0.0043289726452325136 -0.018941896910757899 0.01328908559648923 0.026814126815226939 -0.001698313433435327 0.054257947567474027 -0.016938298513571055 0.033458034863724666 0.011321683472352233
leaf_weight=7.6945429965853682 1999.1448397543281 27.984664741437882 5.0586836226284495 9.3200874254107493 4521.3566548340023 33.100032206624746 4.9809228647500303 60.660001419484615 11.618869347497819 4.738426469266412 5.9697708934545508 29.239965610206127 5.5700739584863177 17.91340222582221 6.6458505056798467 3.7906296327710143
leaf_count=171 44956 2155 60 46 36129 457 187 1243 438 61 28 439 68 132 94 67
internal_value=-7.35261e-05 -0.000242187 -0.00016831 -0.000209111 -0.000144062 0.00626993 0.00158078 0.00365843 -0.00917594 0.0113217 0.00694432 0.0113217 0.0159351 -0.0152269 0.0268141 0.00432897
internal_weight=6754.79 6580.78 6552.79 6547.73 6520.5 174.009 90.9241 83.2296 16.5998 83.085 66.6298 71.7007 38.6701 27.2335 11.3843 33.0306
internal_count=86731 83478 81323 81263 81085 3253 2067 1896 625 1186 1271 1031 525 178 155 506
is_linear=0
shrinkage=0.02


Tree=212
num_leaves=19
num_cat=0
split_feature=3 8 7 3 21 32 2 1 21 21 11 8 7 24 11 9 0 22
split_gain=20.6694 17.1501 15.9137 14.7894 15.2919 13.0238 16.4613 14.2881 11.9568 11.754 10.8331 8.94421 8.49483 3.72492 3.28727 2.67487 2.51178 1.76612
threshold=1.0000000180025095e-35 2.1471621990203862 1.0000000180025095e-35 0.75000000000000011 14.348782062530519 1.0000000180025095e-35 5.6499998569488534 0.25782336294651037 39.58967590332032 19.377722740173343 14.317897796630861 2.4331824779510502 1.5000000000000002 1.0000000180025095e-35 10.535070896148683 1.0000000180025095e-35 8.9058971405029315 0.92349734902381908
decision_type=2 10 10 2 8 2 2 2 10 8 10 8 10 2 10 10 2 10
left_child=9 2 5 8 10 7 -7 -2 11 -1 -5 -3 -6 14 17 -16 -15 -11
right_child=1 3 -4 4 12 6 -8 -9 -10 13 -12 -13 -14 16 15 -17 -18 -19
leaf_value=0.014024410600017419 -0.0032298584424427694 -0.0086856504020354462 -0.0032298584424427694 0.0076043244972862937 0.0018016267542736034 0.0011084549954945675 -0.0032298584424427694 0.0009219675489383351 0.030984369312842684 -0.011392685445430102 0.031525130986831629 0.0095660077004396226 -0.0019877868321520574 -0.0069080882823563229 0.014860471116414043 -0.0064442266361343327 -0.022163829806034024 -0.0025828581881158171
leaf_weight=7.4434261731803408 274.37737692473456 11.658896438777445 682.45749227097258 43.315776078030467 1291.7665324201807 249.38401210866868 448.00699523091316 3270.6891837446019 8.4331607543863338 51.121211570687592 8.4984633382409793 76.890530037693679 288.77636628784239 7.4592930525541332 3.4013747945427886 4.2030240204185247 15.703322974964975 11.868321567773817
leaf_count=47 9836 102 9545 286 17197 1760 6730 33965 118 421 134 779 5440 33 73 73 191 80
internal_value=6.7012e-05 0.000204073 -0.000397647 0.00191693 0.00146294 5.86069e-05 -0.00243779 0.000550252 0.00946527 -0.00885904 0.0120504 0.00709274 0.00110845 -0.0108046 -0.008313 0.00370474 -0.0177401 -0.00979907
internal_weight=6755.45 6654.25 4924.92 1729.34 1632.36 4242.46 697.391 3545.07 96.9826 101.2 51.8142 88.5494 1580.54 93.7565 70.5939 7.6044 23.1626 62.9895
internal_count=86810 85892 61836 24056 23057 52291 8490 43801 999 918 420 881 22637 871 647 146 224 501
is_linear=0
shrinkage=0.02


Tree=213
num_leaves=23
num_cat=0
split_feature=9 35 12 31 0 1 21 41 2 3 3 1 1 1 3 15 21 11 21 11 33 3
split_gain=19.4112 18.938 21.0266 17.4361 25.1577 18.4625 16.6661 15.8667 12.664 11.6515 10.9738 10.0289 6.53571 7.27537 5.49245 3.81926 3.13001 0.884054 0.982847 0.612047 0.192787 0.113813
threshold=2.5000000000000004 1.0000000180025095e-35 4.252080202102662 1.0000000180025095e-35 3.9083231687545781 0.4538219422101975 44.043205261230476 1.0000000180025095e-35 7.0499999523162851 0.65000000596046459 10.449999809265138 0.88161674141883861 0.96562129259109508 0.24583834409713748 9.5500001907348651 4.5000000000000009 21.456416130065922 6.8019378185272226 37.474342346191413 11.085654735565187 1.0000000180025095e-35 7.3500001430511483
decision_type=10 2 8 2 2 2 10 2 2 2 2 2 2 2 2 10 8 10 10 10 2 2
left_child=1 3 11 4 9 10 -7 -6 14 -1 -5 16 15 -10 -4 20 -3 18 -17 -19 -2 -22
right_child=12 2 8 5 7 6 -8 -9 13 -11 -12 -13 -14 -15 -16 17 -18 19 -20 -21 21 -23
leaf_value=-0.00079404347255882662 -0.0091379139451297064 0.0082310772667439931 0.010896327574559746 -0.0022173288841332091 -0.00079404347255882662 0.002657693493953965 0.015583826069164971 -0.0051905175938867709 -0.0091379139451297064 0.011897749944097896 0.0018302219060489045 0.015755532886489138 -0.0051905175938867709 0.0055659090773906416 0.026210382722797656 -0.01589559933067532 -0.0091379139451297064 -0.019246145608445456 -0.0091379139451297064 -0.0091379139451297064 -0.015782315350297636 -0.0091379139451297064
leaf_weight=26.684923082590103 100.54022001847625 3.5381937436759463 31.125286895781755 625.87514218874276 3493.3590816771612 1157.1967181228101 40.383869230747223 175.74915222916752 9.77590648178011 88.180992610752583 466.98896364122629 8.2132890820503217 99.132166638970375 283.06906456127763 14.525786243379114 9.9107720889151114 58.851132202893496 22.048718126490716 6.4281760081648818 5.4110854100435963 19.466570593416694 4.7000796981155863
leaf_count=112 1317 38 163 10996 47892 7819 251 1763 334 384 10304 38 618 2621 168 93 965 334 77 95 232 75
internal_value=7.7644e-05 0.000295879 0.00445563 1.50422e-05 -0.000818552 0.00139195 0.00310622 -0.00110802 0.00652494 0.00835766 -0.000487688 -0.00519052 -0.00519052 0.0049625 0.0162265 -0.00913791 -0.00519052 -0.015135 -0.0102544 -0.0175767 -0.00913791 -0.0146855
internal_weight=6751.16 6483.52 409.099 6074.42 3783.97 2290.44 1197.58 3669.11 338.496 114.866 1092.86 70.6026 267.638 292.845 45.6511 168.506 62.3893 43.7988 16.3389 27.4598 124.707 24.1667
internal_count=86689 83848 4327 79521 50151 29370 8070 49655 3286 496 21300 1041 2841 2955 331 2223 1003 599 170 429 1624 307
is_linear=0
shrinkage=0.02


Tree=214
num_leaves=20
num_cat=0
split_feature=41 46 44 1 28 3 23 0 21 31 10 21 3 3 11 2 8 12 3
split_gain=21.1771 14.2786 14.0493 14.1737 17.173 15.0355 9.16698 8.26924 8.78835 8.03574 8.74355 7.38949 7.15595 6.96629 3.37327 2.3945 1.96608 1.53572 1.24644
threshold=1.0000000180025095e-35 1.0000000180025095e-35 1.0000000180025095e-35 0.27737425267696386 1.0000000180025095e-35 18.650000572204593 1.0000000180025095e-35 14.766346931457521 25.187794685363773 1.0000000180025095e-35 1.5000000000000002 27.860182762146 5.0499999523162851 3.2500000000000004 4.0005929470062265 4.4500000476837167 1.4037750959396365 3.9116859436035161 11.750000000000002
decision_type=2 2 2 2 2 2 2 2 8 2 8 10 2 2 8 2 10 8 2
left_child=1 2 3 5 -5 -1 7 8 -2 14 11 -11 -10 -4 -8 -16 -3 -12 -9
right_child=6 16 13 4 -6 -7 9 18 12 10 17 -13 -14 -15 15 -17 -18 -19 -20
leaf_value=-0.0039711017240624128 -0.011623029999959846 -0.019345569250157214 0.00078653853369546514 0.00062302454076308624 0.010043798623825866 0.00062302454076308624 -0.0011282868526840861 -0.017866065129531303 0.0099239953056108055 0.019787668138485412 -0.014771405703953629 -0.0057703253641808294 -0.0036271432712444845 -0.020440015010178635 -0.0040120919194323243 -0.013194900860203427 -0.0074038341576712161 -0.0057703253641808294 -0.011623029999959846
leaf_weight=559.88068245863542 14.215049684047697 13.780344393104317 8.9811965674161929 5657.2655839454383 77.478743117302656 129.64628762565553 12.829014673829077 15.483854946680369 43.482068322598934 10.371948355808856 8.8117943676188641 6.9091110806912175 23.342820033431053 18.361679244786501 14.119025666266678 95.277037411928177 11.924429446458815 17.132852023467422 3.1827786378562442
leaf_count=20502 84 108 46 58693 1060 3485 65 291 244 117 75 50 198 132 90 1094 102 132 78
internal_value=7.67693e-05 0.000303916 0.000364269 0.000426191 0.000752032 -0.00228097 -0.0054523 -0.000649775 0.00214895 -0.00832519 -0.000884241 0.00981268 0.00520672 -0.0136861 -0.0109282 -0.0120568 -0.0142905 -0.00810894 -0.0122917
internal_weight=6742.48 6477.32 6451.61 6424.27 5734.74 689.527 265.157 99.7066 81.0399 165.451 43.2257 17.2811 66.8249 27.3429 122.225 109.396 25.7048 25.9446 18.6666
internal_count=86646 84128 83918 83740 59753 23987 2518 895 526 1623 374 167 442 178 1249 1184 210 207 369
is_linear=0
shrinkage=0.02


Tree=215
num_leaves=24
num_cat=0
split_feature=42 46 35 31 0 0 44 3 12 47 22 3 3 13 13 3 22 0 9 3 13 11 0
split_gain=18.0805 15.6737 14.7462 20.5818 19.655 17.4252 17.096 14.5073 12.1558 11.8832 11.4794 10.4818 13.8191 10.5489 8.29706 11.3144 7.25048 6.1808 5.83037 4.04649 2.93274 2.43286 1.86524
threshold=1.0000000180025095e-35 1.0000000180025095e-35 1.0000000180025095e-35 1.0000000180025095e-35 16.200925827026371 5.8774940967559823 1.0000000180025095e-35 7.2500000000000009 14.505884170532228 1.0000000180025095e-35 0.59511893987655651 11.949999809265138 13.150000095367433 0.92870309948921215 0.38697670400142675 6.0499999523162851 0.091084465384483351 16.679327964782718 1.5000000000000002 1.8499999642372134 0.8624076545238496 4.2677376270294198 9.9927473068237322
decision_type=2 2 2 2 2 2 2 2 8 2 10 2 2 10 10 2 8 2 10 2 8 10 2
left_child=1 2 3 5 8 -1 -5 10 -4 -6 14 16 13 -13 18 -16 -9 -14 -2 -12 -18 -21 -3
right_child=7 22 4 6 9 -7 -8 11 -10 -11 19 12 17 -15 15 -17 20 -19 -20 21 -22 -23 -24
leaf_value=0.0030756558063728835 -0.0013341702236391157 -0.005949022168739793 0.0032132846424360005 0.001836260308308338 0.00031128161432158932 -0.0012132473572104608 -0.024662074133893788 0.0074789745383136777 0.012277734519155124 -0.020540503382460766 -0.0032712085570367568 0.0025633492136415115 0.012534964702889924 0.037342861486804775 0.0016273828634760987 0.019798799757470266 -0.0099941093144649967 -0.014673425550003298 -0.012395279581991452 -0.0090958089822496466 -0.017898422071754603 -0.02256823037929535 -0.018014742967123645
leaf_weight=427.37089458480477 129.8039616891183 8.7846703901886958 117.98986734077334 2199.0789637668058 153.60435603093356 3283.3290071664378 8.7865953519940359 5.896009793970733 119.69080006331205 10.767601798288522 17.22706526517868 11.398833332583306 3.2082039602100876 4.1343604279682031 100.98082061577588 14.901988755911587 39.905610189773142 19.091591356322169 21.41149070719257 13.336058825254442 46.915587284602225 11.650789760053156 18.50163371860981
leaf_count=2025 1350 47 746 28322 2542 46746 53 110 798 187 88 214 82 84 929 166 580 730 187 71 751 72 174
internal_value=0.000104877 0.000376824 0.000443233 0.000191125 0.0041448 -0.000718588 0.00171969 -0.00381171 0.00781026 -0.00117062 -0.00144061 -0.0093759 -0.000477649 0.0135191 0.00010627 0.00411354 -0.012963 -0.0103891 -0.00297152 -0.0110041 -0.0144205 -0.0160044 -0.0144779
internal_weight=6787.77 6347.9 6320.62 5918.57 402.053 3710.7 2207.87 439.862 237.681 164.372 309.312 130.55 37.833 15.5332 267.098 115.883 92.7172 22.2998 151.215 42.2139 86.8212 24.9868 27.2863
internal_count=87054 81640 81419 77146 4273 48771 28375 5414 1544 2729 2863 2551 1110 298 2632 1095 1441 812 1537 231 1331 143 221
is_linear=0
shrinkage=0.02


Tree=216
num_leaves=15
num_cat=0
split_feature=43 44 3 23 1 25 24 6 0 11 11 1 11 3
split_gain=22.4925 16.2561 14.6239 16.8612 15.519 35.8832 24.9836 9.36638 7.03034 6.15094 8.83585 5.33866 4.70986 4.43904
threshold=1.0000000180025095e-35 1.0000000180025095e-35 1.0000000180025095e-35 1.0000000180025095e-35 0.63330608606338512 1.0000000180025095e-35 1.0000000180025095e-35 1.0000000180025095e-35 12.080355644226076 12.380188941955568 19.329535484313968 0.29868169128894811 5.7348315715789804 3.5499999523162846
decision_type=2 2 2 2 2 2 2 2 2 8 8 2 8 2
left_child=1 2 3 12 5 -4 -6 -5 -2 -10 -11 -12 -1 -3
right_child=8 13 4 7 6 -7 -8 -9 9 10 11 -13 -14 -15
leaf_value=-0.0018061127784207457 0.027318649085619217 -0.0038453480448981036 -0.00016520439672815146 -0.0018697235057192757 0.00029663499025551473 -0.007410293521633248 0.0053476691600612821 0.023396079631550704 -3.2493725341358728e-05 0.027318649085619217 -0.0062497980584721351 0.016538280324375758 -0.016708455512477245 -0.021002714326940401
leaf_weight=10.499257765710352 10.551302194595335 9.7116669714450854 3926.7218302409165 32.311785023659468 1873.2892607748508 292.91162420157343 494.3035782314837 6.1400719126686445 16.956479791551828 5.6645447462797192 6.8381726704537851 7.9738977439701557 49.731500070542097 17.582252003252506
leaf_count=63 50 53 64195 338 13391 5164 2532 60 96 54 135 49 463 129
internal_value=-2.32096e-05 -0.000121722 -5.76944e-05 -0.0076608 5.73525e-05 -0.000669769 0.001353 0.00265554 0.0134802 0.00897016 0.0160796 0.00628797 -0.0141826 -0.0152495
internal_weight=6761.19 6713.2 6685.91 98.6826 6587.23 4219.63 2367.59 38.4519 47.9844 37.4331 20.4766 14.8121 60.2308 27.2939
internal_count=86772 86388 86206 924 85282 69359 15923 398 384 334 238 184 526 182
is_linear=0
shrinkage=0.02


Tree=217
num_leaves=21
num_cat=0
split_feature=10 7 21 1 1 3 22 13 3 22 3 22 13 16 21 1 7 51 43 3
split_gain=16.7999 17.1209 14.2098 14.5383 11.5163 11.8586 10.5505 10.084 9.10664 9.53808 6.22301 21.5717 5.41602 4.74064 4.34504 2.97956 2.79352 2.36164 0.926795 0.901892
threshold=1.5000000000000002 1.5000000000000002 27.030026435852054 0.44084164500236517 0.25782336294651037 18.650000572204593 0.3679704368114472 0.80562949180603038 1.0000000180025095e-35 0.9400366246700288 18.94999980926514 0.057386787608265884 0.78795757889747631 1.0000000180025095e-35 14.70293712615967 1.2056658864021303 4.5000000000000009 1.0000000180025095e-35 1.0000000180025095e-35 10.949999809265138
decision_type=8 10 10 2 2 2 8 10 2 8 2 10 10 10 10 2 8 2 2 2
left_child=2 4 3 -1 5 -2 7 -5 -6 -8 18 -12 -13 16 -10 17 19 -15 -4 -3
right_child=1 13 10 6 8 -7 9 -9 14 -11 11 12 -14 15 -16 -17 -18 -19 -20 -21
leaf_value=0.001149235696322486 -0.0049743102187961106 -0.0049743102187961106 -0.00014022116585266257 0.0059120160204538443 -0.0049743102187961106 -0.00014022116585266257 -0.0013098626173679005 0.022576126945555049 0.00073060323018200185 0.0063957906463673877 -0.00014022116585266257 0.014707227789080041 0.058008400497301542 -0.01380620864343916 -0.00014022116585266257 -0.0049743102187961106 -0.016317273136227377 -0.0049743102187961106 0.0097652431260867156 -0.013264276614821815
leaf_weight=529.71589267859235 244.441224118229 218.17368075065315 400.34081929409876 31.847600299865007 76.740589672699571 77.397099981084466 80.397249151021242 27.309687878936529 3228.8438404360786 313.10053667239845 6.0106412172317487 2.9780935635790229 2.7936145961284637 51.651765565387905 1412.1046272525564 10.311560422182081 5.6059024091809979 7.226041803136467 12.108310132287441 17.191018705256283
leaf_count=10880 9467 2965 6000 227 641 2288 498 195 34042 2070 196 108 84 658 15583 47 80 110 90 476
internal_value=9.00953e-05 -0.000421365 0.00203424 0.00340211 -0.000140221 -0.00391763 0.00603018 0.0138523 -0.000140221 0.00482209 -0.000140221 0.0149456 0.0411371 -0.00497431 -0.000140221 -0.0102058 -0.00497431 -0.0122131 -0.000140221 -0.00306169
internal_weight=6756.29 5349.69 1406.6 982.371 5039.53 321.838 452.655 59.1573 4717.69 393.498 424.231 11.7823 5.77171 310.16 4640.95 69.1894 240.971 58.8778 412.449 235.365
internal_count=86705 66357 20348 13870 62021 11755 2990 422 50266 2568 6478 388 192 4336 49625 815 3521 768 6090 3441
is_linear=0
shrinkage=0.02


Tree=218
num_leaves=19
num_cat=0
split_feature=3 0 6 49 0 2 3 15 3 3 2 41 3 3 11 13 3 3
split_gain=21.6911 17.577 23.9378 17.8021 19.9076 17.2596 31.1755 11.876 10.3875 12.8681 8.02182 7.11072 7.3419 6.20776 3.98772 3.83589 3.17011 1.12166
threshold=23.349999427795414 16.474374771118168 1.0000000180025095e-35 1.0000000180025095e-35 5.0995097160339364 5.4500000476837167 10.550000190734865 3.5000000000000004 23.94999980926514 25.849999427795414 34.049999237060554 1.0000000180025095e-35 9.7500000000000018 14.650000095367433 36.496849060058601 1.9040604233741762 1.0000000180025095e-35 25.250000000000004
decision_type=2 2 2 2 2 2 2 10 2 2 2 2 2 2 8 8 2 2
left_child=1 2 3 7 -5 6 -4 -1 -2 17 11 16 -13 -12 -11 -16 -3 -10
right_child=8 10 5 4 -6 -7 -8 -9 9 14 13 12 -14 -15 15 -17 -18 -19
leaf_value=0.0027811749582353838 0.0327641967762584 -0.011542828909056217 0.0020874514839251141 0.014343592530763062 -0.0014179874110196956 -0.0014179874110196956 0.035556176984674108 -0.00076366272867705112 -0.01744548204455007 0.0011680695683072976 -0.019160829415054419 -0.013706829553599037 -0.0014179874110196956 -0.0014179874110196956 0.029518288080003952 0.011859288383135533 -0.0014179874110196956 -0.0020885469821808164
leaf_weight=2478.1198977455497 8.0729788765311223 13.004847708158193 288.81688999012113 32.022334888577461 404.76828291267157 968.44667312316597 10.588303139433263 445.61580527201295 5.1619288772344571 7.5388108715414992 17.093081339262437 23.699261963367462 10.729289178736506 3.167888429015874 7.4149375278502729 18.712288031354547 2041.7812748979777 3.1905772369354963
leaf_count=18324 90 289 2008 140 3149 10236 187 3884 150 94 1446 551 282 190 50 183 45854 55
internal_value=0.000193168 9.47117e-05 0.000784312 0.00166883 -0.00141799 -0.00141799 0.00338548 0.00224082 0.0131756 0.00873791 -0.00141799 -0.00141799 -0.010433 -0.0137068 0.0141967 0.0177743 -0.00141799 -0.0124298
internal_weight=6787.95 6737.85 4628.38 3360.53 436.791 1267.85 299.405 2923.74 50.0915 42.0185 2109.48 2089.21 34.4286 20.261 33.666 26.1272 2054.79 8.35251
internal_count=87162 86540 37928 25497 3289 12431 2195 22208 622 532 48612 46976 833 1636 327 233 46143 205
is_linear=0
shrinkage=0.02


Tree=219
num_leaves=19
num_cat=0
split_feature=43 18 10 46 1 21 13 15 0 21 11 22 13 13 1 21 11 0
split_gain=23.0802 18.5841 18.6144 15.0727 14.7414 8.56521 7.55303 7.00434 6.05906 5.87417 5.58996 5.32848 4.64842 2.38221 2.29263 2.26725 1.88517 0.574746
threshold=1.0000000180025095e-35 1.0000000180025095e-35 1.0000000180025095e-35 1.0000000180025095e-35 0.25782336294651037 32.114606857299812 1.7075929641723635 2.5000000000000004 12.080355644226076 27.354229927062992 13.048721790313722 0.199225589632988 0.10937844216823579 3.1503007411956792 0.2841776460409165 inf 17.413808822631839 9.9927473068237322
decision_type=2 10 8 2 2 10 8 8 2 10 10 10 10 8 2 8 8 2
left_child=1 2 11 4 -4 6 9 -8 -2 -3 12 14 15 -13 -1 -10 -12 -5
right_child=8 5 3 17 -6 -7 7 -9 10 -11 16 13 -14 -15 -16 -17 -18 -19
leaf_value=0.00035498947858190425 0.02653093968930258 0.0040220147466078987 -0.004094455845018349 -0.0089873634478612775 -0.00016515454661824246 0.0040220147466078987 0.024332896304942588 0.0097621314906316762 0.0030345334804012009 0.016082142497566555 0.02653093968930258 -0.00016515454661824246 -0.0043527427407899335 0.0040220147466078987 0.0040220147466078987 0.01781589186289376 0.0088057929723335572 -0.017791548566279517
leaf_weight=106.17845127219334 10.620328389108179 69.67941021732986 408.96514306217432 7.7666684240103043 5583.6163318641484 115.26621501334012 16.094330431893468 74.406036658212543 8.0038297120481783 15.292965959757565 4.9888133555650684 61.484355324879289 12.252296317368744 8.7062105275690538 210.09386619366705 8.881988497450946 4.2261860389262447 17.735319066792727
leaf_count=3395 50 454 15502 43 62044 835 98 494 60 101 46 534 71 53 2511 80 85 168
internal_value=9.88193e-05 -2.25357e-06 -0.000227092 -0.000500579 -0.000433949 0.0049344 0.00859171 0.012591 0.0136403 0.00423536 0.00948728 0.00402201 0.00483424 -0.000165155 0.00402201 0.011371 0.0222867 -0.0155505
internal_weight=6744.26 6695.29 6404.55 6018.08 5992.58 290.739 175.473 90.5004 48.9734 84.9724 38.3531 386.463 29.1381 70.1906 316.272 16.8858 9.215 25.502
internal_count=86624 86232 84250 77757 77546 1982 1147 592 392 555 342 6493 211 587 5906 140 131 211
is_linear=0
shrinkage=0.02


Tree=220
num_leaves=24
num_cat=0
split_feature=35 21 12 15 1 39 1 24 3 8 3 19 8 8 12 1 0 3 1 42 13 8 1
split_gain=16.2883 21.6265 24.2331 16.7458 21.6155 24.8874 18.5727 17.0952 14.9914 14.6987 13.2445 13.1262 12.2246 11.5517 9.40696 8.29775 7.73954 7.3253 6.89158 6.73574 4.70763 3.94031 2.21704
threshold=1.0000000180025095e-35 19.983171463012699 4.7435042858123788 1.5000000000000002 0.7128843665122987 1.0000000180025095e-35 0.23057033866643908 1.0000000180025095e-35 0.65000000596046459 1.2806981205940249 0.45000000298023229 1.0000000180025095e-35 1.6541915535926821 2.5156800746917729 5.4855608940124521 0.29014104604721075 16.200925827026371 1.1500000357627871 0.64088687300682079 1.0000000180025095e-35 1.0149984955787661 5.0120003223419198 0.20442671328783038
decision_type=2 8 8 8 2 2 2 2 2 8 2 8 8 10 10 2 2 2 2 2 10 10 2
left_child=3 -2 13 6 8 7 20 -6 10 14 -5 19 -10 18 -8 -15 -13 -11 -3 -4 22 -22 -1
right_child=1 2 11 4 5 -7 9 -9 12 17 -12 16 -14 15 -16 -17 -18 -19 -20 -21 21 -23 -24
leaf_value=-0.018655551390409215 0.026800978453386068 -0.01636128821602658 0.0020119761235905605 -0.0040070424153970984 4.5095161010374014e-05 0.032067050635410772 -0.0046205749029113487 0.0049456275074640519 -0.0044821260139978449 0.011342189627523223 -0.017643990437838705 0.01258682587236494 -0.00080781680231261407 -0.012801234487375602 0.0044502696279499002 0.0067636050285575693 0.003956150366552301 0.0044502696279499002 0.0026778130815045516 -0.016704282890625023 -0.0077911409965945103 0.0044502696279499002 -0.0072969532879111213
leaf_weight=17.652586710639302 14.844283085316418 39.1644231621176 133.49066882394254 103.00561574753374 1473.7526867873967 9.368883088231085 129.51418545749038 351.93266870826483 408.43287293473259 63.050881667993963 38.859906154684722 104.54501201212406 3146.757872717455 7.3692386150360099 69.458645846694708 29.694321915507317 70.651057619601488 512.61364758573472 9.0644912570714933 7.1608503367751828 14.326934947166594 7.595099630765616 14.101897759828715
leaf_count=698 97 647 1193 1551 10032 44 1884 1710 6632 738 542 687 49951 238 536 305 1135 6770 52 58 577 246 719
internal_value=4.21359e-05 0.00387145 0.0029584 -0.000208878 -0.00060608 0.00116798 0.00244147 0.000991948 -0.00148672 0.00323303 -0.00783984 0.0055112 -0.00123108 -0.00644923 -0.00144765 0.00193548 0.00914855 0.00485056 -0.0128012 0.000947896 -0.00883213 -0.00462057 -0.0139881
internal_weight=6776.41 415.984 401.14 6360.42 5532.11 1835.05 828.314 1825.69 3697.06 774.637 141.866 315.848 3555.19 85.2925 198.973 37.0636 175.196 575.665 48.2289 140.652 53.6765 21.922 31.7545
internal_count=87042 4412 4315 82630 70462 11786 12168 11742 58676 9928 2093 3073 56583 1242 2420 543 1822 7508 699 1251 2240 823 1417
is_linear=0
shrinkage=0.02


Tree=221
num_leaves=19
num_cat=0
split_feature=10 7 33 2 40 27 21 8 9 7 21 0 12 12 21 23 3 8
split_gain=17.2376 15.5707 14.6772 19.0983 11.8154 11.6063 10.2373 9.08963 5.90108 3.84623 3.56336 3.99589 3.5009 4.65994 2.99396 1.56171 0.960812 0.0200756
threshold=1.0000000180025095e-35 1.0000000180025095e-35 1.0000000180025095e-35 18.550000190734867 1.0000000180025095e-35 1.0000000180025095e-35 13.589834213256838 0.12599659711122516 1.0000000180025095e-35 2.5000000000000004 27.860182762146 5.658621311187745 3.3882724046707158 5.9846715927124032 40.769817352294929 1.0000000180025095e-35 1.2500000000000002 1.6541915535926821
decision_type=8 10 2 2 2 2 8 10 8 10 8 2 10 10 8 2 2 8
left_child=6 2 3 4 -2 -4 -1 10 -7 12 15 -12 14 -14 -8 -3 -5 -9
right_child=1 7 5 16 -6 8 9 17 -10 -11 11 -13 13 -15 -16 -17 -18 -19
leaf_value=0.026437281365489167 0.00047773197720406871 -0.002167820504042219 0.0039079460231502324 -0.0011699451272503692 0.0028981650674481381 0.0039079460231502324 -0.0011699451272503692 -0.0031575816215088197 -0.002167820504042219 -0.0011699451272503692 -0.002167820504042219 -0.010612117726246919 0.0099835531120906727 0.0039079460231502324 0.0039079460231502324 -0.012941197869538129 -0.002167820504042219 -0.002167820504042219
leaf_weight=7.0977387279272071 2474.5348420515656 10.261284083127977 81.987849190831184 60.577655008528382 1196.3032075949013 52.260242403484881 50.280548439361155 399.25111853284761 682.86330443993211 60.812978444155306 14.056195452809332 92.59150752518326 89.4117545732297 97.311787546612322 121.72830711118877 6.6265186108648768 470.81918312842026 802.54654662543908
leaf_count=56 22796 101 1612 1522 11560 571 904 5502 8017 1218 73 1454 1398 720 2418 77 14535 12341
internal_value=2.13848e-05 -0.000240539 0.000268681 0.000745679 0.00126711 -0.00216782 0.00390795 -0.00216782 -0.00216782 0.00390795 -0.00757458 -0.00903103 0.00425161 0.00669495 0.00390795 -0.00216782 -0.00216782 -0.00216782
internal_weight=6771.32 6344.68 5019.35 4202.23 3670.84 817.111 426.643 1325.33 735.124 419.545 123.536 106.648 358.732 186.724 172.009 16.8878 531.397 1201.8
internal_count=86875 80161 60613 50413 34356 10200 6714 19548 8588 6658 1705 1527 5440 2118 3322 178 16057 17843
is_linear=0
shrinkage=0.02


Tree=222
num_leaves=17
num_cat=0
split_feature=18 27 2 41 14 1 21 3 22 5 2 3 3 22 11 6
split_gain=18.4626 15.7914 18.431 14.5808 15.4816 12.9522 6.14852 8.5342 8.04501 3.40994 2.76355 10.6916 9.31548 4.13781 2.63498 2.4884
threshold=1.0000000180025095e-35 1.0000000180025095e-35 32.850000381469734 1.0000000180025095e-35 1.0000000180025095e-35 0.68817996978759777 31.713248252868656 2.1499999761581425 0.2048914581537247 1.0000000180025095e-35 26.94999980926514 9.8499999046325701 1.3499999642372134 1.1346824169158938 7.1643049716949472 1.0000000180025095e-35
decision_type=10 2 2 2 8 2 10 2 8 2 2 2 2 8 8 2
left_child=1 10 3 4 -3 -5 7 9 -9 14 -1 12 -12 -10 -2 -4
right_child=6 2 15 5 -6 -7 -8 8 13 -11 11 -13 -14 -15 -16 -17
leaf_value=0.0047016863034225701 0.012103567058271146 0.0047016863034225701 -0.019573233692638203 -0.0091062910668164108 -0.00047259204733760099 -0.0002211018044265932 0.0047016863034225701 0.020767029886775489 -0.0042378036761154415 0.0083505475312378088 0.0047016863034225701 0.0047016863034225701 -0.016730274560988391 0.0056560429674052453 0.02577273686114501 -0.0091062910668164108
leaf_weight=129.91502952389419 13.678108736872675 213.36964197270572 23.834435892757064 143.57395096682012 5795.5101500703022 120.26798877865076 119.41290501132607 12.049952173605559 19.616212882101536 19.008645582944155 3.5060004405677345 12.852138869464396 19.396079286932945 98.216511741280556 15.173550151288508 3.0172766209579995
leaf_count=2051 64 1312 1931 1842 75639 635 855 111 110 86 105 359 666 699 79 234
internal_value=-0.000164277 -0.000388619 -0.000551748 -0.000479591 -0.000277123 -0.00507225 0.00470169 0.0084277 0.0056907 0.0155868 0.00470169 -0.00129454 -0.0106324 0.00470169 0.0199149 -0.0167857
internal_weight=6762.4 6465.24 6299.57 6272.72 6008.88 263.842 297.156 177.743 129.883 47.8603 165.669 35.7542 22.9021 117.833 28.8517 26.8517
internal_count=86778 84774 81593 79428 76951 2477 2004 1149 920 229 3181 1130 771 809 143 2165
is_linear=0
shrinkage=0.02


Tree=223
num_leaves=20
num_cat=0
split_feature=41 19 8 32 49 7 0 15 21 34 22 22 12 15 13 21 16 15 21
split_gain=15.4534 16.2373 16.1793 14.5443 14.346 12.5764 8.77667 7.64063 7.56376 6.53752 6.00208 4.59199 11.4479 2.63042 2.01694 1.43708 0.848658 0.814432 0.519769
threshold=1.0000000180025095e-35 1.0000000180025095e-35 1.2613920569419863 1.0000000180025095e-35 1.0000000180025095e-35 2.5000000000000004 15.916501045227053 1.0000000180025095e-35 38.086296081542976 1.0000000180025095e-35 0.46112260222435003 0.8496435582637788 5.4855608940124521 1.5000000000000002 0.97787192463874828 23.088524818420414 1.0000000180025095e-35 2.5000000000000004 27.030026435852054
decision_type=2 10 8 2 2 8 2 8 10 2 10 8 10 8 10 10 10 10 8
left_child=1 2 11 4 -4 -5 7 -2 9 -9 14 12 -1 -8 16 -12 -3 -10 -15
right_child=6 10 3 5 -6 -7 13 8 17 -11 15 -13 -14 18 -16 -17 -18 -19 -20
leaf_value=-0.0075299295556530378 0.013865736704611348 0.010861334128638836 0.0010510846577404379 0.001918523806511093 -0.002724436711040344 -0.002724436711040344 -0.00056590320764656995 -0.00062519054799931267 -0.00056590320764656995 -0.0098175825897867872 0.0086030872776799126 -0.002724436711040344 -0.002724436711040344 -0.0098175825897867872 0.007811286906293095 0.001918523806511093 0.019604004359986139 -0.015245748651992564 -0.016315499087736201
leaf_weight=277.47681911522523 8.9227387979626638 12.883946411311628 4291.2623034766875 248.69286750117317 408.85199083760381 626.3975838245824 5.7190623749047509 144.07489432394505 13.28397196531296 38.467458337545395 12.465458564460279 485.25687559274957 66.130726573057473 3.9283180013298979 22.987181454896927 13.475849106907843 16.81558421254158 14.470465399324892 31.923847832717001
leaf_count=4192 54 62 58616 3387 3417 8154 122 999 92 256 60 5507 559 73 118 64 81 134 765
internal_value=-0.000199819 -7.43453e-06 -0.00011902 0.000268746 0.000709603 -0.00209721 -0.00496378 -0.00333227 -0.00412413 -0.00260525 0.00896832 -0.00272444 -0.0050378 -0.0132869 0.0128044 0.00191852 0.0162887 -0.0132869 -0.0152457
internal_weight=6743.49 6482.7 6404.07 5575.2 4700.11 875.09 260.791 219.22 210.297 182.542 78.628 828.864 343.608 41.5712 52.6867 25.9413 29.6995 27.7544 35.8522
internal_count=86712 84217 83832 73574 62033 11541 2495 1535 1481 1255 385 10258 4751 960 261 124 143 226 838
is_linear=0
shrinkage=0.02


Tree=224
num_leaves=17
num_cat=0
split_feature=8 21 7 35 12 31 21 42 8 41 13 13 1 21 11 7
split_gain=19.5224 17.8382 17.3712 12.7704 16.2824 14.577 19.9434 15.2949 7.3412 7.04483 6.2617 5.59384 5.00543 4.21046 1.12558 0.0752265
threshold=5.1538119316101083 16.785550117492679 1.5000000000000002 1.0000000180025095e-35 4.7435042858123788 1.0000000180025095e-35 36.331878662109382 1.0000000180025095e-35 12.8563289642334 1.0000000180025095e-35 5.2098793983459482 1.5122286081314089 0.52509489655494701 17.942252159118656 32.296691894531257 4.5000000000000009
decision_type=10 8 10 2 8 2 10 2 8 2 10 10 2 8 10 8
left_child=2 11 3 5 12 6 -1 -7 10 15 13 -2 -5 -3 -10 -4
right_child=1 8 9 4 -6 7 -8 -9 14 -11 -12 -13 -14 -15 -16 -17
leaf_value=-0.00038344793785270427 0.032627010598390849 -0.016499892962634346 -0.003228482177407579 -0.0041050632179745932 0.0033100834921587609 0.0015294334563429365 -0.0041050632179745932 -0.0041050632179745932 0.025989789408605666 -0.014139770433731814 0.016665968379264567 0.008346082181860795 0.0033100834921587609 0.0033100834921587609 0.016665968379264567 -0.016499892962634346
leaf_weight=2913.0559659460559 10.075753781944515 4.419692948460578 400.04205594118685 52.678314873017371 304.34615983022377 1980.9534610211849 501.52071175072342 122.73214751621708 7.3740479936823231 27.152067854534835 11.782699015922843 7.1311692148447028 25.054519981145859 369.57708189636469 7.4790784828364849 9.2137029916048032
leaf_count=35890 107 53 6368 968 2969 25026 7151 1328 86 379 85 50 144 6111 54 162
internal_value=1.69838e-05 0.00419891 -0.000259388 2.5698e-05 0.00331008 -0.000219994 -0.00102672 0.0010893 0.00331008 -0.00410506 0.0027541 0.0235752 -0.00410506 0.00331008 0.016666 -0.00410506
internal_weight=6754.59 417.84 6336.75 5900.34 382.079 5518.26 3414.58 2103.69 400.633 436.408 385.779 17.2069 77.7328 373.997 14.8531 409.256
internal_count=86931 6546 80385 73476 4081 69395 43041 26354 6389 6909 6249 157 1112 6164 140 6530
is_linear=0
shrinkage=0.02


Tree=225
num_leaves=14
num_cat=0
split_feature=0 12 41 8 21 2 15 1 12 22 3 22 22
split_gain=15.8431 16.3324 15.7826 14.9398 18.0398 12.4488 11.0323 11.8295 7.6118 3.18806 2.26823 1.30367 4.86181
threshold=3.9083231687545781 11.802836894989015 1.0000000180025095e-35 1.2613920569419863 14.70293712615967 1.2500000000000002 1.5000000000000002 0.60486513376235973 5.7789437770843515 0.23600690066814425 2.3500000238418584 0.23600690066814425 0.14680135250091556
decision_type=2 10 2 8 8 2 8 2 8 10 2 8 10
left_child=5 2 3 8 -5 -1 9 -8 -2 -4 -7 12 -3
right_child=1 11 6 4 -6 10 7 -9 -10 -11 -12 -13 -14
leaf_value=0.02254865213336581 -0.0034340764798113867 0.0063986548182811513 0.0063986548182811513 0.0063986548182811513 0.00022677086976702929 0.0063986548182811513 -0.011767106504730743 -0.0024442748925375146 0.00022677086976702929 -0.0023310083157987607 0.013605359875529468 0.0063986548182811513 -0.0096869319700163391
leaf_weight=18.248640201985836 674.93219197448343 8.4624575991183537 14.540607564151289 131.35531083121896 5339.455725423526 105.74471595138311 98.202999895438552 122.15986379608512 123.80180130479857 16.34193941578269 31.297208741307259 57.090092089027166 11.869897317141293
leaf_count=95 9036 106 167 1021 71993 458 1454 695 1028 105 137 409 77
internal_value=0.000105029 -4.40397e-05 -0.000159475 3.78657e-05 0.000411043 0.00639865 -0.00506451 -0.00663331 -0.00251548 0.00598665 0.00639865 0.00639865 -0.00153987
internal_weight=6753.5 6598.21 6520.79 6269.55 5470.81 155.291 251.245 220.363 798.734 30.8825 137.042 77.4224 20.3324
internal_count=86781 86091 85499 83078 73014 690 2421 2149 10064 272 595 592 183
is_linear=0
shrinkage=0.02


Tree=226
num_leaves=24
num_cat=0
split_feature=25 1 1 12 2 40 1 35 36 42 1 49 2 22 15 45 10 6 27 22 1 12 22
split_gain=11.4526 40.8689 15.7577 18.4394 14.4774 14.3018 24.0085 14.4682 12.4846 11.2231 8.22914 9.41825 8.11262 7.99551 7.95832 7.40737 6.03294 5.18362 4.02579 3.2016 2.9955 2.46276 2.11553
threshold=1.0000000180025095e-35 0.60486513376235973 0.45716366171836859 11.802836894989015 4.8500001430511483 1.0000000180025095e-35 1.3973459601402285 1.0000000180025095e-35 1.0000000180025095e-35 1.0000000180025095e-35 0.52952951192855846 1.0000000180025095e-35 34.049999237060554 0.29156945645809179 3.5000000000000004 1.0000000180025095e-35 2.5000000000000004 1.0000000180025095e-35 1.0000000180025095e-35 0.23600690066814425 0.35474261641502386 1.8303807973861697 0.39761766791343695
decision_type=2 2 2 10 2 2 2 2 2 2 2 2 2 10 10 2 8 2 2 8 2 8 8
left_child=2 4 9 5 20 7 -7 -4 15 12 21 -12 13 -1 19 16 -3 -10 -14 -11 -2 -6 -16
right_child=1 8 3 -5 10 6 -8 -9 17 14 11 -13 18 -15 22 -17 -18 -19 -20 -21 -22 -23 -24
leaf_value=-0.00016170943559129641 -0.011539997436086427 0.0033551359246180384 -0.00010568288529054006 0.018100841717911011 -0.011539997436086427 0.0028578448536093503 0.020495243842494872 0.0078790003170349926 0.0052227783168642917 -0.0029263714540739127 -0.010655731930761855 -0.00015483769120133476 -0.0065958686861253869 -0.0065958686861253869 -0.011563719441133376 0.013583419164428706 -0.00015483769120133476 0.022670183295690961 -0.017423192843557308 -0.010413241009333966 -0.00015483769120133476 -0.016812445280818187 -0.00010568288529054006
leaf_weight=2574.8520827353932 9.5988662801682931 222.88703263550997 1746.2117431275547 25.173411902040243 15.615761194378136 646.78892654553056 31.464874062687159 94.749463319778442 16.616436287760735 31.904462585225701 78.109166750684381 23.518622908741236 5.0482165981084171 78.646137740463018 7.3093026997521511 15.411409467458723 844.02689291164279 11.587538253515961 18.900799908209592 89.352791674435139 31.253650490194559 90.286382282152772 29.878173883073032
leaf_count=50113 211 1747 11339 112 361 4107 150 527 118 692 1296 382 189 805 151 118 7752 96 1510 1843 378 1884 745
internal_value=-0.000158165 -0.00179798 0.000256266 0.00139868 -0.00911449 0.00122466 0.00370503 0.000309322 -0.000154838 -0.000768847 -0.0112801 -0.00710397 -0.000461688 -0.000354822 -0.00592387 -0.000154838 -0.000154838 0.0129218 -0.0118134 -0.00848339 -0.000154838 -0.0151838 -0.000105683
internal_weight=6739.19 1358.91 5380.28 2544.39 248.382 2519.22 678.254 1840.96 1110.53 2835.89 207.53 101.628 2677.45 2653.5 158.445 1082.33 1066.91 28.204 23.949 121.257 40.8525 105.902 37.1875
internal_count=86626 14343 72283 16235 4512 16123 4257 11866 9831 56048 3923 1678 52617 50918 3431 9617 9499 214 1699 2535 589 2245 896
is_linear=0
shrinkage=0.02


Tree=227
num_leaves=19
num_cat=0
split_feature=43 0 25 6 36 0 25 42 19 32 16 34 2 16 0 12 32 21
split_gain=17.4881 13.4929 17.3258 12.9395 14.3665 20.3636 14.1402 10.9386 8.89445 8.11363 10.9734 7.97334 6.18608 5.4513 5.15594 4.61445 2.43282 1.87223
threshold=1.0000000180025095e-35 14.441087245941164 1.0000000180025095e-35 1.0000000180025095e-35 1.0000000180025095e-35 12.248877525329592 1.0000000180025095e-35 1.0000000180025095e-35 1.0000000180025095e-35 1.0000000180025095e-35 1.0000000180025095e-35 1.0000000180025095e-35 34.049999237060554 1.0000000180025095e-35 12.952605724334719 0.93424156308174144 1.0000000180025095e-35 68.456508636474624
decision_type=2 2 2 2 2 2 2 2 10 2 8 2 2 10 2 8 2 8
left_child=1 3 9 7 6 -6 -5 8 -1 12 -11 13 -3 14 -2 -4 -17 -16
right_child=11 2 15 4 5 -7 -8 -9 -10 10 -12 -13 -14 -15 17 16 -18 -19
leaf_value=0.0015545254446784058 0.014629703268327219 -0.0010287753940627724 -0.0037478738933767893 0.00088140870033113106 0.01916823756559119 -0.0010287753940627724 -0.0037478738933767893 -0.0010287753940627724 0.0090253551213845228 -0.0010287753940627724 -0.0077469619517070891 0.027737423100792913 -0.012297414791691122 0.017860604193995492 -0.012510252439421722 -0.017825800765225133 -0.0037478738933767893 0.0006792882232294537
leaf_weight=2503.5435784626752 7.5128701999783543 2511.1513312384486 2.9303521253168574 469.8260796777904 33.187274992465973 8.6489610299468023 600.32326605729759 223.91226864047348 64.466493427753448 55.647209039889276 168.20581461582333 9.3073953427374345 20.769868409726769 12.170452104881404 5.8416266692802337 35.142299245111644 5.9171904623508444 11.352545158937572
leaf_count=17869 36 48043 68 3370 217 84 7007 1601 324 1469 3983 63 1587 92 48 753 166 131
internal_value=-8.54774e-05 -0.000170854 -0.00123015 0.000588964 -0.00102878 0.0106065 -0.00102878 0.00131912 0.00174551 -0.00102878 -0.00482856 0.0120478 -0.00102878 0.00746019 0.00184157 -0.0135424 -0.0158654 -0.00424309
internal_weight=6749.86 6703.67 2799.76 3903.91 1111.99 41.8362 1070.15 2791.92 2568.01 2755.77 223.853 46.1849 2531.92 36.8775 24.707 43.9898 41.0595 17.1942
internal_count=86911 86541 56069 30472 10678 301 10377 19794 18193 55082 5452 370 49630 307 215 987 919 179
is_linear=0
shrinkage=0.02


Tree=228
num_leaves=13
num_cat=0
split_feature=3 0 32 11 10 1 7 7 2 54 3 3
split_gain=14.9283 14.439 15.6643 19.6939 17.7993 15.8102 14.066 11.5119 7.0052 6.99107 2.53711 10.5397
threshold=39.250000000000007 3.9083231687545781 1.0000000180025095e-35 7.071230649948121 2.5000000000000004 0.55027195811271679 1.5000000000000002 1.5000000000000002 1.2500000000000002 1.0000000180025095e-35 2.3500000238418584 2.8500000238418584
decision_type=2 2 2 8 10 2 10 10 2 2 2 2
left_child=1 8 4 6 5 -3 -4 -6 -1 -5 -10 -12
right_child=-2 2 3 9 7 -7 -8 -9 10 -11 11 -13
leaf_value=0.018368443980070953 0.030803146206398839 1.8764063823304526e-05 0.0059629254295348912 -0.0027691511563736598 -0.0016544477188727787 0.0023465137784653908 -0.0046904711326201673 -0.0099018945084293764 0.0059629254295348912 -0.0076445186640006334 0.018368443980070953 0.0059629254295348912
leaf_weight=17.511938288807869 5.3949182182550421 3041.317022302188 170.28935846872628 669.96255749510601 535.47170757921413 1893.0033363811672 68.91029716283083 76.613507594913244 104.32234276458621 142.48060510121286 19.162189289927483 14.695616126060484
leaf_count=93 25 52741 1331 10290 6198 11742 645 989 449 2200 85 62
internal_value=0.000259955 0.000231001 8.84889e-05 -0.00214827 0.000512908 0.000912077 0.00288707 -0.00270123 0.00623138 -0.00363251 0.00596293 0.0121156
internal_weight=6759.14 6753.74 6598.05 1051.64 5546.41 4934.32 239.2 612.085 155.692 812.443 138.18 33.8578
internal_count=86850 86825 86136 14466 71670 64483 1976 7187 689 12490 596 147
is_linear=0
shrinkage=0.02


Tree=229
num_leaves=19
num_cat=0
split_feature=43 3 25 0 2 32 33 1 49 2 37 1 3 0 3 16 3 16
split_gain=16.8675 15.374 21.013 23.6466 20.7279 27.246 24.2605 19.4334 16.3269 13.9393 11.0636 10.019 9.53249 7.02636 7.66942 6.18096 4.15507 2.93762
threshold=1.0000000180025095e-35 1.7500000000000002 1.0000000180025095e-35 12.000208377838137 7.7500000000000009 1.0000000180025095e-35 1.0000000180025095e-35 1.8561023473739626 1.0000000180025095e-35 4.8500001430511483 1.0000000180025095e-35 0.29377762973308569 7.0499999523162851 12.080355644226076 14.050000190734865 1.0000000180025095e-35 3.9500000476837163 1.0000000180025095e-35
decision_type=2 2 2 2 2 2 2 2 2 2 2 2 2 2 2 8 2 8
left_child=1 4 7 9 5 6 -1 8 -3 -4 11 -6 -5 -2 16 -7 -15 -18
right_child=13 2 3 12 10 15 -8 -9 -10 -11 -12 -13 -14 14 -16 -17 17 -19
leaf_value=0.011879213412414751 0.025772834844389216 0.00029980820116517635 0.0025573186573727628 -0.0070269773481206393 -0.012387034459550413 0.0058894238474087477 -0.00016026568204533784 0.022505171240715487 -0.0045437240742398884 -0.0035413315900223153 -0.020998721243641102 -0.00016026568204533784 -0.018454131898695953 0.014322105965154659 0.024704191520241947 -0.00016026568204533784 -0.010424013962887493 0.0037913967983888804
leaf_weight=236.97454867139459 10.250503860414026 4178.021826333832 201.92308540642262 84.410223947837949 26.206631990149617 68.971018198877573 81.580122672021389 14.369197629392145 297.24747031740844 574.34205298870802 9.191262770444153 730.87159274704754 45.586563423275948 7.8147510737180736 7.0841756630688897 129.1620025858283 8.5401341868564504 13.993589077144859
leaf_count=1115 48 61360 1514 1577 1328 462 428 80 2330 6345 130 7802 1062 59 99 728 71 101
internal_value=4.67159e-05 -3.87782e-05 -0.000506734 -0.00328288 0.00192822 0.00501987 0.00864749 5.42545e-05 -2.28425e-05 -0.00195369 -0.000160266 -0.000160266 -0.0111445 0.0117765 0.00737287 -0.000160266 0.00266826 -0.00181016
internal_weight=6726.54 6678.86 5395.9 906.262 1282.96 516.688 318.555 4489.64 4475.27 776.265 766.269 757.078 129.997 47.6832 37.4327 198.133 30.3485 22.5337
internal_count=86639 86261 74268 10498 11993 2733 1543 63770 63690 7859 9260 9130 2639 378 330 1190 231 172
is_linear=0
shrinkage=0.02


Tree=230
num_leaves=22
num_cat=0
split_feature=3 1 3 0 22 19 22 22 3 23 3 3 3 22 3 0 3 3 2 6 15
split_gain=17.0088 17.7735 36.4313 29.8023 15.9706 15.883 16.5376 11.2488 10.8812 9.13809 16.4783 7.46061 6.11093 5.79393 4.56247 4.88161 3.59692 2.80941 1.88242 3.54218 0.343632
threshold=23.349999427795414 0.25782336294651037 15.250000000000002 20.521329879760746 0.067288905382156386 1.0000000180025095e-35 0.096441663801670088 0.11703121289610864 17.250000000000004 1.0000000180025095e-35 23.94999980926514 25.849999427795414 29.69999980926514 0.46112260222435003 35.799999237060554 31.6256217956543 15.449999809265138 25.250000000000004 10.550000190734865 1.0000000180025095e-35 1.5000000000000002
decision_type=2 2 2 2 8 10 8 8 2 2 2 2 2 10 2 2 2 2 2 2 10
left_child=1 4 5 -4 18 -3 8 -8 -6 14 -11 17 -13 -7 15 -2 -5 -12 19 -1 -20
right_child=9 2 3 16 6 13 7 -9 -10 10 11 12 -14 -15 -16 -17 -18 -19 20 -21 -22
leaf_value=-0.013273454095435408 0.0058665042173512739 2.1622262162488726e-05 0.088748260974963508 0.030080310165810933 -0.0044034757697955992 0.012268326450803018 -0.017842258561294521 -0.0027873298977700856 0.010302844802982932 0.04505445024628249 -0.016645115568173784 0.027606348694539005 0.0047071967906245583 0.0016253199299622358 0.011709032542707569 -0.018594036368577673 0.010302844802982932 0.0072086914760178767 -0.018741176347692644 2.1622262162488726e-05 -0.013273454095435408
leaf_weight=14.565374147146942 5.473017096519472 6125.0879810042679 2.2922528795897952 2.9497013129293919 19.791340129915628 56.865910261869431 20.089930552057922 355.00147334579378 10.968117655254899 6.1111782491207149 3.9883248917758491 8.5947935841977614 10.042663034051655 32.180219862610102 7.4821401685476294 5.9287669779732823 2.5193946305662394 2.5269053373485804 23.334588979836553 4.5709893405437461 12.682700850069521
leaf_count=410 68 67602 60 89 817 280 745 13120 404 64 115 104 86 154 39 115 78 43 1507 133 660
internal_value=8.61387e-06 -7.93088e-05 0.000201697 0.0409562 -0.0038641 0.000144213 -0.00247417 -0.00363897 0.0113971 0.011498 0.0179656 0.00991295 0.0161353 0.00848283 0.000425363 -0.00732635 0.0103028 -0.00766535 -0.0138657 -0.00811905 -0.0166172
internal_weight=6733.05 6682.9 6221.9 7.76135 461.005 6214.13 405.851 375.091 30.7595 50.1478 31.2639 25.1527 18.6375 89.0461 18.8839 11.4018 5.4691 6.51523 55.1537 19.1364 36.0173
internal_count=86693 86059 68263 227 17796 68036 15086 13865 1221 634 412 348 190 434 222 183 167 158 2710 543 2167
is_linear=0
shrinkage=0.02


Tree=231
num_leaves=23
num_cat=0
split_feature=41 44 9 19 7 2 11 22 12 31 6 24 7 11 2 24 0 11 10 10 12 22
split_gain=16.8404 14.5032 14.7993 12.6711 11.0787 9.75253 7.99219 7.17212 6.95756 5.80523 5.01315 5.24778 4.35993 4.28044 3.67435 3.44361 2.28505 2.27356 2.07719 1.86078 1.65433 0.143199
threshold=1.0000000180025095e-35 1.0000000180025095e-35 2.5000000000000004 1.0000000180025095e-35 1.0000000180025095e-35 8.0500001907348651 6.0302605628967294 0.46112260222435003 5.1094610691070566 1.0000000180025095e-35 1.0000000180025095e-35 1.0000000180025095e-35 1.0000000180025095e-35 9.1296329498291033 10.650000095367433 1.0000000180025095e-35 7.1186373233795175 12.380188941955568 1.5000000000000002 1.5000000000000002 1.6554994583129885 0.42969700694084173
decision_type=2 2 10 10 8 2 8 10 10 2 2 2 8 10 2 2 2 8 10 10 10 10
left_child=1 2 3 4 -1 20 10 -5 -7 14 11 19 13 -11 15 -8 -3 -16 -14 -2 -4 -18
right_child=6 16 5 7 -6 8 9 -9 -10 12 -12 -13 18 -15 17 -17 21 -19 -20 -21 -22 -23
leaf_value=0.0018556003276531019 -0.00061253912859078304 -0.0059995962254527305 -0.0036159185124351135 0.013218620080206593 -0.00011440661297844215 -0.011158621643076553 -0.0091596195825526024 0.0018556003276531019 -0.00098989616567242032 -0.0025889664715018656 0.011371388858546968 0.0060555641811120484 -0.0030268475927277792 0.014570956986607471 -0.019111402661595327 -0.00033928450288783519 -0.013067920566028823 -0.010018571866660688 -0.014257647084891569 -0.010470835536265736 -0.00011440661297844215 -0.022336244781588275
leaf_weight=1517.6569512337446 12.465507693588735 10.104611307382585 62.081396471709013 48.102138791233301 4601.7662081350572 92.984733043238521 49.640533229336143 24.831952996551991 18.011539122089744 12.193862445652487 13.821776404976843 20.001219801604748 28.697580716572702 9.6938338903710228 16.858784448355436 27.345213189721107 7.9551449045538929 45.821678217034787 7.8936551623046389 19.415896497666836 82.611887628212571 8.3156453780829889
leaf_count=17239 63 47 507 241 63618 1441 395 122 184 71 76 95 287 118 158 202 65 882 82 103 656 63
internal_value=1.50916e-05 0.000217267 0.000278897 0.000473889 0.000374391 -0.00442692 -0.00492805 0.00870414 -0.00885853 -0.00692404 0.00110486 -0.00179351 -0.00159774 0.00531556 -0.00912698 -0.00607117 -0.0143094 -0.0127259 -0.00576445 -0.00675213 -0.000989896 -0.0188238
internal_weight=6738.27 6474.42 6448.05 6192.36 6119.42 255.69 263.85 72.9341 110.996 198.145 65.7044 51.8826 58.4789 21.8877 139.666 76.9857 26.3754 62.6805 36.5912 31.8814 144.693 16.2708
internal_count=86715 84183 84008 81220 80857 2788 2532 363 1625 2195 337 261 558 189 1637 597 175 1040 369 166 1163 128
is_linear=0
shrinkage=0.02


Tree=232
num_leaves=26
num_cat=0
split_feature=27 31 35 11 12 42 44 8 41 7 8 11 11 8 15 0 11 11 13 13 19 12 11 12 13
split_gain=16.9404 20.5167 19.9387 20.3823 18.1746 15.5714 13.9012 12.9559 12.8287 12.7185 9.8998 8.5681 8.21509 8.71071 6.70543 6.36675 9.80844 7.84595 5.92268 5.57804 2.33698 2.23613 1.46329 1.20714 0.73099
threshold=1.0000000180025095e-35 1.0000000180025095e-35 1.0000000180025095e-35 8.608427047729494 5.9072575569152841 1.0000000180025095e-35 1.0000000180025095e-35 2.302178263664246 1.0000000180025095e-35 1.0000000180025095e-35 5.3753449916839608 12.753270149230959 2.4743778705596928 3.5997884273529057 3.5000000000000004 25.458692550659183 23.993228912353519 26.594339370727543 0.067671492695808425 1.1183823943138125 inf 1.8440058231353762 28.008249282836918 0.63600477576255809 1.2173235416412356
decision_type=2 2 2 8 8 2 2 10 2 10 10 10 10 10 8 2 10 8 8 10 8 8 10 10 10
left_child=14 2 3 10 7 6 9 -4 -5 -3 -2 -6 20 -14 21 16 18 24 -16 -19 -7 23 -23 -1 -17
right_child=1 5 4 8 11 12 -8 -9 -10 -11 -12 -13 13 -15 15 17 -18 19 -20 -21 -22 22 -24 -25 -26
leaf_value=0.00040236827006819985 0.00066548566706913089 0.0026334619535135946 -0.010006783213517247 -0.0019699103551719501 0.0051759464750881128 -0.015657208029712676 -0.024033296956430594 0.003184241637084491 -0.008858398510269181 -0.0011728476541845436 0.0098618776078855802 0.022809611255513288 -0.0050297150806148669 0.0091191337696241541 -0.0087819039015581638 -0.0087819039015581638 0.036492587623430141 0.0029153245197178846 0.01164343282132853 0.009527625653128171 -0.0064248361337968544 -0.0085460067050513854 0.0088959842813215416 -0.017691730176708977 -0.017208987271216218
leaf_weight=1.8463392835110397 894.02057440951467 1774.315075319726 58.32453940063715 2757.0779586792924 282.57923951884732 26.293042712844908 7.3159798718988887 59.076045375782996 111.67002089275047 437.10426576575264 48.424182757735252 10.588034281507133 68.430689048022032 22.247309760656208 5.3728684447705737 10.812746752053494 5.2111880965530863 69.358015533536673 50.825537201017141 13.718550307676194 22.157327910885215 2.2745122984051713 3.7342049479484558 5.5573138203471899 4.2033256404101857
leaf_count=52 6634 21555 803 40906 2624 272 47 774 1445 6941 299 153 776 309 71 205 75 1498 664 243 242 53 123 172 80
internal_value=4.5787e-05 -0.000117048 -0.000951616 -0.00140292 0.00323096 0.00137702 0.00178469 -0.00339822 -0.00224105 0.00188093 0.00114796 0.00588818 -0.00509059 -0.00149677 0.0062069 0.0073532 0.0123639 0.00412319 0.00952763 0.00653249 -0.0116504 -0.00698938 0.00201626 -0.0136685 -0.0087819
internal_weight=6752.54 6579.62 4221.76 3811.19 410.568 2357.86 2218.74 117.401 2868.75 2211.42 942.445 293.167 139.128 90.678 172.915 159.502 61.4096 98.0926 56.1984 83.0766 48.4504 13.4124 6.00872 7.40365 15.0161
internal_count=87016 83780 53638 49284 4354 30142 28543 1577 42351 28496 6933 2777 1599 1085 3236 2836 810 2026 735 1741 514 400 176 224 285
is_linear=0
shrinkage=0.02


Tree=233
num_leaves=22
num_cat=0
split_feature=28 2 7 3 1 2 3 3 3 3 3 3 3 11 15 3 3 3 3 6 3
split_gain=17.4064 19.9531 18.1834 16.17 18.0783 17.9323 8.24542 28.4466 14.6109 12.5626 12.6218 11.235 10.036 9.22834 7.05555 6.78797 5.34202 15.0701 4.0725 1.53359 1.36136
threshold=1.0000000180025095e-35 32.850000381469734 2.5000000000000004 1.7500000000000002 1.4878956675529482 7.7500000000000009 5.1499998569488534 4.6499998569488534 9.1500000953674334 4.0499999523162851 3.7500000000000004 14.750000000000002 18.750000000000004 29.870300292968754 6.5000000000000009 11.949999809265138 7.7500000000000009 7.3500001430511483 4.9500000476837167 1.0000000180025095e-35 19.849999427795414
decision_type=2 2 10 2 2 2 2 2 2 2 2 2 2 10 10 2 2 2 2 2 2
left_child=1 2 3 5 -5 -1 7 9 16 10 -2 13 -13 -10 15 -4 17 -8 -9 -3 -21
right_child=6 19 14 4 -6 -7 8 18 11 -11 -12 12 -14 -15 -16 -17 -18 -19 -20 20 -22
leaf_value=0.0049852307953633847 0.0059532851873562781 -0.019545338685091968 -0.0097986813396216121 -0.00062776060818862847 0.0092937767467675021 5.8622877752022272e-05 -0.0092482269624248464 0.060004462679719865 0.011908967690160331 -0.018589631642911927 0.042552813844431506 -0.013461436413426953 0.0067327298246356304 0.045028857684302627 -0.00062776060818862847 -0.00062776060818862847 -0.019377580948389858 0.03304339057541985 0.022393308525426054 -0.013791514440980342 -0.00062776060818862847
leaf_weight=498.59585846960545 30.891075704246759 22.895069320686186 138.04083464760333 5114.0110202739015 73.53434356674552 723.57486572768539 18.901440793648369 3.8988787587732068 35.731600880622864 6.0998650826513758 3.3807208910584441 12.775046864524482 33.522862087935209 2.9657228905707589 8.6867769537493569 7.5316636199131599 9.9752949029207212 3.0610758271068326 3.9984198324382305 2.1452848766930397 0.89669883530586947
leaf_count=2622 562 1918 2278 67645 334 8327 388 65 704 104 74 359 529 92 154 242 201 53 62 209 34
internal_value=-7.08468e-05 -0.00023203 -0.000161511 2.30558e-06 -0.000485357 0.00207091 0.00632148 0.0131964 0.00339576 0.00590464 0.0106677 0.00770983 0.000993727 0.0155176 -0.00692454 -0.00845443 -0.00797066 -0.00217142 0.045619 -0.01741 -0.00979868
internal_weight=6755.11 6589.91 6563.98 6409.72 5187.55 1222.17 165.202 48.269 116.933 40.3717 34.2718 84.9952 46.2979 38.6973 154.259 145.572 31.9378 21.9625 7.8973 25.9371 3.04198
internal_count=86956 83763 81602 78928 67979 10949 3193 867 2326 740 636 1684 888 796 2674 2520 642 441 127 2161 243
is_linear=0
shrinkage=0.02


Tree=234
num_leaves=31
num_cat=0
split_feature=42 41 25 0 1 36 49 3 3 0 21 8 3 22 21 21 3 3 11 22 1 22 22 3 8 21 32 21 22 21
split_gain=17.1789 16.8597 17.925 37.7084 17.9417 14.908 14.7782 11.777 11.9934 11.7708 11.5122 10.3256 9.78531 9.56653 10.4554 8.71439 8.00303 12.348 7.72241 7.31025 6.57853 6.43437 10.3849 3.66847 2.68617 1.97489 1.75651 2.76149 1.25009 0.0408972
threshold=1.0000000180025095e-35 1.0000000180025095e-35 1.0000000180025095e-35 12.649308204650881 0.45716366171836859 1.0000000180025095e-35 1.0000000180025095e-35 7.2500000000000009 4.2500000000000009 13.710944652557375 38.086296081542976 1.7111714482307436 8.4499998092651385 0.50988543033599865 15.266884326934816 35.490951538085945 11.949999809265138 13.150000095367433 4.6944999694824228 0.29665198922157293 0.58333471417427074 0.19518794119358066 0.15240487456321719 1.8499999642372134 1.0440924167633059 22.725391387939457 1.0000000180025095e-35 44.25268745422364 0.39127266407012945 27.030026435852054
decision_type=2 2 2 2 2 2 2 2 2 2 10 10 2 10 8 8 2 2 10 10 2 10 8 2 8 10 2 8 10 10
left_child=1 2 4 5 19 -4 -6 8 13 10 12 24 -3 14 -2 21 28 -18 -13 -1 -5 22 -9 -15 -10 -23 29 -12 -17 -11
right_child=7 9 3 20 6 -7 -8 15 11 26 27 18 -14 23 -16 16 17 -19 -20 -21 -22 25 -24 -25 -26 -27 -28 -29 -30 -31
leaf_value=0.00021031309267243779 0.016561864035274591 -0.0014368664237230666 -0.00065871574648766241 -0.014139039525408211 0.0033784889920470715 0.013045586400836685 0.00021031309267243779 -0.00022566298430245411 -0.0099097249566227272 -0.0074046978135911155 -0.01801759103014328 -0.001072951739945551 0.016356926669028139 -0.0055914440414443801 -0.0032611791242783423 -0.016067107961269641 0.011410400463955176 -0.013355400200737005 0.01607318599932913 -0.0062807139648048769 -0.00065871574648766241 -0.00013261480532893472 0.034569740373991568 -0.017123644291225579 -0.001072951739945551 -0.016911286976674413 -0.01888598647434557 -0.0039328397421312094 -0.0032243413070208093 -0.01801759103014328
leaf_weight=2549.5701464763843 10.467342037707565 159.13301454484463 1202.8434688393027 98.697359252721071 1871.8372306153178 31.612297840416431 209.86580191925168 13.701455196831381 12.774336998350917 35.067176808137447 19.050112076103691 6.9069252870976916 12.396471995860336 21.362767182290554 148.74067813623697 62.82728822901845 12.93161926418543 18.165350289084017 33.034631059970707 68.402003319934011 12.109616130590437 4.5865079164504987 3.5714438408613196 25.409474942833185 47.564951743930578 6.2933079190552235 16.639277798589319 8.6419008858501893 3.7811553776264182 10.619032468646763
leaf_count=50819 79 965 11738 2106 11736 259 1326 276 124 648 156 40 143 119 1428 1090 253 678 430 673 205 66 49 144 472 76 398 52 33 148
internal_value=0.000249911 0.000514453 0.000729834 -0.00130509 0.00131248 -0.000297497 0.0026978 -0.00360318 -0.00147533 -0.00444732 -0.00204843 0.00417026 -6.35523e-05 -0.00423073 -0.00186264 -0.00872861 -0.0115286 -0.00302195 0.0119239 0.000210313 -0.0124272 0.00105088 0.00846697 -0.0120837 -0.00107295 -0.0104446 -0.0119619 -0.0119619 -0.0153965 -0.0119619
internal_weight=6738.6 6306.48 6044.94 1345.26 4699.68 1234.46 2081.7 432.119 306.261 261.547 199.221 100.281 171.529 205.98 159.208 125.858 97.7054 31.097 39.9416 2617.97 110.807 28.1527 17.2729 46.7722 60.3393 10.8798 62.3255 27.692 66.6084 45.6862
internal_count=86729 81372 78862 14308 64554 11997 13062 5357 2836 2510 1316 1066 1108 1770 1507 2521 2054 931 470 51492 2311 467 325 263 596 142 1194 208 1123 796
is_linear=0
shrinkage=0.02


Tree=235
num_leaves=27
num_cat=0
split_feature=41 42 10 6 2 3 21 0 2 3 23 3 3 3 21 1 6 22 15 21 3 11 22 13 3 15
split_gain=15.5046 16.6363 16.7847 15.5425 21.6027 13.6873 13.7619 12.941 12.5722 11.744 10.159 11.3361 10.6425 10.0218 8.93798 8.30216 8.24091 7.70512 9.23586 6.96364 5.84085 8.04382 6.92557 5.4452 5.17038 4.95539
threshold=1.0000000180025095e-35 1.0000000180025095e-35 1.5000000000000002 1.0000000180025095e-35 13.050000190734865 0.84999999403953563 19.575608253479007 9.487096309661867 5.4500000476837167 7.2500000000000009 1.0000000180025095e-35 4.9500000476837167 4.0499999523162851 6.0499999523162851 28.919198036193851 0.73789826035499584 1.0000000180025095e-35 0.22727144509553912 1.5000000000000002 14.348782062530519 11.449999809265138 10.730720520019533 0.093813769519329085 0.30310885608196264 8.6500000953674334 1.5000000000000002
decision_type=2 2 8 2 2 2 10 2 2 2 2 2 2 2 10 2 2 10 8 8 2 8 8 8 2 10
left_child=1 2 5 4 -4 6 -1 -7 -5 13 11 12 15 14 -3 -2 -15 18 -13 -12 22 -22 -11 25 -25 -21
right_child=10 9 3 8 -6 7 -8 -9 -10 20 19 17 -14 16 -16 -17 -18 -19 -20 23 21 -23 -24 24 -26 -27
leaf_value=0.017199438098907796 -0.009382244560027406 -0.0012205200285090091 0.0018211361750524416 0.0018211361750524416 -0.0014000839566674168 0.0071655939591739317 0.0018211361750524416 0.0018211361750524416 -0.0029087121788765923 0.0070003447715898262 0.0099918269939190726 0.020969690380257183 0.02445435250418505 0.0023333788195533541 -0.010989615672488715 0.0073841593564190058 0.023319489565860413 -0.020661105829659836 -0.0072979680530473436 0.013908474137508299 0.014544675803237726 -0.0068575024297569962 -0.013613781426558983 -0.012579127688790243 -0.00060934083209233058 -0.0052354013144925724
leaf_weight=48.121519079897553 16.627657374367118 225.41402531135827 2220.2427024841309 248.01692822389305 1331.3488039271906 181.83145727962255 26.370371653698385 946.25024079577997 1045.0724076982588 6.5277864728122941 7.453405773267149 4.7202381175011423 9.0408237874507886 27.81603539455682 44.011137282475829 34.931209526956081 9.3773147724568826 12.049197047948836 23.238609260879457 5.6593980174511662 7.7818010766059151 34.483703792095184 74.838663910515606 100.88290537148714 16.939619162119925 28.014616195112467
leaf_count=512 182 2074 18263 1848 26910 1042 366 15654 14516 109 50 46 68 315 368 168 107 110 328 63 114 1073 1189 879 307 297
internal_value=-7.83841e-06 0.00018455 0.000455127 -6.99994e-05 0.000613576 0.00256895 0.0108167 0.00201522 -0.00194653 -0.00361071 -0.00479134 0.000186254 0.00560841 -0.0015011 -0.00285106 0.00190139 0.0080965 -0.00796312 -0.00196627 -0.00792339 -0.00878872 -0.0026719 -0.0118951 -0.00886453 -0.0108778 -0.00170967
internal_weight=6737.06 6477.5 6047.25 4844.68 3551.59 1202.57 74.4919 1128.08 1293.09 430.25 259.558 100.608 60.5997 306.619 269.425 51.5589 37.1934 40.008 27.9588 158.95 123.632 42.2655 81.3665 151.497 117.823 33.674
internal_count=86958 84460 79111 61537 45173 17574 878 16696 16364 5349 2498 902 418 2864 2442 350 422 484 374 1596 2485 1187 1298 1546 1186 360
is_linear=0
shrinkage=0.02


Tree=236
num_leaves=19
num_cat=0
split_feature=3 43 3 37 2 12 8 23 22 51 15 22 11 22 0 0 11 2
split_gain=20.3788 17.087 15.6765 23.8577 16.8859 15.8182 16.76 11.0397 8.30038 6.98577 6.73142 7.19238 5.24499 3.94705 1.64156 1.24474 1.19876 1.0361
threshold=1.0000000180025095e-35 1.0000000180025095e-35 1.7500000000000002 1.0000000180025095e-35 13.050000190734865 10.288510322570803 0.059326712042093284 1.0000000180025095e-35 0.52912080287933361 1.0000000180025095e-35 2.5000000000000004 0.082019142806530013 5.2813632488250741 0.74251532554626476 15.916501045227053 9.5932264328002947 7.4067394733428964 10.650000095367433
decision_type=2 2 2 2 2 10 8 2 8 2 8 10 8 10 2 2 10 2
left_child=7 2 3 4 -2 6 -4 13 -7 12 11 16 -9 15 -14 -1 -3 -12
right_child=1 10 5 -5 -6 8 -8 9 -10 -11 17 -13 14 -15 -16 -17 -18 -19
leaf_value=-0.013371442470052897 0.0037198936563018633 0.00048035712044077996 -0.0064844819764980537 -0.025010084979723488 -0.0016101781215490678 0.0009967353376567191 -0.00056074457140428951 -0.019984068767445799 0.012762433300726097 0.017043672335517079 0.026655655401553791 0.012850707665256178 0.0024728982890638912 -0.0050082903838286012 -0.0083999977635165497 -0.021562625120369106 -0.011781763246132049 0.014071236319870456
leaf_weight=26.226763881742954 835.91779324412346 5.5109381824731845 197.48607906932011 12.031730246730147 331.41953000565991 44.53899244312197 5109.8942159176804 6.0048746019601813 51.435772412456572 6.264378724154084 8.2057529985904711 18.689397741109133 19.573144380003217 14.851126760244368 6.611874619498848 19.74921837169677 6.330915529280901 10.758973837830125
leaf_count=157 5539 28 2619 136 5426 286 71085 28 380 94 45 104 108 104 157 275 98 109
internal_value=-0.00022663 -9.13121e-05 -0.00018019 0.00190793 0.00220655 -0.000636225 -0.000782345 -0.00917513 0.00736891 -0.000741077 0.0114985 0.00538447 -0.00461135 -0.0144088 -0.000480575 -0.0172741 -0.00648221 0.0205787
internal_weight=6731.5 6632.22 6582.72 1179.37 1167.34 5403.36 5307.38 99.2814 95.9748 38.4543 49.496 30.5313 32.1899 60.8271 26.185 45.976 11.8419 18.9647
internal_count=86778 85855 85471 11101 10965 74370 73704 923 666 387 384 230 293 536 265 432 126 154
is_linear=0
shrinkage=0.02


Tree=237
num_leaves=16
num_cat=0
split_feature=10 3 3 37 18 21 8 48 21 11 21 12 21 21 3
split_gain=15.7359 13.982 14.9513 23.4045 17.1215 16.3945 13.7431 9.61666 6.32054 5.96436 6.34516 5.19617 3.9526 3.32853 0.705065
threshold=1.0000000180025095e-35 1.0000000180025095e-35 1.7500000000000002 1.0000000180025095e-35 1.0000000180025095e-35 11.992141246795656 1.7003225684165957 1.0000000180025095e-35 19.575608253479007 41.249156951904304 17.724540710449222 4.0019488334655771 37.07776069641114 39.999839782714851 3.5499999523162846
decision_type=8 2 2 2 8 8 8 2 8 10 8 8 8 8 2
left_child=9 8 3 5 6 -3 -4 -6 -2 10 11 14 -10 -14 -1
right_child=1 2 4 -5 7 -7 -8 -9 12 -11 -12 -13 13 -15 -16
leaf_value=0.011760602200886112 0.0038876851332333524 -0.014268512259051918 -0.0043855979571855823 -0.025217555962124688 0.00033423108554025722 0.0027577346796948199 -0.00081389901194006448 0.0038876851332333524 -0.018873813653414537 0.025766906719667512 0.0038876851332333524 0.027491640866730466 0.0061093064537775998 -0.0083909866298499391 0.0038876851332333524
leaf_weight=5.0320563986897486 6.9345210753381243 22.118176378309727 580.06564389541745 11.408119380474089 2727.9289343631826 1096.8200480970554 1670.1702396962792 102.90654025413096 13.341574437916277 4.015371053479611 399.8384077954106 7.2576395552605382 6.2260634056292465 71.831247716210783 7.3302996531128883
leaf_count=46 45 128 7764 127 36516 10195 23902 568 125 64 6417 57 56 656 101
internal_value=0.000160227 -9.05142e-05 2.85303e-05 0.00210787 -0.000434368 0.00240874 -0.00173615 0.000600668 -0.00753477 0.00388769 0.00388769 0.0150819 -0.00906569 -0.00717176 0.0062842
internal_weight=6733.22 6309.75 6211.42 1130.35 5081.07 1118.94 2250.24 2830.84 98.3334 423.474 419.458 19.62 91.3989 78.0573 12.3624
internal_count=86767 80082 79200 10450 68750 10323 31666 37084 882 6685 6621 204 837 712 147
is_linear=0
shrinkage=0.02


Tree=238
num_leaves=15
num_cat=0
split_feature=27 2 48 3 11 3 23 1 3 3 1 3 11 6
split_gain=16.314 21.9969 15.6409 15.4758 14.9405 14.678 10.8781 8.30887 7.77215 6.05372 6.12172 13.241 9.21091 0.280341
threshold=1.0000000180025095e-35 32.850000381469734 1.0000000180025095e-35 1.0000000180025095e-35 3.1568622589111333 1.7500000000000002 1.0000000180025095e-35 0.39389930665493017 2.4500000476837163 39.250000000000007 0.27044226229190832 11.050000190734865 26.263042449951175 1.0000000180025095e-35
decision_type=2 2 2 2 8 2 2 2 2 2 2 2 8 2
left_child=7 2 3 6 -4 -5 -2 9 -6 10 12 -12 -1 -3
right_child=1 13 4 5 8 -7 -8 -9 -10 -11 11 -13 -14 -15
leaf_value=-0.017100178268445673 -0.013477508353809375 -0.0195315329088195 -0.0096163258072439993 0.0020361295602335612 0.015596631781294256 -0.00047209996698520704 0.00030009083318844048 0.0273667104880418 0.0050176139221281817 0.024517929570471258 0.0051670127463665574 0.0273667104880418 0.0030929576149877807 -0.013477508353809375
leaf_weight=9.2238534055650216 57.619856810197234 22.740905800368662 24.448267698287964 1143.6729646157473 31.938954222947359 5051.3027851469815 37.572337249293923 6.1440528705716124 193.27253728546202 5.3163425773382178 68.369209136813879 9.5230573788285238 76.84323151037097 2.9743693633936337
leaf_count=214 513 1932 118 10454 142 68850 346 49 1160 24 996 117 1821 247
internal_value=0.000150106 -1.11631e-05 6.28114e-05 -0.000132402 0.00496211 -8.79434e-06 -0.00809291 0.00615187 0.00658022 0.00522566 0.00445527 0.00847995 0.000757302 -0.0181223
internal_weight=6740.96 6565.54 6539.83 6290.17 249.66 6194.98 95.1922 175.42 225.211 169.276 163.959 77.8923 86.0671 25.7153
internal_count=86983 83762 81583 80163 1420 79304 859 3221 1302 3172 3148 1113 2035 2179
is_linear=0
shrinkage=0.02


Tree=239
num_leaves=24
num_cat=0
split_feature=35 31 2 41 3 21 3 11 39 2 12 23 15 12 22 13 21 3 3 22 22 13 3
split_gain=15.0111 17.0186 21.4936 20.2253 19.8291 29.25 19.4283 18.1097 15.2347 13.4897 14.4244 9.87641 9.85311 11.7195 9.49825 9.05926 7.72657 7.15517 5.91398 5.1906 1.43282 0.947025 0.547457
threshold=1.0000000180025095e-35 1.0000000180025095e-35 27.94999980926514 1.0000000180025095e-35 2.5499999523162846 44.043205261230476 25.849999427795414 3.1568622589111333 1.0000000180025095e-35 12.750000000000002 5.8309912681579599 1.0000000180025095e-35 1.5000000000000002 6.5947694778442392 0.53643181920051586 0.34749734401702886 73.062362670898452 8.8499999046325701 29.69999980926514 0.091084465384483351 0.068818144500255599 1.7511229515075686 8.9499998092651385
decision_type=2 2 2 2 2 10 2 8 2 2 8 2 8 8 8 8 10 2 2 8 10 10 2
left_child=1 3 4 6 5 -3 8 -6 -1 12 16 14 -2 -12 -5 -13 19 -15 -8 -11 21 -4 -18
right_child=9 2 20 11 7 -7 18 -9 -10 10 13 15 -14 17 -16 -17 22 -19 -20 -21 -22 -23 -24
leaf_value=-0.0011673652429541098 0.002851279537678358 0.0034062246667650098 -0.016446755843399379 -0.014795534444744046 -0.010309867215502011 0.026137464408868528 0.026311003213002688 0.00048323875402588902 0.014973375731627553 0.002851279537678358 0.026374290276493545 -0.0010905621596902506 0.0095708319823511745 0.002851279537678358 0.0022697759849095952 -0.014613993129795076 0.002851279537678358 -0.005276197431303916 0.0073139336623584805 -0.014739696657691705 -0.010309867215502011 -0.010309867215502011 -0.011482910889158791
leaf_weight=3745.3679005680606 72.822302376851439 573.7756469566375 34.669533919543028 16.170698986388743 63.660630133002996 22.610782232135534 10.908150028437378 1622.4561724178493 22.542231212370098 3.5982419303618363 6.9814004115760318 26.00613807933405 160.80392928980291 82.258049550000578 53.508151738438755 84.568622411228716 3.0101497871801248 46.683346178382635 17.125705055892467 41.509541563689709 8.7185575705952925 4.5111865606158963 3.1123595777899027
leaf_count=50246 524 4714 2152 166 348 212 134 21674 200 99 75 298 1209 831 499 907 51 807 113 777 513 236 75
internal_value=-0.000213962 -0.000458195 0.000898667 -0.00125346 0.00117925 0.00431034 -0.000941543 6.98674e-05 -0.00106685 0.00343899 -0.0005629 -0.0077807 0.00663355 0.00285128 -0.00184395 -0.0114717 -0.00950247 0.00138448 0.0153574 -0.0126435 -0.0122223 -0.0149316 0.00285128
internal_weight=6727.38 6306.6 2330.4 3976.2 2282.5 596.386 3795.94 1686.12 3767.91 420.779 187.153 180.254 233.626 135.923 69.6789 110.575 51.2303 128.941 28.0339 45.1078 47.8993 39.1807 6.12251
internal_count=86860 82412 29849 52563 26948 4926 50693 22022 50446 4448 2715 1870 1733 1713 665 1205 1002 1638 247 876 2901 2388 126
is_linear=0
shrinkage=0.02


Tree=240
num_leaves=23
num_cat=0
split_feature=10 35 31 1 12 1 23 11 8 11 22 2 22 1 3 3 3 3 3 8 57 3
split_gain=20.007 16.3856 15.2052 19.1468 14.1843 13.4755 13.2056 12.0482 11.1987 10.2894 7.25193 15.9315 7.98266 6.95025 6.81696 5.82467 5.31891 4.69322 4.61979 1.54321 1.03001 1.01917
threshold=1.0000000180025095e-35 1.0000000180025095e-35 1.0000000180025095e-35 1.4878956675529482 4.080669879913331 0.33146239817142492 1.0000000180025095e-35 8.608427047729494 2.4331824779510502 41.249156951904304 0.14231270551681521 18.250000000000004 0.068818144500255599 0.20066879689693454 8.5500001907348651 15.650000095367433 0.94999998807907116 20.650000572204593 4.5499999523162851 12.8563289642334 1.0000000180025095e-35 19.349999427795414
decision_type=8 2 2 2 8 2 2 8 10 10 8 2 10 2 2 2 2 2 2 10 2 2
left_child=9 2 3 7 8 13 -7 -2 18 10 11 12 -1 -4 -10 20 -5 -17 -3 -12 -6 -13
right_child=1 4 5 16 15 6 -8 -9 14 -11 19 21 -14 -15 -16 17 -18 -19 -20 -21 -22 -23
leaf_value=0.0094033486474103221 0.00054764321393951649 -0.0031329956498783798 -0.0093704918296996682 0.00054764321393951649 0.0042050072404479335 -0.0001811418101661913 0.0033107657654816909 -0.0022513487895149411 0.0042050072404479335 0.032402160228927918 0.0042050072404479335 0.0042050072404479335 0.032433470871574319 -0.0013748624831547663 -0.011189150536339468 -0.018477100750198153 0.0042050072404479335 0.0042050072404479335 -0.018340377875535368 0.01566568955272267 -0.0078107485590878344 0.0094033486474103221
leaf_weight=11.752628218382599 791.57956589199603 13.168202788569031 47.476766660809517 57.170590579509735 307.98912939336151 846.41474880091846 886.15828265249729 2753.5216736383736 16.29952743602917 4.1987691563554099 360.38028109585866 23.456296798307481 14.346230449154971 428.61856005573645 10.581045125611125 8.2063921038061363 111.17801943421364 1.9273134749382723 21.404528823681176 10.067934591323136 9.2075433991849405 2.3350576413795343
leaf_count=161 6100 132 1520 247 2785 7213 7500 41210 197 68 5248 920 163 11706 220 269 491 45 393 100 109 64
internal_value=1.80153e-05 -0.000265594 -0.00052694 -0.00130837 0.00370648 0.000786884 0.00160574 -0.00162639 -0.00542212 0.00420501 0.00420501 0.0117013 0.0227924 -0.00219017 0.00418453 0.00420501 0.00420501 -0.0117705 -0.012799 0.00420501 0.00420501 0.00420501
internal_weight=6737.44 6310.9 5922.12 3713.45 388.784 2208.67 1732.57 3545.1 61.4533 426.537 422.338 51.8902 26.0989 476.095 26.8806 327.33 168.349 10.1337 34.5727 370.448 317.197 25.7914
internal_count=86861 80137 75987 48048 4150 27939 14713 47310 942 6724 6656 1308 324 13226 417 3208 738 314 525 5348 2894 984
is_linear=0
shrinkage=0.02


Tree=241
num_leaves=16
num_cat=0
split_feature=44 48 11 8 15 1 21 2 22 2 12 1 22 1 12
split_gain=14.2887 13.6995 17.5098 13.3301 16.5639 15.0137 14.0447 9.4339 9.76864 6.69425 5.61045 4.35046 3.70059 2.77028 2.64098
threshold=1.0000000180025095e-35 1.0000000180025095e-35 3.1568622589111333 1.2613920569419863 1.5000000000000002 0.2819118350744248 15.54612970352173 6.8500001430511483 0.44932451844215399 20.94999980926514 4.8862287998199472 0.79425066709518444 0.053425425663590438 1.0276506543159487 9.2537512779235858
decision_type=2 2 8 8 8 2 8 2 10 2 10 2 10 2 10
left_child=1 3 14 9 5 -5 -6 12 -9 13 -11 -2 -4 -1 -3
right_child=11 2 7 4 6 -7 -8 8 -10 10 -12 -13 -14 -15 -16
leaf_value=-0.0025211162649147797 -0.022484037149970364 -0.017239569179287061 0.0075713130931425289 -0.0025211162649147797 0.0054868726071957349 0.0046689013392915415 -0.0004021593878011185 0.0032682005215932219 0.016820121622424019 -0.015272528007350772 -0.0025211162649147797 -0.0057718357682673182 0.022777651004540767 -0.0004021593878011185 -0.0041974413308439196
leaf_weight=636.36602753866464 12.85033553466201 12.220917694270613 12.249093245714905 112.0708110849373 166.63993894867599 520.69545849785209 4805.5605590390041 180.92379476502538 17.912585839629173 29.348344610072672 7.0951259108260265 13.016998179256914 16.745309878140688 163.44881969690323 13.333503469824789
leaf_count=8057 111 58 75 4587 1319 5426 63288 1070 77 1245 229 66 92 915 65
internal_value=-4.58833e-05 1.25323e-05 0.00456479 -0.000167225 0.000184361 0.00322943 -0.000203729 0.00633351 0.00472783 -0.00252112 -0.0109877 -0.0146019 0.0168201 -0.00252112 -0.0108489
internal_weight=6720.48 6694.61 253.385 6441.23 5604.97 632.766 4972.2 227.831 198.836 836.258 36.4435 25.8673 28.9944 799.815 25.5544
internal_count=86680 86503 1437 85066 74620 10013 64607 1314 1147 10446 1474 177 167 8972 123
is_linear=0
shrinkage=0.02


Tree=242
num_leaves=13
num_cat=0
split_feature=46 3 48 11 1 22 3 1 8 13 1 15
split_gain=14.7152 13.1785 12.7182 17.3036 12.8623 19.2215 10.9572 8.96547 8.85764 5.83232 1.65822 0.182529
threshold=1.0000000180025095e-35 28.10000038146973 1.0000000180025095e-35 4.1239080429077157 0.44084164500236517 0.29156945645809179 2.4500000476837163 0.10187044739723207 1.8027765750885012 0.76088988780975353 0.67480516433715831 2.5000000000000004
decision_type=2 2 2 8 2 8 2 2 8 10 2 10
left_child=1 2 4 9 8 -6 -5 -3 -1 -4 11 -2
right_child=10 7 3 6 5 -7 -8 -9 -10 -11 -12 -13
leaf_value=-0.0043656494492991128 -0.021265067024096883 0.0050771644455768128 -0.012025770543737713 0.018129871219222916 0.0066421469034538818 0.00017200388898339349 0.0048538010875092356 0.030556706648091462 -0.00087541259559539852 0.0035575368290986942 -0.0070086144379443265 -0.011944639929525802
leaf_weight=333.69097968284041 10.126971490681177 15.621832001954319 29.198769636452198 28.179429240524769 192.35368411615491 3665.6702982131392 179.70520210266113 8.0017950609326345 2227.8830215344205 13.53246174007654 9.6593049019575101 6.6853103991597882
leaf_count=7502 93 96 143 125 1574 28616 1091 83 47259 62 55 74
internal_value=-6.64115e-05 -6.46034e-06 -6.0365e-05 0.00435053 -0.000233214 0.00049623 0.00673159 0.0145981 -0.0013316 -0.00712223 -0.0146741 -0.0184375
internal_weight=6720.31 6693.84 6670.21 250.616 6419.6 3858.02 207.885 23.6236 2561.57 42.7312 26.4716 16.8123
internal_count=86773 86551 86372 1421 84951 30190 1216 179 54761 205 222 167
is_linear=0
shrinkage=0.02


Tree=243
num_leaves=20
num_cat=0
split_feature=43 1 22 22 11 13 39 2 31 0 3 3 21 3 11 13 11 11 25
split_gain=13.0542 13.3093 16.0689 18.5477 13.8961 18.6989 12.3094 8.62188 8.59754 9.86347 7.27005 6.79428 4.34881 11.6652 4.13466 3.85864 3.22929 2.62482 2.05234
threshold=1.0000000180025095e-35 0.29377762973308569 0.036842526867985732 0.033542664721608169 23.993228912353519 0.89938282966613781 1.0000000180025095e-35 10.949999809265138 1.0000000180025095e-35 12.74009418487549 7.9500000476837167 6.3500001430511483 41.140855789184577 12.750000000000002 7.8452160358428964 1.9695995450019839 14.103621006011965 31.073039054870609 1.0000000180025095e-35
decision_type=2 2 8 10 10 10 2 2 2 2 2 2 10 2 8 10 8 8 2
left_child=1 11 3 7 6 -6 -4 -3 9 -2 -11 15 18 -14 -10 17 -12 -1 -13
right_child=8 2 4 -5 5 -7 -8 -9 14 10 16 12 13 -15 -16 -17 -18 -19 -20
leaf_value=-0.01320116217981711 0.033751875154528696 0.020217073962680403 0.00012949791589278852 0.043137631216265973 0.029622733813897479 -0.0019514998197888475 0.014952122489647363 0.0017616457283213332 -0.0094328628443272628 -0.0049496489674358858 0.0062556139107884014 -0.0019514998197888475 -0.0019514998197888475 -0.010927748062824453 0.0080734716683067559 -0.0019514998197888475 0.026707024525470798 -0.006027184076911463 -0.01572470333555686
leaf_weight=34.17964670015499 8.5602242797613162 12.901262745261191 5698.1091832797974 5.3821527715772381 13.998375255614521 14.780274065211414 21.498792424798012 38.1090421192348 9.245924189686777 8.8509947648271936 6.5344015732407543 666.79467259161174 25.789372286759317 79.548296749126166 10.402301446534691 7.244664358906447 6.6201662104576835 57.010232153348625 7.0305832279846063
leaf_count=1450 39 109 55874 65 318 305 151 632 47 71 40 20575 889 2614 110 346 80 2965 202
internal_value=9.3905e-05 1.68103e-05 0.000363978 0.0108943 0.000258797 0.0138857 0.000187817 0.00672827 0.0101529 0.016618 0.0087755 -0.0022773 -0.0019515 -0.00608869 -0.000222404 -0.00727201 0.0177077 -0.00883015 -0.0019515
internal_weight=6732.59 6682.38 5804.78 56.3925 5748.39 28.7786 5719.61 51.0103 50.214 30.5658 22.0056 877.597 779.163 105.338 19.6482 98.4345 13.1546 91.1899 673.825
internal_count=86882 86495 57454 806 56648 623 56025 741 387 230 191 29041 24280 3503 157 4761 120 4415 20777
is_linear=0
shrinkage=0.02


Tree=244
num_leaves=16
num_cat=0
split_feature=19 3 23 27 2 31 15 1 11 0 12 3 3 3 11
split_gain=15.6709 14.0706 21.6362 13.1914 17.2392 14.1441 10.9119 8.00762 7.02057 5.42227 3.99006 3.92308 3.16943 2.2356 0.72625
threshold=1.0000000180025095e-35 1.0000000180025095e-35 1.0000000180025095e-35 1.0000000180025095e-35 32.850000381469734 1.0000000180025095e-35 3.5000000000000004 0.27044226229190832 5.3906736373901376 15.916501045227053 1.3828456997871401 1.2500000000000002 3.2500000000000004 19.849999427795414 0.86039245128631603
decision_type=10 2 2 2 2 2 8 2 8 2 8 2 2 2 10
left_child=1 2 10 6 5 -5 12 -8 -4 -10 -1 -2 -3 -6 -12
right_child=11 3 8 4 13 -7 7 -9 9 -11 14 -13 -14 -15 -16
leaf_value=-0.0045315674610608078 0.01770752152702974 0.0063115792981797113 -0.013889328038649083 -0.00077685296569519327 -0.019262714732079758 0.0011909575055311032 0.0017564546773318544 0.0085027283721800795 0.0085027283721800795 -0.0061802407637662942 -0.015061003148653437 0.0085027283721800795 -0.015827426072168638 -0.0030991788389515985 -0.022631508923035528
leaf_weight=12.10386603232473 18.374037899076939 2.7158927228301737 6.4197066873311988 4063.1095639313571 20.082553933374594 2280.142741875723 80.650916796177626 81.507726084440947 23.157459564507008 9.5070994305424374 31.722245097160339 66.440180528908968 10.851640498265622 4.5995583757758132 14.510078465566037
leaf_count=114 95 83 30 51476 2007 28656 1731 1104 129 238 278 326 313 136 151
internal_value=1.07394e-05 -9.89769e-05 -0.00760488 1.39141e-05 -0.000135648 -6.94284e-05 0.00540382 0.00685911 0.00386067 0.00765811 -0.0152222 0.00850273 -0.0112667 -0.0164886 -0.0178659
internal_weight=6725.9 6641.08 97.4205 6543.66 6367.93 6343.25 175.726 162.159 39.0843 32.6646 58.3362 84.8142 13.5675 24.6821 46.2323
internal_count=86867 86446 940 85506 82275 80132 3231 2835 397 367 543 421 396 2143 429
is_linear=0
shrinkage=0.02


Tree=245
num_leaves=25
num_cat=0
split_feature=42 48 11 10 11 2 7 2 21 1 22 22 1 22 15 21 8 8 12 12 21 21 2 5
split_gain=18.7699 16.3476 17.5791 12.6076 18.2629 17.7809 9.89423 9.0524 8.92844 8.71423 10.0737 8.42451 11.198 8.53756 7.01094 6.48873 4.57434 3.84211 3.47852 2.20852 2.20062 1.31465 1.04655 2.6457
threshold=1.0000000180025095e-35 1.0000000180025095e-35 3.8300539255142216 2.5000000000000004 8.6977915763854998 3.8500000238418584 1.5000000000000002 4.4500000476837167 18.356253623962406 0.59877228736877453 0.20907738804817202 0.59511893987655651 0.4538219422101975 0.25371882319450384 3.5000000000000004 35.490951538085945 1.5653001070022585 2.8287092447280888 2.0396237373352055 2.2208169698715214 14.70293712615967 44.043205261230476 7.9500000476837167 1.0000000180025095e-35
decision_type=2 2 8 10 8 2 10 2 10 2 8 10 2 8 10 8 10 10 10 10 10 8 2 2
left_child=1 3 21 4 8 -6 20 -8 -1 10 -4 12 14 19 15 -2 -11 -15 -16 -14 -5 -3 23 -13
right_child=11 2 9 6 5 -7 7 -9 -10 16 -12 22 13 17 18 -17 -18 -19 -20 -21 -22 -23 -24 -25
leaf_value=0.0050663677084873092 -0.0013490238517506628 -0.004309823438912978 0.013765601042077271 -0.00030324720325865034 0.0053640370580614527 -0.00030324720325865034 -0.0010590327897092575 -0.0089070743966764929 0.00081933695210713385 0.013765601042077271 0.0027054634893384183 -0.002314996753878583 0.020238565418628746 -0.0013490238517506628 -0.012043652477750983 -0.012058390081266569 0.026326549956957351 0.0042607396300534455 -0.0013490238517506628 0.0048410265075316183 -0.0010590327897092575 -0.013071782379052814 -0.017884123424068303 -0.014641871092579799
leaf_weight=465.14998060464859 24.121848710346967 15.672279216349127 44.495631575584412 330.01253883633763 232.80341862142086 4188.1576893604361 26.285732448101044 138.20625103265047 344.98475931957364 20.261742755770683 121.93733318895102 11.911750789731743 8.0745014213025517 169.46037805825472 12.537748284637926 92.743867602664977 13.820187166333197 47.893922071903944 23.163939659949392 7.7178257703781137 331.64799856767058 13.66161499917507 11.613977488130329 17.388500206172466
leaf_count=2865 444 73 333 3485 1631 63475 164 2015 2404 87 657 67 69 1264 346 2076 61 325 555 54 4042 67 84 81
internal_value=6.3129e-05 0.000338852 0.00556248 0.000139751 0.000502465 -3.66809e-06 -0.00215474 -0.00652915 0.00326107 0.00767983 0.00572693 -0.00399142 -0.00305683 -0.000293436 -0.00725032 -0.00966661 0.0167814 -0.00134902 -0.00134902 0.0134501 -0.00105903 -0.00868692 -0.012519 -0.00987228
internal_weight=6713.73 6287.1 229.849 6057.25 5231.1 4420.96 826.153 164.492 810.135 200.515 166.433 426.628 385.714 233.147 152.567 116.866 34.0819 217.354 35.7017 15.7923 661.661 29.3339 40.9142 29.3003
internal_count=86724 81359 1278 80081 70375 65106 9706 2179 5269 1138 990 5365 5133 1712 3421 2520 148 1589 901 123 7527 140 232 148
is_linear=0
shrinkage=0.02


Tree=246
num_leaves=18
num_cat=0
split_feature=46 25 0 42 0 49 3 3 36 6 3 1 3 3 11 6 8
split_gain=15.1529 12.0141 31.6515 15.3676 18.8749 17.49 13.6998 18.486 13.4982 13.707 12.0229 10.57 10.2836 8.20339 6.23193 2.50224 1.57279
threshold=1.0000000180025095e-35 1.0000000180025095e-35 12.000208377838137 1.0000000180025095e-35 4.4073791503906259 1.0000000180025095e-35 7.0499999523162851 6.0499999523162851 1.0000000180025095e-35 1.0000000180025095e-35 11.449999809265138 0.53883641958236705 2.3500000238418584 0.75000000000000011 13.899936676025392 1.0000000180025095e-35 1.4037750959396365
decision_type=2 2 2 2 2 2 2 2 2 2 2 2 2 2 10 2 10
left_child=1 3 8 4 13 -6 7 -5 9 -3 -8 14 -10 -1 -4 -13 -2
right_child=16 2 11 6 5 -7 10 -9 12 -11 -12 15 -14 -15 -16 -17 -18
leaf_value=0.0007041765832534896 -0.019634228406577688 0.00095095154429222187 -0.017084548359693367 -0.0027675095466162991 0.0007041765832534896 -0.004322331839411022 -0.013159746811167355 0.012947385741311893 0.024822099473689775 -0.0033911374735370553 -5.868148441453478e-05 0.0002256091997704679 0.0026118671474173534 0.011929066590276762 -0.0045841733004566582 -0.0045841733004566582 -0.008707438643650459
leaf_weight=34.753830954432487 14.113403189927341 619.20401851832867 74.489561764523387 270.25024219136685 4519.6747612371109 293.969935528934 84.435075371991843 32.662700733635575 12.961869083344935 546.7677196059376 41.705924929585308 43.17345224507153 21.377871204167604 81.862888317555189 10.127544945105909 30.733452692627907 12.374119969084857
leaf_count=146 117 4971 1705 2450 64151 2214 1365 369 91 6038 1197 692 174 382 249 583 105
internal_value=-0.000212897 -0.000152242 -0.00183118 0.000273708 0.000589873 0.000396373 -0.00335226 -0.00103597 -0.000718182 -0.00108638 -0.00886268 -0.0102012 0.0114605 0.00850577 -0.0149964 -0.00458417 -0.0150321
internal_weight=6744.64 6718.15 1358.84 5359.32 4930.26 4813.64 429.054 302.913 1200.31 1165.97 126.141 158.524 34.3397 116.617 84.6171 73.9069 26.4875
internal_count=86999 86777 14503 72274 66893 66365 5381 2819 11274 11009 2562 3229 265 528 1954 1275 222
is_linear=0
shrinkage=0.02


Tree=247
num_leaves=16
num_cat=0
split_feature=43 46 41 42 25 22 23 31 0 31 0 3 21 0 7
split_gain=13.2797 13.097 11.3933 11.7752 12.4362 9.44815 9.15461 12.5162 11.1903 7.80919 11.0224 8.0241 5.35685 1.9421 1.01404
threshold=1.0000000180025095e-35 1.0000000180025095e-35 1.0000000180025095e-35 1.0000000180025095e-35 1.0000000180025095e-35 0.58815377950668346 1.0000000180025095e-35 1.0000000180025095e-35 14.766346931457521 1.0000000180025095e-35 12.74009418487549 10.949999809265138 31.844388008117679 9.9000000953674334 1.0000000180025095e-35
decision_type=2 2 2 2 2 10 2 2 2 2 2 2 10 2 8
left_child=1 2 3 4 -1 -5 8 -8 -4 10 -2 -12 -11 -3 -15
right_child=9 13 6 5 -6 -7 7 -9 -10 12 11 -13 -14 14 -16
leaf_value=0.00079464449646064381 0.035094601045895665 -0.0042730101004338676 0.0037605469763643579 -0.0020897799583244796 -0.0013899980544610528 -0.01168878002157831 -0.010491012061875154 0.0019439373778678444 -0.013609928324363297 -0.009689332563513401 -0.002521148683660347 0.021251208626666268 0.01115399717990331 -0.0088652210241394035 -0.021290438038684613
leaf_weight=4620.7803353345953 8.0929629206657427 6.5155027061700848 81.023822166025639 386.43688119249418 1344.8125424385071 45.003990234807134 117.52767613017932 44.162105881143361 17.111858805641532 9.7653521429747361 12.229209770448508 9.3109971527010185 8.1025509946048242 6.0917528197169331 11.833457170054315
leaf_count=63974 37 36 531 5127 14397 256 1238 390 367 88 93 97 57 54 122
internal_value=-7.5074e-05 -0.000150747 -9.59952e-05 7.10542e-05 0.000302014 -0.00311577 -0.00419334 -0.0071036 0.000624935 0.0103524 0.0164816 0.00824164 -0.0001473 -0.0144734 -0.0177594
internal_weight=6728.8 6681.3 6656.86 6397.03 5965.59 431.441 259.825 161.69 98.1357 47.5011 29.6332 21.5402 17.8679 24.4407 17.9252
internal_count=86864 86492 86280 83754 78371 5383 2526 1628 898 372 227 190 145 212 176
is_linear=0
shrinkage=0.02


Tree=248
num_leaves=15
num_cat=0
split_feature=43 19 3 1 22 22 11 11 1 23 3 3 3 1
split_gain=14.0696 14.29 10.5774 16.9449 10.6941 10.4169 7.08446 4.6319 4.17453 3.00174 3.792 2.7507 1.11826 0.562448
threshold=1.0000000180025095e-35 1.0000000180025095e-35 23.349999427795414 0.25782336294651037 0.086948394775390639 0.040931588038802154 7.9334669113159189 19.329535484313968 0.29868169128894811 1.0000000180025095e-35 39.149999618530281 4.5499999523162851 1.2500000000000002 0.22077211737632754
decision_type=2 10 2 2 8 8 8 8 2 2 2 2 2 2
left_child=1 2 3 4 -1 -5 -2 -8 13 10 -4 12 -3 -9
right_child=6 11 9 5 -6 -7 7 8 -10 -11 -12 -13 -14 -15
leaf_value=-0.011031631066415512 0.001799211436778087 0.014244712447738634 -0.0058298822314383995 0.0070429702868937015 -0.0026513796391946474 -8.90362817952581e-05 0.02720352388504783 -0.0075380726736832392 0.016534340498377792 0.0080340810804096757 0.0080340810804096757 0.015045937860226538 0.0080340810804096757 0.0029668406963101537
leaf_weight=72.113427137024701 22.302952386438847 20.171551145613194 14.057463374920191 82.054104086942971 372.37655330216512 5984.958173382096 10.240211058408024 3.3981872731819776 11.713155623525379 29.032273361459374 6.0113458931446067 18.264424510300159 46.029560178518295 3.032388661056757
leaf_count=3525 113 103 188 1518 14004 66163 78 90 65 390 27 89 228 42
internal_value=-1.04294e-05 -9.12655e-05 -0.000197085 -0.000267876 -0.00403269 8.56625e-06 0.0103839 0.0168387 0.00987338 0.00803408 0.000140287 0.00803408 0.00704297 -0.00285178
internal_weight=6695.76 6645.07 6560.6 6511.5 444.49 6067.01 50.6869 28.3839 18.1437 49.1011 20.0688 84.4655 66.2011 6.43058
internal_count=86623 86235 85815 85210 17529 67681 388 275 197 605 215 420 331 132
is_linear=0
shrinkage=0.02


Tree=249
num_leaves=21
num_cat=0
split_feature=3 18 44 46 11 23 13 11 1 21 8 21 3 11 11 8 0 0 13 9
split_gain=16.876 15.1772 14.4284 14.5334 13.8046 11.6894 10.4435 13.3982 9.05423 8.19012 11.6848 7.21674 5.09897 5.04675 4.74527 4.6622 1.69781 1.61844 0.942276 0.175741
threshold=1.0000000180025095e-35 1.0000000180025095e-35 1.0000000180025095e-35 1.0000000180025095e-35 7.1643049716949472 1.0000000180025095e-35 0.44196584820747381 11.903464794158937 0.25782336294651037 32.114606857299812 2.2275993824005131 20.155667304992679 3.5499999523162846 4.5456764698028573 5.7348315715789804 4.0595397949218759 9.5932264328002947 15.916501045227053 0.80562949180603038 1.0000000180025095e-35
decision_type=2 10 2 2 8 2 8 8 2 8 10 8 2 8 8 10 2 2 8 10
left_child=5 2 3 8 9 13 15 -8 -2 10 -3 -7 -4 -1 -13 -6 19 -16 -5 -15
right_child=1 4 12 18 6 11 7 -9 -10 -11 -12 14 -14 16 17 -17 -18 -19 -20 -21
leaf_value=0.0011221339526702818 -0.002712995996682648 2.9990570048395483e-05 -0.0028555802434822599 -0.0089351677874441333 2.9990570048395483e-05 0.017989101728140951 0.023076174010857479 0.0075053583343211074 2.9990570048395483e-05 2.9990570048395483e-05 0.021219006024901194 -0.018095404191061912 -0.022108797699352069 -0.010258027717026897 0.0033362055369856973 0.015478659256777447 -0.021379747506265361 -0.0066967159050489566 -0.018790502252867786 -0.015912999688835437
leaf_weight=7.419976294040679 480.35368893668056 13.703337609767916 8.9196711331605929 9.5267439950257558 28.10509897582233 6.3608170412480822 28.92483226582408 91.924536278471351 5800.0506629878655 104.78901913017035 16.713061507791281 6.3379415869712821 14.90783893689513 19.754416037350897 18.525561615824703 6.9818321429193011 19.241056741215289 8.5902066384442133 14.152121860533951 9.5020853802561742
leaf_count=43 17967 69 49 89 286 39 228 687 65599 573 88 30 119 123 101 47 288 220 123 68
internal_value=-5.56586e-06 0.000115617 -9.01294e-05 -3.01965e-05 0.00457248 -0.0082989 0.00860882 0.011391 2.99906e-05 2.99906e-05 0.0102459 1.34723e-05 -0.0153068 -0.0141137 -0.0038273 2.99906e-05 -0.0164204 3.26649e-05 -0.0153481 -0.0125599
internal_weight=6714.78 6619.05 6327.91 6304.08 291.142 95.7321 155.936 120.849 6280.4 135.205 30.4164 39.8145 23.8275 55.9175 33.4537 35.0869 48.4976 27.1158 23.6789 29.2565
internal_count=86836 85924 83946 83778 1978 912 1248 915 83566 730 157 390 168 522 351 333 479 321 212 191
is_linear=0
shrinkage=0.02


Tree=250
num_leaves=21
num_cat=0
split_feature=10 35 31 3 2 2 23 26 19 0 3 24 12 3 12 8 13 8 13 13
split_gain=14.0994 12.64 12.9146 16.2596 12.9901 12.4761 10.956 7.76614 6.18342 5.98813 7.82795 9.13426 5.89057 5.18755 3.04851 8.08161 2.68622 2.51806 1.38874 1.27555
threshold=1.5000000000000002 1.0000000180025095e-35 1.0000000180025095e-35 0.35000000894069677 27.650000572204593 5.6499998569488534 1.0000000180025095e-35 1.0000000180025095e-35 1.0000000180025095e-35 9.487096309661867 4.3500001430511483 1.0000000180025095e-35 5.7789437770843515 5.3500001430511483 4.7435042858123788 2.2361280918121342 0.48453612625598913 1.9221611618995669 2.6953198909759526 1.2540372610092165
decision_type=8 2 2 2 2 2 2 2 8 2 2 2 10 2 8 10 10 10 10 10
left_child=9 2 5 8 -5 6 -2 -7 -4 10 11 18 13 -12 15 16 -3 -13 -1 -17
right_child=1 14 3 4 -6 7 -8 -9 -10 -11 12 17 -14 -15 -16 19 -18 -19 -20 -21
leaf_value=0.0018139098668623359 0.0018139098668623359 -0.0043408963322506119 -0.014983151875316012 0.0012684559353220624 -0.011874889448614784 -0.0021304130179790061 -0.0021304130179790061 -0.013833240897442773 -0.0034145078802282737 0.0018139098668623359 0.018377952820926899 0.0048808668509561686 0.0018139098668623359 0.0076155177416196377 0.0018139098668623359 0.0018139098668623359 -0.017956961198608516 0.015891043168788418 0.0086733430680569386 -0.0064856414092629017
leaf_weight=108.42719235643744 484.69128363952041 9.9224880281835812 31.595982688944787 1703.9491490311921 29.625502014532685 2495.9762693620287 216.95097173191607 21.715246044099331 44.52352919569239 1133.0912987333722 28.722144730389118 14.943369172513483 15.907029096037148 52.170612558722496 251.31185193080455 13.499350518453868 16.303142842836678 21.929999314248562 25.779527150094509 7.2702298695221534
leaf_count=571 3366 183 291 19922 1829 35869 1425 136 403 18805 153 69 83 384 2589 217 219 102 133 93
internal_value=2.93242e-05 -0.000440235 -0.000713604 0.000637958 0.00103713 -0.00147332 0.000884171 -0.00213041 -0.00834848 0.00181391 0.00480063 0.00220558 0.00931757 0.0116146 0.00181391 -0.0059104 -0.013154 0.0116757 0.00181391 0.00181391
internal_weight=6728.31 5327.33 5029.03 1809.69 1733.57 3219.33 701.642 2517.69 76.1195 1400.97 267.88 171.08 96.7998 80.8928 298.307 46.9952 26.2256 36.8734 134.207 20.7696
internal_count=86842 66542 63241 22445 21751 40796 4791 36005 694 20300 1495 875 620 537 3301 712 402 171 704 310
is_linear=0
shrinkage=0.02


Tree=251
num_leaves=19
num_cat=0
split_feature=3 3 46 44 23 3 21 23 13 3 22 3 3 2 3 2 21 13
split_gain=15.3968 15.0381 12.9541 12.3979 11.2991 10.9861 8.16278 6.71495 9.94771 5.07398 4.6244 4.51044 6.20359 3.57874 2.51488 4.34827 2.43378 2.42587
threshold=23.349999427795414 1.0000000180025095e-35 1.0000000180025095e-35 1.0000000180025095e-35 1.0000000180025095e-35 1.7500000000000002 20.155667304992679 1.0000000180025095e-35 0.94819876551628124 3.5499999523162846 0.15111033618450168 24.050000190734867 27.050000190734867 9.5500001907348651 39.149999618530281 20.550000190734867 32.570604324340827 0.80562949180603038
decision_type=2 2 2 2 2 2 8 2 8 2 10 2 2 2 2 2 10 8
left_child=1 4 3 5 13 -3 -6 14 -9 -5 -8 -10 -13 16 15 -2 -1 -4
right_child=7 2 17 9 6 -7 10 8 11 -11 -12 12 -14 -15 -16 -17 -18 -19
leaf_value=-0.012766745248874277 0.0044187480318262171 0.0018663012592917685 -0.0057642644831722815 -0.0016084102616812932 0.019805996512549693 -0.00026810255007306901 -0.00015220674242876389 -0.0026778685111371694 0.038307830321163867 -0.02028259743527324 -0.01885429411660474 0.00017064220003802283 0.024119979945731038 -0.020967975233420304 0.011937545453507184 -0.017656819299050198 -0.0014595891637321349 -0.019476042318484075
leaf_weight=27.765054248273373 9.772931821644308 1175.6469965251163 9.5299116596579569 9.1957149505615252 6.1126787438988677 5351.7685827733949 27.552834065165371 8.1290904097259027 5.249311966821554 15.769348207861183 5.5496400166302911 6.4237424340099123 12.341026704758404 17.877520422451198 5.2809121310710898 4.3794780764728776 10.738636549562214 14.231312233954666
leaf_count=174 102 11053 87 50 38 73777 325 118 59 123 43 132 109 281 24 95 75 120
internal_value=-2.29815e-05 -0.000107922 7.14887e-06 6.17028e-05 -0.00794185 0.00011655 0.000324229 0.0107577 0.0162327 -0.0137309 -0.00374855 0.0224853 0.0163448 -0.0135967 0.00135059 -0.003127 -0.00972997 -0.0144316
internal_weight=6723.31 6671.74 6576.14 6552.38 95.5964 6527.42 39.2152 51.5765 32.1432 24.9651 33.1025 24.0141 18.7648 56.3812 19.4333 14.1524 38.5037 23.7612
internal_count=86785 86146 85210 85003 936 84830 406 639 418 173 368 300 241 530 221 197 249 207
is_linear=0
shrinkage=0.02


Tree=252
num_leaves=17
num_cat=0
split_feature=39 0 42 8 21 1 25 13 40 8 23 11 0 54 0 11
split_gain=13.6155 25.654 11.8328 12.1009 18.9886 11.2727 14.608 8.65986 7.049 5.01224 4.13917 3.83774 4.65037 2.97878 1.88455 1.35198
threshold=1.0000000180025095e-35 7.7739939689636239 1.0000000180025095e-35 3.6856077909469609 17.724540710449222 0.94522735476493847 1.0000000180025095e-35 5.725156545639039 1.0000000180025095e-35 1.0440924167633059 1.0000000180025095e-35 2.4743778705596928 5.658621311187745 1.0000000180025095e-35 25.458692550659183 4.2677376270294198
decision_type=2 2 2 10 8 2 2 8 2 10 2 10 2 2 2 8
left_child=2 -2 3 5 8 6 -1 -6 -5 14 -3 -11 -13 -7 15 -4
right_child=1 10 9 4 7 13 -8 -9 -10 11 -12 12 -14 -15 -16 -17
leaf_value=-5.7995213536777869e-05 0.039224122596102688 0.0090247963508980397 -0.012461360441043075 0.0052945691497628556 0.0016831336702159126 0.0016831336702159126 -0.0030797781095678644 0.016406812182709601 0.020915089810042767 -0.0058286171735552261 -0.010448350245419225 0.010675292218660882 -0.0012536900410044585 -5.7995213536777869e-05 -0.017124976673628781 -0.0058286171735552261
leaf_weight=3746.6957400552928 9.1784063801169413 7.1478428374975893 12.814313340932129 20.778990240767598 730.9972734102048 861.47399695962667 770.7330939443782 14.991648151539264 27.778581509366632 19.904515484813601 8.4335711393505335 12.926351904869078 212.58568038512021 78.709969207644463 5.1735346312634638 159.36570101510733
leaf_count=53668 42 79 71 173 11198 4457 10619 119 266 104 88 57 2995 572 291 1848
internal_value=1.43509e-05 0.0145267 -4.1649e-05 0.000177537 0.00248194 -0.000158343 -0.000574119 0.00168313 0.0144724 -0.00327586 -0.00150968 -0.00141491 -0.00052581 0.00168313 -0.00582862 -0.00582862
internal_weight=6699.69 24.7598 6674.93 6252.16 794.546 5457.61 4517.43 745.989 48.5576 422.77 15.5814 245.417 225.512 940.184 177.354 172.18
internal_count=86647 209 86438 81072 11756 69316 64287 11317 439 5366 167 3156 3052 5029 2210 1919
is_linear=0
shrinkage=0.02


Tree=253
num_leaves=21
num_cat=0
split_feature=3 27 3 0 3 21 15 3 3 24 3 21 21 3 0 7 3 24 0 22
split_gain=15.1757 12.3919 12.6122 22.9359 16.4532 16.2581 14.3015 12.0798 27.103 17.2306 13.5886 9.24111 8.85989 6.61548 4.7084 3.46923 3.28849 1.27598 0.702481 0.669831
threshold=1.0000000180025095e-35 1.0000000180025095e-35 1.7500000000000002 27.040802955627445 1.9499999880790713 15.266884326934816 3.5000000000000004 5.1499998569488534 4.6499998569488534 1.0000000180025095e-35 6.1499998569488534 18.161911010742191 40.522558212280281 39.250000000000007 9.5932264328002947 1.0000000180025095e-35 4.9500000476837167 1.0000000180025095e-35 7.4829804897308358 0.34881450235843664
decision_type=2 2 2 2 2 8 8 2 2 2 2 8 10 2 2 10 2 2 2 10
left_child=11 7 3 6 12 -6 -3 8 9 -2 -9 -1 -4 -12 15 18 -10 19 -13 -16
right_child=1 2 4 -5 5 -7 -8 10 16 -11 13 14 -14 -15 17 -17 -18 -19 -20 -21
leaf_value=0.01431187067061024 -0.0047658535952505724 0.0057980076786363459 -0.0087044894225100037 -0.019380625058583803 0.0064868903892814876 -0.00026999827854378854 0.00094149257181514378 -0.019354221600286964 0.05888647550847155 0.020771591528832085 0.0031015841558736813 -0.00018787922297078323 0.013251549176915582 0.025724016788885487 -0.012929381964588767 -0.012929381964588767 0.022958655730110165 -0.021095938771511911 -0.0060912285623870898 -0.021666248339889532
leaf_weight=6.2492229528725138 22.731523420661688 346.28115153871477 118.21083300048485 18.669126861728728 145.6150748860091 5003.2178666493855 805.92213399894536 9.7194760199636203 3.9642117936164132 18.282388197258115 111.38148102350533 26.998815529048443 6.9624421223998061 4.4572828561067572 19.380095601547517 15.949120353907345 3.9127672705799341 11.216123313643036 10.53721998259425 5.5614967085421076
leaf_count=39 421 2998 1094 1073 1194 69496 6880 210 67 308 2135 141 83 20 332 101 54 163 74 63
internal_value=0.000192238 0.000307214 0.000164421 0.00204122 -0.000252551 -7.7683e-05 0.00240482 0.00555156 0.0138811 0.00684118 0.00222409 -0.0076657 -0.00738789 0.00418477 -0.0093388 -0.00540841 0.0456366 -0.0148507 -0.00196015 -0.0129294
internal_weight=6715.22 6619.33 6444.88 1170.87 5274.01 5148.83 1152.2 174.449 48.8909 41.0139 125.558 95.8921 125.173 115.839 89.6429 53.4852 7.87698 36.1577 37.536 24.9416
internal_count=86946 86033 82818 10951 71867 70690 9878 3215 850 729 2365 913 1177 2155 874 316 121 558 215 395
is_linear=0
shrinkage=0.02


Tree=254
num_leaves=19
num_cat=0
split_feature=3 46 3 5 6 23 25 0 0 6 0 19 16 9 3 0 12 0
split_gain=14.1542 13.3382 13.5261 29.988 21.0179 12.8493 11.0841 35.2957 16.3537 7.59976 3.31299 2.13029 2.29182 1.93023 1.37172 1.24185 0.602796 0.210118
threshold=1.0000000180025095e-35 1.0000000180025095e-35 0.15000000223517421 1.0000000180025095e-35 1.0000000180025095e-35 1.0000000180025095e-35 1.0000000180025095e-35 12.000208377838137 4.4073791503906259 1.0000000180025095e-35 9.5932264328002947 1.0000000180025095e-35 1.0000000180025095e-35 1.5000000000000002 5.5499999523162851 7.0263783931732187 1.5050399303436282 9.1991844177246112
decision_type=2 2 2 2 2 2 2 2 2 2 2 8 10 10 2 2 10 2
left_child=5 2 3 4 -2 10 8 -8 -4 11 13 12 -7 15 16 -1 -3 -13
right_child=1 14 6 -5 -6 9 7 -9 -10 -11 -12 17 -14 -15 -16 -17 -18 -19
leaf_value=-0.0037814188876546329 0.025906099923701575 -0.020651635045576763 0.0075610025258000656 -0.014609143644459423 -0.0029342283309594657 -0.0015679351763368558 -0.00045888600869706822 -0.01064092833901604 0.00021302592242164405 0.020319245815235781 -0.021066398687078779 0.0041775517904354357 -0.01690076200161271 -0.017085754389212959 -0.0058463137579027663 -0.012622842258799392 -0.010340380281579225 -0.00014916388024915398
leaf_weight=19.685840360820297 32.228944754227996 10.483944885432726 123.08408484235406 14.969125203788279 14.255522966384886 9.9150536223314685 1131.6327310204506 153.82574801333249 5136.3731040493585 5.9021532014012328 16.944476735778153 8.5545325726270693 5.6848682276904574 10.890758059918879 7.43155813217163 9.4838961958885175 7.5063611939549437 8.3435341347940248
leaf_count=109 364 80 557 68 161 124 10752 3153 70591 59 274 38 46 75 82 75 59 127
internal_value=-9.94856e-05 1.11136e-05 6.78226e-05 0.00933131 0.017186 -0.00770781 -2.05694e-05 -0.00168466 0.000386391 0.00123537 -0.0136496 -0.00273368 -0.00783699 -0.0100759 -0.0141706 -0.00697913 -0.0171204 0.00215223
internal_weight=6727.2 6631.79 6606.37 61.4536 46.4845 95.4051 6544.92 1285.46 5259.46 38.4001 57.005 32.498 15.5999 40.0605 25.4219 29.1697 17.9903 16.8981
internal_count=86794 85867 85646 593 525 927 85053 13905 71148 394 533 335 170 259 221 184 139 165
is_linear=0
shrinkage=0.02


Tree=255
num_leaves=25
num_cat=0
split_feature=41 42 43 14 35 3 3 34 13 15 1 3 3 2 11 1 12 12 34 11 3 3 23 3
split_gain=15.5404 13.9308 11.9567 11.4066 11.2565 10.9392 12.7837 12.9393 10.9498 10.2891 11.5506 9.02197 19.6667 8.1666 6.72459 7.36654 5.59267 5.30029 5.22971 5.19256 4.61865 4.44219 3.75067 2.52101
threshold=1.0000000180025095e-35 1.0000000180025095e-35 1.0000000180025095e-35 1.0000000180025095e-35 1.0000000180025095e-35 7.2500000000000009 6.0499999523162851 1.0000000180025095e-35 0.38697670400142675 1.5000000000000002 0.594089835882187 12.34999990463257 12.650000095367433 3.8500000238418584 7.4974639415740976 0.41846916079521185 7.6580505371093759 3.7363756895065312 1.0000000180025095e-35 8.1025457382202166 12.949999809265138 5.8500001430511483 1.0000000180025095e-35 8.7500000000000018
decision_type=2 2 2 8 2 2 2 2 10 8 2 2 2 2 10 2 10 10 2 10 2 2 2 2
left_child=1 2 3 18 -5 6 7 -3 -8 14 13 22 -13 -11 -2 -16 21 19 -1 -12 -15 -4 -7 -18
right_child=9 5 16 4 -6 11 8 -9 -10 10 17 12 -14 20 15 -17 23 -19 -20 -21 -22 -23 -24 -25
leaf_value=0.0035126961978061374 -0.0034822331211643615 -0.0047774398098851542 0.0029361628392784497 -0.00010061616973619667 0.0035126961978061374 -0.016593389655431445 -0.00028604583759422257 0.0069984842639599851 0.021564554185597825 -0.0025924444226279523 -0.0025924444226279523 0.039522893821734635 -0.0054152296108513588 -0.015123563444754771 -0.0026642124458244412 0.024314673656816461 0.0089348322113414688 0.008509022778484884 0.012230848985757466 0.0093294781232723476 -0.0025924444226279523 0.021154340606614159 -0.0080383025397720732 -0.0039096318786369186
leaf_weight=190.47430258709937 16.19361225515604 224.40676897764206 7.8161861309781697 5397.862713187933 367.40020556561649 35.145842875819653 19.993115316145122 43.812663966789842 15.911366088315843 3.9931779392063609 99.365112707018852 3.5811898559331921 25.0648726047948 81.961851738393307 6.1777033237740424 9.8234485536813718 11.236449544318022 16.257325008511543 31.126453541219234 15.823420681059359 5.0676998915150753 18.899963572621346 57.004473133012652 11.368529833853243
leaf_count=1194 87 2058 61 73203 4037 571 243 377 171 50 548 61 893 1239 120 78 69 85 190 125 159 155 964 98
internal_value=-5.45366e-05 0.000136807 0.000383416 0.000301764 0.000130217 -0.00335906 -0.00132591 -0.00283504 0.00971917 -0.0048907 -0.00641945 -0.00842492 0.00134637 -0.0118578 0.00554827 0.0143547 0.0100918 -0.00259244 0.00474418 -0.00259244 -0.0138586 0.0161226 -0.0114443 0.00258311
internal_weight=6715.77 6461.11 6036.18 5986.86 5765.26 424.92 304.124 268.219 35.9045 254.663 222.469 120.796 28.6461 91.0227 32.1948 16.0012 49.3211 131.446 221.601 115.189 87.0296 26.7161 92.1503 22.605
internal_count=86836 84345 79007 78624 77240 5338 2849 2435 414 2491 2206 2489 954 1448 285 198 383 758 1384 673 1398 216 1535 167
is_linear=0
shrinkage=0.02


Tree=256
num_leaves=19
num_cat=0
split_feature=3 1 3 2 3 15 1 8 6 2 3 12 23 11 15 3 3 3
split_gain=13.1687 15.8793 16.169 45.7577 14.0787 12.2563 19.2475 11.2344 8.5818 8.01821 12.3985 6.14583 4.11307 5.45157 1.87505 1.53378 1.08739 0.277098
threshold=23.349999427795414 0.20442671328783038 18.650000572204593 15.949999809265138 12.34999990463257 1.5000000000000002 0.7128843665122987 1.7891100049018862 1.0000000180025095e-35 5.4500000476837167 19.250000000000004 3.0200939178466801 1.0000000180025095e-35 26.594339370727543 1.5000000000000002 35.799999237060554 27.050000190734867 26.500000000000004
decision_type=2 2 2 2 2 8 2 8 2 2 2 10 2 10 10 2 2 2
left_child=1 4 5 -4 -1 7 -7 -3 -5 -6 -11 12 15 16 -13 17 -14 -2
right_child=11 2 3 8 9 6 -8 -9 -10 10 -12 14 13 -15 -16 -17 -18 -19
leaf_value=-0.020364924673882841 0.0027947031438202586 -0.0005902769743920185 0.089375193173163017 -0.0036189126142132993 -0.00099212155610766371 -0.00099212155610766371 0.0015005649346926011 0.0039841404086029993 0.034145731348236154 -0.0162223219136482 -0.0036189126142132993 0.0050180685566280246 0.0056609234106356566 0.032082424730946253 -0.011831791932149213 0.011392968224102532 0.016619472892094197 -0.0037496860275893738
leaf_weight=23.28294145129621 3.9900213945656997 336.87958031054586 2.0966077037155619 11.139891473576421 25.456932120025158 3707.5227262810804 1859.8105132319033 590.25653751241043 1.9247181918472058 39.344242936931551 55.38579482305795 4.1145788496360165 9.232888090424245 7.5932860020548096 4.719163915142417 7.229766108095645 7.3905088230967513 4.4180892147123814
leaf_count=831 82 4287 73 404 531 56290 11937 7970 67 1565 2046 66 157 80 68 35 63 50
internal_value=0.000176255 9.96297e-05 0.000245142 0.0202252 -0.00645868 0.000195393 -0.000159301 0.00232316 0.00356238 -0.00361891 -0.00749201 0.0104341 0.0137184 0.0187601 -0.00427128 0.00525253 0.0111995 -0.000677129
internal_weight=6701.79 6653.1 6509.63 15.1612 143.47 6494.47 5567.33 927.136 13.0646 120.187 94.73 48.6883 39.8546 24.2167 8.83374 15.6379 16.6234 8.40811
internal_count=86602 86001 81028 544 4973 80484 68227 12257 471 4142 3611 601 467 300 134 167 220 132
is_linear=0
shrinkage=0.02


Tree=257
num_leaves=22
num_cat=0
split_feature=9 41 19 27 1 15 22 11 15 2 15 1 11 12 12 11 8 12 6 11 31
split_gain=11.4386 10.1507 11.4163 9.75842 14.4914 7.58481 7.28913 6.08651 4.83264 4.14312 6.01075 3.76017 3.28281 3.37459 3.1668 2.25188 1.70394 2.08654 1.3562 2.51219 1.2016
threshold=2.5000000000000004 1.0000000180025095e-35 1.0000000180025095e-35 1.0000000180025095e-35 0.25782336294651037 1.5000000000000002 0.69256564974784862 5.2813632488250741 3.5000000000000004 7.8500001430511483 2.5000000000000004 1.4878956675529482 14.206173419952394 0.63600477576255809 1.9106505513191225 9.6568479537963885 0.6750445067882539 4.383054494857789 1.0000000180025095e-35 17.050227165222172 1.0000000180025095e-35
decision_type=10 2 10 2 2 8 8 10 8 2 10 2 10 10 10 10 10 8 2 8 2
left_child=1 2 3 8 -5 6 15 14 -1 -2 16 18 13 -12 -4 -3 17 -11 -7 -14 -8
right_child=9 5 7 4 -6 11 20 -9 -10 10 12 -13 19 -15 -16 -17 -18 -19 -20 -21 -22
leaf_value=-0.0039267883933981644 -0.0039267883933981644 -0.0039267883933981644 0.0088567509926432315 -0.0033429482616294322 0.00053871259604420163 -0.0039267883933981644 0.0082013392018116978 0.0050262032778189882 0.0050262032778189882 -0.017599460301658876 -0.0039267883933981644 0.0099068233228198892 0.0075650955711034128 -0.015556562953797435 0.019561502493149478 0.0067339520231969405 -0.0039267883933981644 -0.0039267883933981644 0.0020658758713444992 -0.011739321257277701 0.0209525635376882
leaf_weight=13.443158725276588 145.05654796026647 9.9955679848790187 34.987293694168329 412.35528693208471 5551.9842198947445 169.54066605120897 7.8754727961495501 19.753672260791063 163.24299507960677 8.2398002846166456 9.0715466029942018 8.4501567184925062 5.9069129005074474 49.17451655305922 18.051320724189281 7.1302411891520014 34.971813175827265 4.1290509868413219 33.679853253997862 3.4234220031648883 7.3719583861529827
leaf_count=402 1152 60 167 16276 61750 1757 82 102 2851 133 143 39 99 685 101 84 478 49 321 86 55
internal_value=0.000178293 0.000344133 0.000501508 0.000407475 0.000269832 -0.00364861 0.0056617 0.00832141 0.0050262 -0.00392679 -0.00772545 -0.00392679 -0.0116518 -0.0134923 0.0127946 -0.00326912 -0.00392679 -0.0120274 -0.00392679 -0.00392679 0.0152766
internal_weight=6717.84 6457.86 6213.82 6141.03 5964.34 244.044 32.3732 72.7923 176.686 259.974 114.917 211.671 67.5764 58.2461 53.0386 17.1258 47.3407 12.3689 203.221 9.33033 15.2474
internal_count=86872 84047 81649 81279 78026 2398 281 370 3253 2825 1673 2117 1013 828 268 144 660 182 2078 185 137
is_linear=0
shrinkage=0.02


Tree=258
num_leaves=26
num_cat=0
split_feature=7 3 8 32 13 3 12 8 13 6 1 16 11 21 3 3 6 8 11 20 12 8 11 49 2
split_gain=13.6257 14.8825 14.1643 17.9669 7.27032 6.95841 6.87306 6.34633 6.2612 9.52672 7.37384 6.95002 9.86194 7.06328 6.21865 4.5588 4.36505 12.4904 3.61778 4.37643 3.08276 2.15173 1.87924 1.64094 1.13187
threshold=1.0000000180025095e-35 2.7500000000000004 3.7363115549087529 1.0000000180025095e-35 4.4542806148529062 13.34999990463257 6.9294900894165048 0.12599659711122516 0.34749734401702886 1.0000000180025095e-35 0.40902200341224676 1.0000000180025095e-35 8.3757076263427752 38.765142440795906 18.650000572204593 13.050000190734865 1.0000000180025095e-35 1.7692642211914065 16.122344017028812 1.0000000180025095e-35 0.72111099958419811 1.5653001070022585 9.3060421943664569 1.0000000180025095e-35 15.449999809265138
decision_type=8 2 8 2 10 2 10 10 8 2 2 10 8 10 2 2 2 10 10 8 10 10 10 2 2
left_child=1 8 7 5 16 23 22 18 9 10 -1 13 -13 -10 -7 -5 21 -18 19 -2 -11 -3 -6 -4 -20
right_child=2 4 3 15 6 14 -8 -9 11 20 -12 12 -14 -15 -16 -17 17 -19 24 -21 -22 -23 -24 -25 -26
leaf_value=0.00048857810944748833 -0.0024322314720947201 -0.0023048656993861715 0.00048857810944748833 -0.0024322314720947201 0.00048857810944748833 -0.0024322314720947201 0.018111820640077558 -0.0024322314720947201 0.00048857810944748833 0.011149829333472354 0.012012622215429054 0.011622538021170628 0.00048857810944748833 0.0094441143452744652 0.00048857810944748833 0.00048857810944748833 -0.00028231937082489575 0.0082751017705211226 -0.0024322314720947201 -0.0096349377956532686 0.00048857810944748833 0.00048857810944748833 0.0092992869553112124 -0.0024136063542981004 -0.017845952672809057
leaf_weight=11.622894065920262 56.05639517121017 255.69681624509394 2687.3445860310458 617.53295768145472 8.547559071332218 210.53617528825998 17.217056445777416 973.14410268003121 176.22688330011442 9.9026114521548134 117.91055548936129 66.565112330019474 25.534422649070621 34.522568220738322 74.820563666988164 31.173677288927138 177.32546428404748 109.8281935066916 1.952011660672716 53.798118352890015 40.375636112876236 705.01810915162787 8.6864447821862978 219.50327320024371 13.183495633304117
leaf_count=296 635 3001 32145 7748 51 6607 112 14324 1354 93 710 318 230 345 2021 973 2243 1436 54 635 376 8624 121 1788 480
internal_value=0.000108758 0.00161656 -0.000430278 0.000142574 0.000488578 0.000488578 0.00954611 -0.00243223 0.00460615 0.00755591 0.0104073 0.00283568 0.0073872 0.000821127 -0.00243223 -0.00243223 0.000488578 0.00300801 -0.00692619 -0.00556274 0.000488578 0.000488578 0.000488578 0.000488578 -0.0158641
internal_weight=6704.03 1764.98 4939.05 3840.91 1282.32 3192.2 34.4511 1098.13 482.661 179.812 129.533 302.849 92.0995 210.749 285.357 648.707 1247.87 287.154 124.99 109.855 50.2782 960.715 17.234 2906.85 15.1355
internal_count=86720 19310 67410 51282 15588 42561 284 16128 3722 1475 1006 2247 548 1699 8628 8721 15304 3679 1804 1270 469 11625 172 33933 534
is_linear=0
shrinkage=0.02


Tree=259
num_leaves=17
num_cat=0
split_feature=46 25 0 49 0 42 6 1 41 0 9 8 12 12 3 3
split_gain=12.9953 10.7177 32.7552 13.2999 24.3155 13.0358 12.0668 16.1529 11.6868 10.6996 7.77649 7.58024 1.91667 1.65104 0.360379 0.204711
threshold=1.0000000180025095e-35 1.0000000180025095e-35 12.649308204650881 1.0000000180025095e-35 15.033463001251222 1.0000000180025095e-35 1.0000000180025095e-35 0.61512768268585216 1.0000000180025095e-35 5.0995097160339364 2.5000000000000004 5.4638428688049325 2.553057193756104 1.970873296260834 2.0499999523162846 4.0499999523162851
decision_type=2 2 2 2 2 2 2 2 2 2 10 10 10 10 2 2
left_child=1 3 6 4 5 -1 10 -8 -6 -5 -3 -11 14 15 -4 -2
right_child=13 2 12 9 8 -7 7 -9 -10 11 -12 -13 -14 -15 -16 -17
leaf_value=0.002651676470322036 -0.021616333823489028 0.0017587774254118338 -0.017409114810568865 0.010456498734537139 -0.00067419748368466456 -0.00067419748368466456 -0.012165392901858377 -0.0015756453172302818 -0.011254396970196661 -0.0047751857853013278 -0.0065221592141947171 0.0093669392371175265 -0.018509336211032394 -0.0065784007129054446 -0.012165392901858377 -0.011854406561417697
leaf_weight=2204.8103655725718 8.5161015093326586 627.20566285029054 20.022037150338292 20.44888162612915 2481.9700716021471 248.1880961265415 64.06521780602634 502.75729332491755 40.76474590273574 324.69229032658041 47.914411222562194 14.994010020047424 21.72709168959409 9.0161939393728954 64.479268258437514 6.5155972838401786
leaf_count=14832 66 5220 391 91 51766 1913 1174 5281 978 2522 438 136 488 81 1454 69
internal_value=-2.0968e-05 3.29108e-05 -0.00155969 0.000435517 0.000704367 0.00212182 -0.000643483 -0.00279253 -0.000674197 -0.00327065 0.00116229 -0.00412528 -0.0121654 -0.0143999 -0.0121654 -0.0183883
internal_weight=6708.09 6684.04 1348.17 5335.87 4975.73 2453 1241.94 566.823 2522.73 360.135 675.12 339.686 106.228 24.0479 84.5013 15.0317
internal_count=86900 86684 14446 72238 69489 16745 12113 6455 52744 2749 5658 2658 2333 216 1845 135
is_linear=0
shrinkage=0.02


Tree=260
num_leaves=19
num_cat=0
split_feature=18 10 0 7 32 33 0 8 3 21 8 21 31 3 21 13 3 8
split_gain=13.5833 16.0572 13.0403 9.33628 9.65728 13.6964 9.37105 6.09263 5.90115 11.7323 6.59859 5.29774 5.15669 3.70422 7.13529 2.16664 1.99794 1.07865
threshold=1.0000000180025095e-35 1.5000000000000002 9.9927473068237322 1.0000000180025095e-35 1.0000000180025095e-35 1.0000000180025095e-35 4.4073791503906259 0.12599659711122516 3.3500000238418584 29.200433731079105 2.1260362863540654 17.724540710449222 1.0000000180025095e-35 0.35000000894069677 40.769817352294929 2.5835764408111577 5.0499999523162851 3.6606229543685918
decision_type=10 8 2 10 2 2 2 10 2 10 8 8 2 2 8 10 2 10
left_child=1 2 -1 4 5 -3 -6 16 9 10 -2 17 -12 -9 -13 -10 -5 -4
right_child=8 3 11 7 6 -7 -8 13 15 -11 12 14 -14 -15 -16 -17 -18 -19
leaf_value=0.0041777773359367555 0.0041777773359367555 0.00068358048622495378 0.00068358048622495378 -0.0076105287105744761 0.0039085910369727273 -0.0023727470088205564 -0.0025356848307169595 -0.0076105287105744761 0.0041777773359367555 0.0041777773359367555 0.026282130881708877 -0.0023846353998047769 0.011028980040424921 -0.0025356848307169595 0.0013912229533561127 0.016708881585114993 -0.012975989809357031 0.0041777773359367555
leaf_weight=264.07311131618917 14.740890718996523 2812.06611704221 28.754240630194545 65.105187084060162 89.779530115425587 697.22760099871084 637.93481246754527 48.401996541768312 195.44601032882929 35.086560279130936 21.304935608059168 284.78191125765443 18.750412411987782 760.58361323224381 667.45381942903623 11.372211717069147 28.77246062271297 26.996704500168562
leaf_count=1522 71 34979 332 707 393 9125 8507 476 1464 185 104 4873 92 10692 12399 75 586 315
internal_value=1.49744e-06 -0.000192374 0.00181859 -0.000690322 -0.000296588 0.00013843 -0.00239171 -0.00253568 0.00417778 0.00929291 0.0154489 0.00068358 0.0195845 -0.00253568 0.00068358 0.00417778 -0.00761053 0.00417778
internal_weight=6708.63 6411.93 1272.06 5139.87 4237.01 3509.29 727.714 902.863 296.701 89.8828 54.7962 1007.99 40.0553 808.986 952.236 206.818 93.8776 55.7509
internal_count=86897 84906 19441 65465 53004 44104 8900 12461 1991 452 267 17919 196 11168 17272 1539 1293 647
is_linear=0
shrinkage=0.02


Tree=261
num_leaves=20
num_cat=0
split_feature=3 0 25 49 3 12 0 0 3 23 38 2 2 3 13 18 3 16 12
split_gain=12.5911 12.3205 16.7012 15.8754 13.4939 9.26372 8.93771 7.40174 17.7679 6.8083 6.54743 4.26158 4.16281 7.58512 3.071 4.33918 2.92488 0.845027 0.0206144
threshold=23.349999427795414 19.814388275146488 1.0000000180025095e-35 1.0000000180025095e-35 7.0499999523162851 3.1622416973114018 5.0995097160339364 8.6792855262756365 6.2500000000000009 1.0000000180025095e-35 1.0000000180025095e-35 16.150000572204593 27.050000190734867 9.8499999046325701 0.75286978483200084 1.0000000180025095e-35 35.799999237060554 1.0000000180025095e-35 4.4654631614685067
decision_type=2 2 2 2 2 10 2 2 2 2 2 2 2 2 10 8 2 8 10
left_child=1 2 3 4 -1 9 -5 8 -4 16 12 -12 -3 -14 15 -11 17 -2 -7
right_child=5 10 7 6 -6 18 -8 -9 -10 14 11 -13 13 -15 -16 -17 -18 -19 -20
leaf_value=0.0023117890826259454 -0.010024169126843412 -0.0018747335864501852 -0.00053595103644020871 0.01151111130818158 -0.0001645686136657484 -0.0049912088220369997 -0.0018747335864501852 -0.0018747335864501852 0.014327441988704916 0.00270287348208642 -0.0018747335864501852 -0.019279550412846274 -0.0084414837984093487 -0.0018747335864501852 0.033769792954828445 0.021711009855138769 0.011965998546077274 0.0013182330495622788 -0.010639371306802757
leaf_weight=2373.6143919508904 4.0321746887639174 1022.4558385284618 769.18078342825174 22.581287816166878 1398.3714969269931 3.6554062552750093 337.79411380365491 538.32353681512177 32.573063086718321 7.7080771625042024 1.9811586756259192 13.29592628777027 108.98661560658365 53.034845033660531 4.8948866929858914 13.311420675367115 7.1584094092249861 5.0738607505336413 4.3970627337694168
leaf_count=16374 56 27377 5496 101 16075 60 2551 8564 354 101 50 476 6031 2903 46 168 34 79 65
internal_value=3.57227e-05 -4.01115e-05 0.000362372 0.000991542 0.00139394 0.0099129 -0.00187473 -0.00157707 8.50035e-05 0.0136296 -0.00187473 -0.0145678 -0.00187473 -0.00510902 0.0198155 0.0151798 0.00319656 -0.00419913 -0.00891
internal_weight=6722.42 6672.19 5472.44 4132.36 3771.99 50.2313 360.375 1340.08 801.754 42.1788 1199.75 15.2771 1184.48 162.021 25.9144 21.0195 16.2644 9.10604 8.05247
internal_count=86961 86352 49515 35101 32449 609 2652 14414 5850 484 36837 526 36311 8934 315 269 169 135 125
is_linear=0
shrinkage=0.02


Tree=262
num_leaves=18
num_cat=0
split_feature=3 1 3 2 3 2 34 3 3 23 3 3 3 3 23 3 0
split_gain=13.1996 13.6105 18.92 23.2579 13.2622 13.6888 12.1743 11.3175 15.4107 8.25381 13.1611 11.8161 6.60581 4.47312 3.28829 2.83548 4.86843
threshold=23.349999427795414 0.20442671328783038 17.94999980926514 15.050000190734865 12.34999990463257 7.0499999523162851 1.0000000180025095e-35 1.0000000180025095e-35 1.7500000000000002 1.0000000180025095e-35 23.94999980926514 25.250000000000004 18.250000000000004 32.850000381469734 1.0000000180025095e-35 35.799999237060554 31.6256217956543
decision_type=2 2 2 2 2 2 2 2 2 2 2 2 2 2 2 2 2
left_child=1 4 7 12 -1 -6 -5 -3 -9 15 -11 -12 -4 -13 -7 16 -2
right_child=9 2 3 6 5 14 -8 8 -10 10 11 13 -14 -15 -16 -17 -18
leaf_value=-0.0202307182351016 0.0063113214739879062 -0.0068419589793458193 0.014680036339585202 0.014388227526900471 -2.7560053060239427e-05 -0.016237964332649308 -0.0090682315092841023 0.0022625143312643065 -2.7560053060239427e-05 0.041632779490897741 -0.017167545815831298 0.0089171214276897552 0.072975553017389394 0.02900654677804845 -0.0090682315092841023 0.0080034928134438185 -0.018462741768066854
leaf_weight=21.712438967544585 5.360080976039173 95.047420682385564 1.8485161811113346 23.56998219434173 35.546671023592353 26.187017557676882 5.7902234531939021 1187.1517466171645 5213.4557347274385 5.5480832308530799 4.6294602090492871 16.104827174916867 2.2105670105665922 6.062560223042964 57.651451652869582 8.0076123215258104 5.6189194526523352
leaf_count=833 65 916 66 866 812 1014 239 10986 68273 54 127 190 72 45 2322 40 112
internal_value=-3.97673e-06 -8.24623e-05 5.08005e-05 0.0148399 -0.00620595 -0.00350842 0.00772952 -2.75601e-05 7.4685e-05 0.0100014 0.0159952 0.00938028 0.0545769 0.0154263 -0.00906823 -0.00049886 -0.00685056
internal_weight=6721.5 6670.17 6529.07 33.4193 141.098 119.385 29.3602 6495.65 6400.61 51.3315 32.3449 26.7968 4.05908 22.1674 83.8385 18.9866 10.979
internal_count=87032 86399 81418 1243 4981 4148 1105 80175 79259 633 416 362 138 235 3336 217 177
is_linear=0
shrinkage=0.02


Tree=263
num_leaves=21
num_cat=0
split_feature=43 3 2 3 21 31 0 15 8 3 6 11 0 3 48 3 1 15 8 15
split_gain=12.7251 11.6836 19.0825 16.9552 19.7636 16.496 21.354 16.2237 12.5458 12.3735 12.1849 11.1026 7.71638 7.75478 7.41947 6.63791 8.56449 4.89049 2.72652 2.24266
threshold=1.0000000180025095e-35 1.7500000000000002 13.050000190734865 1.9499999880790713 14.348782062530519 1.0000000180025095e-35 14.650085449218752 3.5000000000000004 11.266999721527101 1.0500000119209292 1.0000000180025095e-35 14.317897796630861 12.080355644226076 14.050000190734865 1.0000000180025095e-35 1.4499999880790713 0.44084164500236517 1.5000000000000002 3.9196621179580693 3.5000000000000004
decision_type=2 2 2 2 8 2 2 8 10 2 2 10 2 2 2 2 2 8 10 8
left_child=1 2 7 5 11 18 -7 9 -6 -1 -9 -5 -2 14 19 17 -17 -4 -3 -14
right_child=12 3 15 4 8 6 -8 10 -10 -11 -12 -13 13 -15 -16 16 -18 -19 -20 -21
leaf_value=0.0042892990101012192 0.024855441240682074 -0.014020252506618529 0.0042892990101012192 0.0059307792473157232 -0.00059278993637996275 0.012340344832555012 -0.017636567841827506 0.0033774453506515956 0.012610141363760347 0.013681555181322205 -0.0022765905894856354 0.028467621891667239 -0.008797082116581317 0.022892765574577183 0.016530056792075185 -0.017544331127427024 -0.0022765905894856354 -0.0022765905894856354 -0.0010162171248221045 0.0034789597250609212
leaf_weight=169.25903420895338 10.005625575780867 75.280023087747395 54.124919930007309 104.58451958559453 5104.3861836111173 27.869996182620525 13.186369868926702 447.39271973818541 27.953298705630004 84.084524795413017 214.07938046939671 8.6779273934662324 15.520644218660893 7.3337042815983287 8.2195184752345067 25.131377298384905 34.27107011154294 246.3346755001694 7.2230400764383367 8.6180824879556877
leaf_count=1032 47 706 976 753 71851 154 230 2574 381 541 1889 144 124 94 41 534 315 4135 82 76
internal_value=-2.37642e-05 -9.99194e-05 0.00162064 -0.000508619 -0.000335381 -0.00780153 0.00252202 0.00315451 -0.000518438 0.00744812 0.0015013 0.00789153 0.00995822 0.00568437 0.00121489 -0.00227659 -0.00891313 -0.00227659 -0.0129076 -0.00445021
internal_weight=6693.54 6643.84 1274.68 5369.16 5245.6 123.559 41.0564 914.816 5132.34 253.344 661.472 113.262 49.6976 39.6919 32.3582 359.862 59.4024 300.46 82.5031 24.1387
internal_count=86679 86297 11996 74301 73129 1172 384 6036 72232 1573 4463 897 382 335 241 5960 849 5111 788 200
is_linear=0
shrinkage=0.02


Tree=264
num_leaves=30
num_cat=0
split_feature=42 3 22 10 7 1 33 3 31 22 3 11 31 3 3 13 10 22 3 3 41 22 33 3 15 13 1 3 10
split_gain=10.0987 12.4822 11.3532 11.2171 12.5125 13.0175 16.4723 8.66246 8.36259 13.6288 10.2912 6.92701 9.27894 8.24944 6.6567 7.31235 6.43643 9.34083 6.17407 6.22389 5.8553 4.85432 4.04854 3.84497 2.61494 2.55948 1.9389 0.743094 0.44491
threshold=1.0000000180025095e-35 7.2500000000000009 0.53643181920051586 1.5000000000000002 1.5000000000000002 0.29014104604721075 1.0000000180025095e-35 1.7500000000000002 1.0000000180025095e-35 0.25371882319450384 6.5499999523162851 10.102292537689211 1.0000000180025095e-35 1.2500000000000002 11.949999809265138 1.4631986021995547 1.0000000180025095e-35 0.20679701119661334 3.6499999761581425 1.8499999642372134 1.0000000180025095e-35 0.091084465384483351 1.0000000180025095e-35 13.750000000000002 3.5000000000000004 0.8624076545238496 0.23057033866643908 4.0499999523162851 1.0000000180025095e-35
decision_type=2 2 10 8 10 2 2 2 2 8 2 10 2 2 2 10 10 8 2 2 2 8 2 2 8 8 2 2 10
left_child=3 2 8 7 5 28 -7 11 9 -2 -10 13 -13 -1 21 24 17 -9 19 -4 22 -3 -6 -17 -16 -23 -18 -22 -5
right_child=1 14 18 4 20 6 -8 16 10 -11 -12 12 -14 -15 15 23 26 -19 -20 -21 27 25 -24 -25 -26 -27 -28 -29 -30
leaf_value=0.0059990653114600761 0.021325843638576935 0.0059529326238887403 -0.0047216983299180068 -0.0024754143220205942 -0.0029605218842045579 0.00094047978909545871 -0.0024754143220205942 0.0102116672347317 -0.0068177123397726589 0.0016325194305659488 0.016755140221713628 0.00094047978909545871 0.012210376962260013 0.019295590442178465 -0.011228081923108335 0.031426736949397877 -0.0029605218842045579 0.0020621611530169562 0.0023507786987328571 -0.02090597952785175 -0.019266366357198708 -0.0083884865627457724 -0.010142620627178802 -0.0014244555058027181 0.00043746414515582343 -0.015988887201293482 0.00094047978909545871 -0.0081589336908898333 -0.0029605218842045579
leaf_weight=75.282935911789536 14.414978403132407 5.4944838015362611 19.149801895022392 404.9555726791732 212.50974970823154 3533.2009804956615 671.08212279342115 69.350285881198943 71.38240058766678 162.30374631658196 7.2963030226528636 46.039878777228296 28.336842466145754 24.590830631554127 13.043082938529553 2.8093008883297435 55.471219381783158 284.98659368045628 13.388782337307928 19.467348583042622 10.047639556229116 37.303031030111015 32.8600447117351 2.1438852222636342 16.821081346832216 42.813320360146463 705.07385726179928 6.0930321533232918 113.71499074017629
leaf_count=398 172 99 105 13696 3216 34668 6812 1491 681 1641 71 942 503 132 387 57 2028 4098 87 114 100 595 467 82 552 743 8935 92 3933
internal_value=1.67799e-05 -0.00295259 -0.000805274 0.000219716 -0.000210459 2.57553e-05 0.00039478 0.00188187 0.00093939 0.00334987 -0.00444883 0.00601628 0.00136567 0.00943175 -0.00838203 -0.000967275 0.00123087 0.00368142 -0.00922928 -0.0132021 -0.0044604 -0.0113516 -0.00365378 0.019357 -0.00485614 -0.0125971 0.00094048 -0.015794 -0.00296052
internal_weight=6701.43 427.832 307.403 6273.6 4984.46 4722.95 4204.28 1289.13 255.397 176.719 78.6787 174.25 74.3767 99.8738 120.428 34.8174 1114.88 354.337 52.0059 38.6172 261.51 85.6108 245.37 4.95319 29.8642 80.1164 760.545 16.1407 518.671
internal_count=86897 5386 2871 81511 62984 59109 41480 18527 2565 1813 752 1975 1445 530 2515 1078 16552 5589 306 219 3875 1437 3683 139 939 1338 10963 192 17629
is_linear=0
shrinkage=0.02


Tree=265
num_leaves=18
num_cat=0
split_feature=3 3 37 1 33 3 1 21 21 27 3 3 25 2 12 21 21
split_gain=14.1409 13.8705 22.9476 16.9988 18.4745 11.6371 10.8143 11.395 6.86667 6.54947 6.12921 9.93758 5.56592 5.40834 3.57183 5.13123 0.819237
threshold=1.0000000180025095e-35 1.7500000000000002 1.0000000180025095e-35 0.29377762973308569 1.0000000180025095e-35 23.349999427795414 1.4878956675529482 14.70293712615967 19.575608253479007 1.0000000180025095e-35 23.94999980926514 25.250000000000004 1.0000000180025095e-35 4.6499998569488534 1.7120742201805117 39.900173187255866 40.000101089477546
decision_type=2 2 2 2 2 2 2 8 8 2 2 2 2 2 8 8 8
left_child=8 2 3 9 -5 6 7 -3 -1 -2 -7 -12 -8 -10 15 -15 -16
right_child=1 5 -4 4 -6 10 12 -9 13 -11 11 -13 -14 14 16 -17 -18
leaf_value=0.010501493706204247 -0.002641666181278896 0.0057036871184527682 -0.024540984316354899 0.0040354983722683665 -0.002641666181278896 0.02346660171668043 0.013014461168260563 -0.00048248068467735857 0.0023666382768134249 -0.019429654738380008 -0.017575095677520552 0.0094804306364254347 0.0057036871184527682 0.0023666382768134249 -0.018765516533324315 -0.012663277390883933 -0.011569059937142707
leaf_weight=7.1229122504591933 4.079768078401691 120.91240364871919 11.666481283493338 954.42040553689003 199.80980163253844 8.9186769016087037 44.299293018877506 5176.8891091793776 14.077351719141005 19.457624150440097 5.3804133953526607 37.572633370757103 33.11064038425684 5.9876665044575903 10.894000416155903 9.7206448018550873 49.234982600435615
leaf_count=48 125 974 140 7968 1808 91 216 73056 64 1101 158 377 141 68 117 133 524
internal_value=0.000177759 0.000289439 0.0022445 0.00253042 0.00287832 -0.00013938 -0.00023118 -0.000340243 -0.00736241 -0.013952 0.00919785 0.00576863 0.00714209 -0.00887751 -0.0109684 -0.00229884 -0.0131585
internal_weight=6713.55 6616.52 1189.43 1177.77 1154.23 5427.08 5375.21 5297.8 97.0376 23.5374 51.8717 42.953 77.4099 89.9146 75.8373 15.7083 60.129
internal_count=87109 86155 11142 11002 9776 75013 74387 74030 954 1226 626 535 357 906 842 201 641
is_linear=0
shrinkage=0.02


Tree=266
num_leaves=24
num_cat=0
split_feature=48 41 12 14 46 28 12 35 3 3 0 54 4 13 3 12 19 23 21 0 2 15 40
split_gain=14.4466 14.2708 12.5025 11.3185 10.6587 8.89922 7.69179 6.87515 6.5367 6.28287 6.14705 5.73346 6.10637 5.32859 4.93478 11.0429 4.62112 4.39429 4.38248 3.43627 1.40675 1.39563 0.588038
threshold=1.0000000180025095e-35 1.0000000180025095e-35 2.7296365499496464 1.0000000180025095e-35 1.0000000180025095e-35 1.0000000180025095e-35 12.95816230773926 1.0000000180025095e-35 10.34999990463257 11.650000095367433 4.8171489238739023 1.0000000180025095e-35 1.0000000180025095e-35 0.32882064580917364 5.0499999523162851 8.0734577178955096 1.0000000180025095e-35 1.0000000180025095e-35 58.64336013793946 8.0638079643249529 9.3499999046325701 1.0000000180025095e-35 1.0000000180025095e-35
decision_type=2 2 10 8 2 2 10 2 2 2 2 2 2 10 2 10 8 2 8 2 2 10 2
left_child=1 3 16 6 5 -5 10 11 14 -10 -1 12 -3 -11 17 -16 18 -4 -2 -6 -20 -8 -18
right_child=2 7 8 4 19 -7 21 -9 9 13 -12 -13 -14 -15 15 -17 22 -19 20 -21 -22 -23 -24
leaf_value=0.013174757196375229 0.012926125265523258 -0.01690952039725967 0.012608567541820319 -0.00041830718104405521 -0.00045450832334952034 0.004141368493802703 0.019699296337296252 0.013308001205640107 0.015090068303573847 -0.008478020092174899 0.004141368493802703 -0.019320277745584688 -0.0040116277329577286 0.0082281356901157694 0.0014810957177602815 -0.014708159447301748 0.018101244041011832 -0.00053861905180859284 0.0067649976662047364 -0.017563588915572043 -0.0026299720839904192 0.0088937752286281438 0.012926125265523258
leaf_weight=34.135133184492588 19.953872079029679 14.91459271404892 14.07693278044462 5773.6628033029847 6.3145333006978133 166.30794776044786 12.970366370864214 6.9909515269100657 21.629378490149975 12.51072100363672 174.2583677098155 10.771094243973492 216.00606051832438 16.584726169705391 44.183902710676193 26.087229315191507 24.563882533460855 31.004221580922604 8.7390009649097937 17.948706440627575 17.493573877960443 11.740872983820735 15.693556558340786
leaf_count=181 110 526 67 77936 32 3165 112 44 115 105 1142 137 1776 146 235 121 144 136 48 184 113 77 89
internal_value=-0.000177248 -0.000361378 0.00450586 -0.000172479 -0.000341746 -0.000286563 0.00414137 -0.00504934 0.00127488 0.00718464 0.00414137 -0.00563297 -0.00491399 0.00100166 -0.00136328 -0.00465099 0.0106277 0.00375122 0.00610555 -0.0133052 0.000633313 0.0151109 0.0155421
internal_weight=6698.54 6446.02 252.521 6197.34 5964.23 5939.97 233.105 248.683 166.077 50.7248 208.394 241.692 230.921 29.0954 115.352 70.2711 86.4439 45.0812 46.1864 24.2632 26.2326 24.7112 40.2574
internal_count=86741 85312 1429 82829 81317 81101 1512 2483 925 366 1323 2439 2302 251 559 356 504 203 271 216 161 189 233
is_linear=0
shrinkage=0.02


Tree=267
num_leaves=24
num_cat=0
split_feature=25 1 1 22 12 8 1 2 12 1 36 2 2 13 1 45 2 2 28 40 22 22 2
split_gain=13.1348 34.4306 14.5456 16.4791 12.8558 11.0468 10.3917 9.84254 9.54526 9.51454 8.6458 6.66213 5.1553 4.97224 4.85683 4.41829 5.3339 4.03964 3.44232 3.06715 2.44811 1.87359 0.826734
threshold=1.0000000180025095e-35 0.60486513376235973 0.45716366171836859 0.036842526867985732 11.802836894989015 1.2806981205940249 1.8561023473739626 4.8500001430511483 5.7789437770843515 0.52952951192855846 1.0000000180025095e-35 13.050000190734865 9.6500000953674334 1.0149984955787661 0.35474261641502386 1.0000000180025095e-35 7.2500000000000009 20.94999980926514 1.0000000180025095e-35 1.0000000180025095e-35 0.1617156192660332 0.22185585647821429 7.0499999523162851
decision_type=2 2 2 8 10 8 2 2 8 2 2 2 2 8 2 2 2 2 2 2 8 10 2
left_child=2 7 5 -4 6 8 -5 14 17 22 15 -11 20 -12 -2 16 -3 -1 -14 -15 -7 -10 -9
right_child=1 10 3 4 -6 12 -8 9 21 11 13 -13 18 19 -16 -17 -18 -19 -20 -21 -22 -23 -24
leaf_value=-0.0056430408265241306 -0.013588909434924032 0.00052943655520867482 0.024398563776041132 0.0012738863747245688 0.015862457504402128 0.0054371075772900925 0.012551106819151586 -0.013588909434924032 -2.8726755979662567e-05 -0.003219206598954551 0.022369833122710864 -0.01481424764836742 -2.8726755979662567e-05 0.011694147892025022 -0.0001404617680562769 0.010775412563116616 -0.0023904733755424307 -0.013668827933634385 0.0012738863747245688 -0.0001404617680562769 0.0012738863747245688 -0.0085516919158548609 -0.016605018725457221
leaf_weight=135.9463072065264 9.8041090816259366 642.10607980564237 11.716176539659498 2454.9139359742403 23.928298939019442 87.935951979830861 32.141840562224388 25.589624522253871 53.998986796941608 78.811772400513291 8.8027534782886523 19.163035834208131 1971.5657535684295 11.187445756047964 31.1690623909235 14.641380369663237 408.76312884315848 30.920196223538369 162.30412081815302 8.7747009806334972 357.90419399924576 13.248351152986286 71.90850973688066
leaf_count=2705 219 4509 88 15778 107 1297 162 516 655 1332 68 364 42481 85 377 112 4984 1336 3091 62 4387 94 1729
internal_value=0.000138334 -0.0016386 0.000581657 0.00168412 0.00156846 -0.000406986 0.00142462 -0.00854222 -0.00455719 -0.0104044 -0.000140462 -0.00591074 -2.87268e-05 0.0106386 -0.000140462 -0.000140462 -0.000140462 -0.00720278 -2.87268e-05 0.0046451 0.00127389 -2.87268e-05 -0.0148142
internal_weight=6667.25 1330.72 5336.52 2522.7 2510.98 2813.82 2487.06 236.446 234.114 195.473 1094.28 97.9748 2579.71 28.7649 40.9732 1065.51 1050.87 166.867 2133.87 19.9621 445.84 67.2473 97.4981
internal_count=86538 14357 72181 16135 16047 56046 15940 4537 4790 3941 9820 1696 51256 215 596 9605 9493 4041 45572 147 5684 749 2245
is_linear=0
shrinkage=0.02


Tree=268
num_leaves=28
num_cat=0
split_feature=27 33 7 10 2 2 11 12 23 21 15 4 21 2 7 12 12 11 11 11 11 2 11 15 24 12 11
split_gain=12.0025 17.1587 14.393 12.5108 11.4767 10.3825 16.52 19.3001 11.6982 9.97182 6.70584 4.90168 4.56054 3.61245 3.25504 3.18406 6.52229 7.18831 3.46997 3.42533 4.60768 3.5266 2.94736 4.08006 1.7787 1.05613 0.243758
threshold=1.0000000180025095e-35 1.0000000180025095e-35 2.5000000000000004 1.0000000180025095e-35 27.050000190734867 16.849999427795414 13.154595851898195 1.6763521432876589 1.0000000180025095e-35 13.589834213256838 3.5000000000000004 1.0000000180025095e-35 28.62516021728516 30.849999427795414 4.5000000000000009 2.2208169698715214 2.9070308208465581 24.106163978576664 26.594339370727543 23.223414421081547 24.403630256652836 19.750000000000004 31.486911773681644 1.5000000000000002 1.0000000180025095e-35 1.9884356856346133 14.424746036529543
decision_type=2 2 10 8 2 2 10 10 2 8 8 2 8 2 8 10 10 8 10 8 8 2 10 10 2 8 10
left_child=10 2 3 9 -5 6 8 -8 -3 -2 22 13 -13 -7 24 19 18 -18 -17 21 -21 -12 25 -24 -4 -1 -16
right_child=1 5 14 4 -6 11 7 -9 -10 -11 15 12 -14 -15 26 16 17 -19 -20 20 -22 -23 23 -25 -26 -27 -28
leaf_value=-0.018074996038607041 0.030744393400287839 -0.0044833276870848262 -0.0065702393577635266 0.00025456046563416808 -0.0065702393577635266 -0.0046753613856362871 0.030325882845445254 0.0019014584009458264 0.00072649740317333846 0.0038846260900104084 0.0073918692717415716 -0.0044833276870848262 -0.018520122727841978 -0.018013777565525052 -0.019835787953310039 0.010430782529227783 0.020425408292568871 -0.010930340827008792 0.033891211387463697 0.022901527099744589 0.0051869785868050603 -0.010602364386337276 0.022013373696264913 -0.012917410801451784 -0.011838731653257082 -0.0035937223536255526 -0.011838731653257082
leaf_weight=6.105772998183963 4.6686044596135607 451.93555589020252 80.105112955439836 5052.5706666000187 96.286079839337617 128.04748252779245 12.048490447923539 36.254281363449991 277.94331910647452 278.54674888029695 6.3975880183279541 5.4887229353189495 24.077136822044849 7.8649585624225429 7.096019344404338 6.4721651673316973 3.755472078919408 6.6052413154393443 5.2158491723239422 5.305781476199626 119.26527915708721 9.8100778385996801 1.8318339567631474 1.6333382278680801 31.20994260488078 3.6464226581156263 3.5611936850473285
leaf_count=167 36 4210 1512 59034 5783 3627 188 679 2294 4104 71 80 405 606 99 95 51 127 78 78 2205 128 72 58 545 98 95
internal_value=-8.78566e-05 -0.000227816 0.00019598 0.000349091 0.000123581 -0.0027197 -0.0017473 0.00946284 -0.00250111 0.00443401 0.00505008 -0.00725457 -0.0145487 -0.00557316 -0.00657024 0.00617053 0.013129 0.00123272 0.0227461 0.00499578 0.00611785 -0.00348277 -0.00821618 0.00634294 -0.00545615 -0.0134982 -0.0167406
internal_weight=6673.75 6497.7 5554.04 5432.07 5148.86 943.66 778.182 48.3028 729.879 283.215 176.045 165.478 29.5659 135.912 121.972 162.827 22.0487 10.3607 11.688 140.779 124.571 16.2077 13.2174 3.46517 111.315 9.7522 10.6572
internal_count=86525 83297 71208 68957 64817 12089 7371 867 6504 4140 3228 4718 485 4233 2251 2833 351 178 173 2482 2283 199 395 130 2057 265 194
is_linear=0
shrinkage=0.02


Tree=269
num_leaves=27
num_cat=0
split_feature=42 41 46 3 3 3 3 14 32 21 21 0 3 3 11 22 22 13 8 0 11 13 32 22 22 21
split_gain=14.4867 11.946 10.747 10.6003 12.2994 10.0848 11.5885 9.69606 9.40024 14.3217 8.93323 9.78345 7.71241 7.53838 9.31542 7.45824 6.7006 7.58306 7.44674 5.67729 4.18921 2.78538 2.7317 2.49012 4.15978 1.26753
threshold=1.0000000180025095e-35 1.0000000180025095e-35 1.0000000180025095e-35 23.349999427795414 23.94999980926514 7.2500000000000009 6.0499999523162851 1.0000000180025095e-35 1.0000000180025095e-35 20.69769382476807 38.086296081542976 15.646564960479738 11.750000000000002 11.650000095367433 10.630608558654787 0.093813769519329085 0.34346960484981542 0.20825167745351794 0.61755338311195385 9.9927473068237322 11.903464794158937 0.031422208994627006 1.0000000180025095e-35 0.58815377950668346 0.47216342389583593 20.316153526306156
decision_type=2 2 2 2 2 2 2 8 2 10 10 2 2 2 8 8 10 8 8 2 10 8 2 10 8 10
left_child=1 2 3 7 -5 6 16 -1 9 -8 11 20 -13 15 -15 25 18 -18 -2 -4 -3 -17 -16 24 -12 -7
right_child=5 10 19 4 -6 13 8 -9 -10 -11 23 12 -14 14 22 21 17 -19 -20 -21 -22 -23 -24 -25 -26 -27
leaf_value=0.004428596223004894 -0.014917696964121572 -0.00071077020411108459 0.0011227685615067754 0.03070883185726966 0.0048075446994813352 -0.0016848109063205758 -0.0076932348044533904 0.00011489870077674524 0.027035711881573016 0.020472564857501194 -0.014518186688435868 -0.016676189409491528 -0.00071077020411108459 0.019199410997434121 -0.0027908450891939137 -0.0034909667732676707 0.0077588989018925894 -0.010674222464940477 -9.8986972358350336e-05 -0.019161187607789506 0.011909636218268351 -0.015409622023075359 -0.017492292149400825 -0.019553066791820714 0.0039642123165465632 0.013603493794751094
leaf_weight=215.28716414794326 13.671513648238031 174.48419999144971 7.9520053938031223 7.9164001308381549 44.580305903218687 3.7535315435379735 18.079818210098896 5737.9962335666642 7.620730096474289 10.648643753957002 12.81319407746196 29.558263482525945 6.4209705982357255 6.3269575871527186 26.53183871880174 9.6956503465771657 9.583363648504017 65.181548375636339 179.96590037969872 16.289301916956902 9.5238869078457338 64.171460344456136 5.4161047143861643 14.785599820315836 6.9736519865691653 3.5742912348359823
leaf_count=1350 129 1166 46 77 540 44 211 76829 118 90 164 706 200 97 856 156 66 424 1820 177 110 1096 195 100 59 76
internal_value=-0.000124533 0.000117178 0.000296627 0.000351302 0.00921443 -0.00369719 -0.00175417 0.000271611 0.00869523 0.00308432 -0.00411814 -0.00260124 -0.011989 -0.00859787 -0.00123224 -0.0120128 -0.00319633 -0.00824024 -0.00121651 -0.0127265 -0.00071077 -0.0139127 -0.00573843 -0.0134258 -0.00812693 0.00651041
internal_weight=6708.8 6284.58 6030.02 6005.78 52.4967 424.221 304.752 5953.28 36.3492 28.7285 254.56 219.987 35.9792 119.47 38.2749 81.1949 268.402 74.7649 193.637 24.2413 184.008 73.8671 31.9479 34.5724 19.7868 7.32782
internal_count=86902 81524 79019 78796 617 5378 2858 78179 419 301 2505 2182 906 2520 1148 1372 2439 490 1949 223 1276 1252 1051 323 223 120
is_linear=0
shrinkage=0.02


Tree=270
num_leaves=15
num_cat=0
split_feature=9 2 3 19 11 21 2 9 3 3 2 33 8 3
split_gain=11.6633 12.818 8.77352 8.76356 8.30395 6.18301 5.16972 4.75316 4.07809 3.90387 1.7351 0.819664 0.766995 0.310089
threshold=2.5000000000000004 7.3500001430511483 39.250000000000007 1.0000000180025095e-35 5.2813632488250741 21.637699127197269 34.049999237060554 3.5000000000000004 3.7500000000000004 6.4500000476837167 17.94999980926514 1.0000000180025095e-35 2.5000315904617314 0.35000000894069677
decision_type=10 2 2 10 10 10 2 8 2 2 2 2 10 2
left_child=2 8 3 6 5 -5 10 11 13 -10 -1 -3 -13 -2
right_child=1 7 -4 4 -6 -7 -8 -9 9 -11 -12 12 -14 -15
leaf_value=0.00010870754641071674 -0.0074061581861856749 -0.0087257739599923695 0.024044203170802057 0.014232022473959357 0.00010870754641071674 0.00010870754641071674 -0.0087257739599923695 -0.016551959555464169 -0.0067154673149056225 0.00010870754641071674 -0.00069483751010383527 -0.016551959555464169 -0.0087257739599923695 0.00010870754641071674
leaf_weight=5197.3287653457373 12.041674248874186 80.436125378124416 5.1256261616945258 45.642044968903065 21.050912790000439 12.701180569827555 22.127070459537208 24.458623411133885 26.568042039871216 9.7074440848082286 1124.5682732160203 17.28754808660597 4.7280493304133406 86.491609517484903
leaf_count=50537 71 1183 22 235 108 63 1747 360 267 140 31271 245 56 553
internal_value=-6.00772e-05 -0.00419053 0.000108708 0.000108708 0.00671513 0.0108372 0.000108708 -0.00872577 0.000108708 -0.00650658 0.000108708 -0.00671547 -0.0147023 0.000108708
internal_weight=6690.26 261.719 6428.54 6423.42 79.3941 58.3432 6344.02 126.91 134.809 36.2755 6321.9 102.452 22.0156 98.5333
internal_count=86858 2875 83983 83961 406 298 83555 1844 1031 407 81808 1484 301 624
is_linear=0
shrinkage=0.02


Tree=271
num_leaves=24
num_cat=0
split_feature=41 42 15 1 18 35 22 22 0 34 21 3 3 22 3 3 21 12 0 22 22 15 3
split_gain=13.1705 12.8907 12.5431 16.3284 14.8133 11.3867 10.289 9.76317 9.49294 8.51063 13.197 7.57121 7.32692 6.5642 9.7879 13.0211 7.70642 6.36596 3.1079 3.80305 1.18991 0.484849 0.889883
threshold=1.0000000180025095e-35 1.0000000180025095e-35 1.5000000000000002 0.25277672708034521 1.0000000180025095e-35 1.0000000180025095e-35 0.13030693680047992 0.72117725014686596 15.473364353179933 1.0000000180025095e-35 38.086296081542976 8.4499998092651385 1.9499999880790713 0.59511893987655651 7.2500000000000009 6.0499999523162851 21.456416130065922 12.95816230773926 8.1896271705627459 0.87697756290435802 0.58815377950668346 4.5000000000000009 12.250000000000002
decision_type=2 2 8 2 10 2 8 8 2 2 10 2 2 10 2 2 8 10 2 10 10 8 2
left_child=1 2 3 17 5 -4 -5 -6 9 10 11 -2 -11 14 15 -3 -16 -1 19 -15 -12 -10 -23
right_child=8 13 4 6 7 -7 -8 -9 21 12 20 -13 -14 18 16 -17 -18 -19 -20 -21 -22 22 -24
leaf_value=-0.0078265707888979137 5.3104383199350471e-05 -0.0020504317404562854 -0.00041031725061579227 0.010772223301452869 0.012450489277291883 0.0040285991355831453 0.0027792379675165304 0.0040285991355831453 -0.013207803026331318 0.0036284312079756377 -0.0057233006985318623 0.015117340696357022 -0.013207803026331318 0.0017813392670183949 0.0083290495450521647 0.010637430221729607 -0.0088339175271763756 0.0027792379675165304 -0.018460297979121854 -0.012689535204611396 -0.013207803026331318 -0.020050756782275771 -0.013207803026331318
leaf_weight=76.342555046547204 129.22059112787247 227.38247079495341 4744.8541404791176 70.086933827027678 61.801512518897653 241.99174610199407 708.32783544994891 108.06929776445031 20.526113341096789 10.881393142044542 11.022470545023682 13.883301941677926 30.896593570709229 12.287927202880384 10.813397623598574 36.694642470218241 105.9816569108516 7.0360568203032008 13.212755104526876 16.026524558663368 12.972272533923386 18.194138027261946 2.3373253364115945
leaf_count=3470 835 2230 62670 1454 511 2626 7361 666 452 57 109 161 222 65 168 416 2344 137 101 73 96 472 76
internal_value=-3.46935e-05 0.000140416 0.000377654 0.00260961 4.21469e-06 -0.00019415 0.00351181 0.0057946 -0.00452992 -0.00276936 -0.000727095 0.00160933 -0.0107298 -0.00323274 -0.00239342 -0.000253921 -0.00718768 -0.00575504 -0.0106934 -0.00656292 -0.0132078 -0.0132078 -0.0173441
internal_weight=6690.84 6440.91 6018.51 861.793 5156.72 4986.85 778.415 169.871 249.934 208.877 167.099 143.104 41.778 422.399 380.872 264.077 116.795 83.3786 41.5272 28.3145 23.9947 41.0576 20.5315
internal_count=86772 84292 78895 12422 66473 65296 8815 1177 2480 1480 1201 996 279 5397 5158 2646 2512 3607 239 138 205 1000 548
is_linear=0
shrinkage=0.02


Tree=272
num_leaves=28
num_cat=0
split_feature=41 25 0 1 49 36 22 32 3 1 23 3 57 2 23 22 0 6 1 2 3 2 16 34 8 3 3
split_gain=10.1035 11.2829 31.6885 19.748 16.3632 14.1323 12.683 11.8091 10.0478 8.81415 7.9258 7.86771 6.36813 6.23716 6.00775 7.60623 7.36385 6.33386 9.34976 8.31642 6.02184 4.15818 4.09904 3.53691 3.05925 2.78396 1.49941
threshold=1.0000000180025095e-35 1.0000000180025095e-35 12.000208377838137 0.45716366171836859 1.0000000180025095e-35 1.0000000180025095e-35 0.27352471649646765 1.0000000180025095e-35 1.6500000357627871 0.52952951192855846 1.0000000180025095e-35 2.3500000238418584 1.0000000180025095e-35 13.050000190734865 1.0000000180025095e-35 0.7854021191596986 14.766346931457521 1.0000000180025095e-35 0.64088687300682079 4.0499999523162851 1.9499999880790713 6.5499999523162851 1.0000000180025095e-35 1.0000000180025095e-35 2.0588984489440922 6.7500000000000009 10.949999809265138
decision_type=2 2 2 2 2 2 10 2 2 2 2 2 2 2 2 8 2 2 2 2 2 2 8 2 10 2 2
left_child=1 3 5 6 7 8 12 -5 -3 21 -8 -7 -1 -11 15 23 20 19 25 -16 -17 -4 -21 24 -2 -19 -18
right_child=14 2 9 4 -6 11 10 -9 -10 13 -12 -13 -14 -15 17 16 26 18 -20 22 -22 -23 -24 -25 -26 -27 -28
leaf_value=-0.00043849006022189636 -0.0094903837351280745 0.0019829568056610146 -0.0019882302482766845 0.0033620805563012181 -0.00043849006022189636 0.023287223287721332 -0.014050881397803366 -0.00043849006022189636 -0.0019638912981023212 -0.0019882302482766845 -0.002966214157731344 0.0035863625153121133 -0.007661314460379506 -0.014981450655174849 0.0049216037503500235 -0.0030953351641228011 -0.014424638230859262 -0.019222722774254297 0.011659213588893609 0.0037845016521283392 0.01130022363156539 -0.016142670416904224 -0.011015440507886085 -0.018405655459486147 0.0043329959686048405 0.0010461515151028475 0.0023502887240174066
leaf_weight=2603.0919699538499 13.651145891286435 389.27657867968082 3.1874647047370663 1791.1898505240679 252.43489729985595 14.071291305124758 41.092228032648563 307.30139506608248 760.48172406665981 59.88213530369103 68.545091889798641 18.503646265715361 51.886201428249478 18.524283753708005 16.622777808457613 16.027919434010983 7.9950492535717768 6.1838586200028676 16.465210434049368 7.5823348821140817 38.070888664573431 68.956777088344097 104.58978509809822 8.0226248605176789 10.575293594971297 4.1946643237024546 2.4616099745035172
leaf_count=52734 120 3091 98 11023 1645 96 421 2308 7902 1058 713 153 1237 361 107 86 195 86 102 108 251 1686 1139 72 93 64 67
internal_value=0.000126443 0.000280352 -0.00135794 0.000707399 0.00205454 -0.00025407 -0.00043849 0.00273643 -0.000627035 -0.00996816 -0.00721021 0.0125366 -0.00043849 -0.00522469 -0.0037906 0.000125061 0.00407576 -0.00621133 0.00254893 -0.00804273 0.00705646 -0.0149815 -0.00999043 -0.00766808 -0.00352366 -0.0116587 -0.0106152
internal_weight=6700.87 6448.43 1332.88 5115.54 2350.93 1182.33 2764.62 2098.49 1149.76 150.551 109.637 32.5749 2654.98 78.4064 252.443 96.8045 64.5555 155.639 26.8437 128.795 54.0988 72.1442 112.172 32.2491 24.2264 10.3785 10.4567
internal_count=87016 84526 14445 70081 14976 11242 55105 13331 10993 3203 1134 249 53971 1419 2490 884 599 1606 252 1354 337 1784 1247 285 213 150 262
is_linear=0
shrinkage=0.02


Tree=273
num_leaves=15
num_cat=0
split_feature=46 43 39 0 25 0 42 12 31 23 7 21 16 0
split_gain=12.4207 10.2578 10.1277 24.7878 10.2552 37.2727 12.0758 6.07205 4.97297 4.48162 2.57013 1.81532 1.68197 0.370445
threshold=1.0000000180025095e-35 1.0000000180025095e-35 1.0000000180025095e-35 7.7739939689636239 1.0000000180025095e-35 12.000208377838137 1.0000000180025095e-35 4.383054494857789 1.0000000180025095e-35 1.0000000180025095e-35 1.0000000180025095e-35 77.12158584594728 inf 10.180864334106447
decision_type=2 2 2 2 2 2 2 10 2 2 8 8 8 2
left_child=1 2 4 -4 6 -6 -1 12 11 -5 -2 -9 -3 -12
right_child=10 7 3 9 5 -7 -8 8 -10 -11 13 -13 -14 -15
leaf_value=0.00068389651681069583 -0.0033210360015487189 0.022602394137883987 0.038916484932457508 0.0092058573339638943 -0.00038436043108258818 -0.011079286585052759 -0.0028291647159513727 0.014862929389757728 -0.0066278359806511838 -0.011204960520232024 -0.010756025824913166 0.0024890850777893755 0.0092305291476677317 -0.020777627666308664
leaf_weight=4852.2594311316498 7.284270346164706 10.965665218420328 8.1708422526717204 6.6770183145999882 1179.2059392221272 145.55538405478001 424.73285615770146 10.014633986167611 11.761163722723724 8.8590462654829025 6.2473940923810032 9.1714770058169943 8.7647360228002054 10.921330682933329
leaf_count=66279 61 91 38 80 11166 3141 5386 60 90 91 37 77 70 123
internal_value=6.95772e-05 0.000122723 5.34834e-05 0.0128345 5.64996e-06 -0.00156691 0.000400656 0.00899876 0.0032694 -0.00240666 -0.0138751 0.00936423 0.0173941 -0.0179237
internal_weight=6700.59 6676.14 6625.46 23.7069 6601.75 1324.76 5276.99 50.6777 30.9473 15.5361 24.453 19.1861 19.7304 17.1687
internal_count=86790 86569 86181 209 85972 14307 71665 388 227 171 221 137 161 160
is_linear=0
shrinkage=0.02


Tree=274
num_leaves=21
num_cat=0
split_feature=3 18 11 23 11 44 57 19 3 41 22 22 3 13 13 11 0 3 0 19
split_gain=15.1965 13.1021 13.6732 12.7193 12.0094 11.6554 10.5293 9.98936 8.67108 8.38231 7.54233 5.75308 4.77241 6.55463 3.79962 3.24375 3.05825 1.5664 1.3909 1.11117
threshold=1.0000000180025095e-35 1.0000000180025095e-35 6.3258838653564462 1.0000000180025095e-35 11.541632652282717 1.0000000180025095e-35 1.0000000180025095e-35 1.0000000180025095e-35 3.2500000000000004 1.0000000180025095e-35 0.71153941750526439 0.58815377950668346 9.4499998092651385 0.2962391078472138 1.6178609132766726 4.5456764698028573 9.1991844177246112 1.7500000000000002 9.5932264328002947 1.0000000180025095e-35
decision_type=2 10 8 2 10 2 2 8 2 2 10 8 2 10 8 8 2 2 2 8
left_child=3 5 12 15 10 6 9 -8 -7 -2 -4 -5 17 -14 -13 -1 -16 -3 19 -17
right_child=1 2 4 11 -6 8 7 -9 -10 -11 -12 14 13 -15 16 18 -18 -19 -20 -21
leaf_value=-0.0016228211688038684 4.1672591379361507e-05 0.0080555856876347483 0.011326324176253174 0.015145438193596022 4.1672591379361507e-05 4.1672591379361507e-05 -0.01170591356484681 4.1672591379361507e-05 -0.021628328471520363 -0.003734838595418137 4.1672591379361507e-05 -0.013737735519844014 0.021452351712865334 4.1672591379361507e-05 0.0079831471870286906 -0.016798793800748727 -0.0058268688119420646 4.1672591379361507e-05 -0.021026676967295346 -0.0082116791392996876
leaf_weight=7.6161056607961646 5950.3257453157566 24.487705796957016 146.46921073831618 7.8057991643436244 21.796953212469816 8.3975075036287326 58.610143290832639 27.615075583569705 16.314263023436069 244.3858684329316 8.3138569630682451 8.4932678691111487 9.116138059645893 11.121645409613846 11.973935067653658 14.076399412006142 11.714375000912694 76.571169286966324 16.442090019583702 16.523906718939543
leaf_count=45 79951 110 1067 104 259 44 1019 458 128 2455 44 84 65 77 54 98 154 391 274 109
internal_value=0.000121011 0.000235616 0.00432727 -0.00779394 0.00789727 4.16726e-05 4.16726e-05 -0.00692283 -0.013424 4.16726e-05 0.0101006 0.000791452 4.16726e-05 0.00978356 -0.00304169 -0.0139763 0.0011944 4.16726e-05 -0.0159009 -0.0125684
internal_weight=6698.17 6603.53 297.877 94.6459 176.58 6305.65 6280.94 86.2252 24.7118 6194.71 154.783 39.9874 121.297 20.2378 32.1816 54.6585 23.6883 101.059 47.0424 30.6003
internal_count=86990 86068 2013 922 1370 84055 83883 1477 172 82406 1111 396 643 142 292 526 208 501 481 207
is_linear=0
shrinkage=0.02


Tree=275
num_leaves=20
num_cat=0
split_feature=43 27 33 7 45 1 3 3 3 11 11 1 3 3 11 3 3 4 8
split_gain=11.4179 10.5273 16.1059 14.3995 13.2761 10.3624 12.1077 10.93 7.67174 9.75335 7.61078 6.42052 11.9723 9.91864 7.65688 3.40231 3.29839 3.00897 0.279704
threshold=1.0000000180025095e-35 1.0000000180025095e-35 1.0000000180025095e-35 3.5000000000000004 1.0000000180025095e-35 0.23713675886392596 19.250000000000004 14.750000000000002 5.8500001430511483 7.5947651863098153 19.329535484313968 0.27044226229190832 11.050000190734865 5.1499998569488534 26.263042449951175 9.9499998092651385 9.8499999046325701 1.0000000180025095e-35 10.445216178894045
decision_type=2 2 2 10 2 2 2 2 2 8 8 2 2 2 8 2 2 2 8
left_child=1 11 3 4 -3 6 -4 -7 -2 -10 -11 14 13 -13 18 -12 -16 -5 -1
right_child=8 2 5 17 -6 7 -8 -9 9 10 15 12 -14 -15 16 -17 -18 -19 -20
leaf_value=-0.018358271584075998 -0.0027209493742733899 0.0003043780634272641 -0.019962327518382613 -0.00058245477166520964 0.018393541784199111 -0.0023733474400748269 -0.0021381270931429405 0.018387741464953384 0.00055235216130994466 0.035142472779333842 0.020435027188194753 0.012577480259775483 0.028501066945404864 0.0010613141754516741 -0.0089272876231794272 0.0011389662011431596 0.0010613141754516741 -0.015328754586377242 -0.0074050283973603982
leaf_weight=6.5819060690700981 14.685003235936163 5495.6233784900978 27.855232892092317 6.9741159020923069 15.277554009109734 886.22084314469248 7.4597885105758897 9.2714543370529992 13.576026566326616 9.2456866949796694 6.6488972073420864 42.229239035397768 9.716075271368025 35.479152847081423 16.24320762604475 7.2400962868705392 66.15804105065763 27.420957941561937 3.4307992197573194
leaf_count=154 107 70616 1202 234 136 10174 265 338 73 70 46 530 115 525 632 93 1216 418 76
internal_value=7.35672e-05 3.59211e-07 -0.000132525 0.000276248 0.000357854 -0.00256548 -0.0130446 -0.00213813 0.00937333 0.0141551 0.021784 0.00475989 0.00861332 0.00579619 0.00106131 0.0111284 0.00106131 -0.0124397 -0.0156184
internal_weight=6707.34 6655.94 6476.1 5545.3 5510.9 930.807 35.315 895.492 51.3957 36.7107 23.1347 179.838 87.4245 77.7084 92.414 13.889 82.4012 34.3951 10.0127
internal_count=87020 86631 83383 71404 70752 11979 1467 10512 389 282 209 3248 1170 1055 2078 139 1848 652 230
is_linear=0
shrinkage=0.02


Tree=276
num_leaves=20
num_cat=0
split_feature=48 11 3 46 41 3 3 2 0 22 22 24 51 22 0 12 25 7 3
split_gain=8.7438 11.2779 9.28304 9.12183 8.36075 8.54688 8.16827 11.0376 7.54154 5.95779 5.68789 5.61004 6.99466 3.95222 3.14721 3.10093 2.54541 1.94002 0.615111
threshold=1.0000000180025095e-35 3.1568622589111333 1.0000000180025095e-35 1.0000000180025095e-35 1.0000000180025095e-35 1.7500000000000002 2.2500000000000004 6.8500001430511483 15.916501045227053 0.38600337505340582 0.053425425663590438 1.0000000180025095e-35 1.0000000180025095e-35 0.32283189892768865 8.9058971405029315 9.7106957435607928 1.0000000180025095e-35 1.0000000180025095e-35 4.7500000000000009
decision_type=2 8 2 2 2 2 2 2 2 10 10 2 2 10 2 10 2 8 2
left_child=2 15 11 4 5 -4 13 10 -6 -9 -8 12 16 -3 -13 -2 -1 -5 -19
right_child=1 6 3 17 8 -7 7 9 -10 -11 -12 14 -14 -15 -16 -17 -18 18 -20
leaf_value=-0.0019373028152088545 -0.015396820699770797 0.005664866704674019 0.0016927210331406967 -0.003337598295576514 -0.0021945315861023034 -0.00024134815704892937 0.0038736797308273393 0.0028278471268871563 -0.012158607932397363 -0.0091397051639951418 0.021924956463958707 -0.0041044490177906704 0.013776740152386358 0.021058147461254683 -0.021113495773431815 -0.0015598602405622452 -0.00967392267915489 -0.019321738951491502 -0.008790745206009639
leaf_weight=35.359260622877628 12.81500367075205 12.4956181794405 1118.2013505194336 7.7302885502576855 203.59858665987849 4982.7841696110554 12.298604391515257 158.42627771757543 34.872394608799368 17.600091278553009 16.864511027932167 7.1875929832458523 7.2472092923708251 16.202661711722612 12.8332919832319 12.671269059181212 32.946814993396401 9.8139171749353427 6.3654091134667388
leaf_count=320 61 58 10635 63 1506 71328 78 966 938 76 91 33 100 71 197 64 304 84 72
internal_value=-2.65665e-05 0.0035668 -0.000171396 -7.79838e-05 -3.05164e-05 0.000113351 0.00495017 0.00351146 -0.0036963 0.0015864 0.0146932 -0.00632563 -0.00372575 0.0147721 -0.0154929 -0.00883599 -0.00575473 -0.0121571 -0.0159314
internal_weight=6718.31 259.374 6458.94 6363.37 6339.46 6100.99 233.888 205.189 238.471 176.026 29.1631 95.5742 75.5533 28.6983 20.0209 25.4863 68.3061 23.9096 16.1793
internal_count=87045 1465 85580 84626 84407 81963 1340 1211 2444 1042 169 954 724 129 230 125 624 219 156
is_linear=0
shrinkage=0.02


Tree=277
num_leaves=18
num_cat=0
split_feature=46 42 25 1 49 0 2 36 22 3 3 21 11 3 3 13 15
split_gain=11.3231 11.5354 11.8674 36.6676 19.873 22.6853 12.9238 12.2844 11.1986 8.80576 10.1749 15.9654 7.0195 5.48744 8.91388 1.85402 0.108031
threshold=1.0000000180025095e-35 1.0000000180025095e-35 1.0000000180025095e-35 0.60486513376235973 1.0000000180025095e-35 14.947073459625246 4.8500001430511483 1.0000000180025095e-35 0.7742590904235841 7.0499999523162851 6.5499999523162851 42.578548431396491 9.84637498855591 7.9500000476837167 8.2500000000000018 0.80562949180603038 5.5000000000000009
decision_type=2 2 2 2 2 2 2 2 10 2 2 8 10 2 2 8 8
left_child=1 2 4 6 5 -1 -4 -5 -6 10 12 -12 -3 16 -15 -2 -11
right_child=15 9 3 7 8 -7 -8 -9 -10 13 11 -13 -14 14 -16 -17 -18
leaf_value=0.0025646823621854045 -0.0057965718639449385 -0.0039111225685159855 0.00015640404332940028 0.00015640404332940028 -0.0059557046060306684 -0.00024261334239608059 -0.010833519924806361 0.012715304414210791 0.0039061370203693512 -0.021144697588555132 0.034159020126587246 -0.0032971187118818845 0.003427064079996771 0.012537991077999602 -0.0076828098372896383 -0.017864160554919486 -0.011093343848065207
leaf_weight=2198.9547200836241 9.6802422516047972 218.4623684193939 41.361753325909376 1075.5909562297165 250.66124403849244 2415.427699371241 188.59994124528021 30.153881669044495 55.641751915216446 9.8332414533942902 7.1105559943243888 10.014725141227244 67.541513646021485 8.6653885268606228 98.006776895839721 14.240455808117984 4.675949556287379
leaf_count=14658 93 1580 604 9695 2013 50005 3912 219 259 141 62 122 1087 122 2226 130 84
internal_value=4.70649e-05 9.72456e-05 0.000313865 -0.00135735 0.000767696 0.00109545 -0.00860523 0.000156404 -0.00415736 -0.00309001 -0.0012584 0.0132815 -0.00217226 -0.00762388 -0.00593901 -0.0134092 -0.0188295
internal_weight=6704.62 6680.7 6256.39 1335.71 4920.69 4614.38 229.962 1105.74 306.303 424.311 303.129 17.1253 286.004 121.181 106.672 23.9207 14.5092
internal_count=87012 86789 81365 14430 66935 64663 4516 9914 2272 5424 2851 184 2667 2573 2348 223 225
is_linear=0
shrinkage=0.02


Tree=278
num_leaves=22
num_cat=0
split_feature=41 8 21 40 21 46 42 21 8 1 3 21 0 21 12 3 10 21 0 3 12
split_gain=14.1675 12.6479 12.5283 20.3819 9.33093 8.6108 7.86349 7.05952 6.05422 7.42917 9.91972 5.38441 4.99395 5.48067 4.89367 2.61126 2.37354 2.21567 1.90278 1.87632 0.982349
threshold=1.0000000180025095e-35 3.7363115549087529 17.724540710449222 1.0000000180025095e-35 90.986747741699233 1.0000000180025095e-35 1.0000000180025095e-35 37.998870849609382 6.7583153247833261 0.68817996978759777 8.4499998092651385 24.333208084106449 21.301291465759281 34.248643875122077 4.4365999698638925 2.4500000476837163 1.0000000180025095e-35 33.689208984375007 9.9927473068237322 10.84999990463257 3.3479956388473515
decision_type=2 10 8 2 10 2 2 10 10 2 2 10 2 10 8 2 8 8 2 2 10
left_child=1 4 3 16 5 6 -1 8 9 10 -2 -11 13 -4 -5 -9 -3 -14 -7 -6 -17
right_child=7 2 12 14 19 18 -8 15 -10 11 -12 -13 17 -15 -16 20 -18 -19 -20 -21 -22
leaf_value=-0.00022917574413834887 -0.011318911129441124 0.011281882869775576 0.0038991918763280919 0.016189415752442812 -0.021793554376524336 -0.0037544899514945964 -0.0032224960720688011 -0.0039576075666004793 0.014213758070450647 -0.00015281226989263824 -0.00015281226989263824 0.010289002009693958 -0.0055312479629979552 -0.00022917574413834887 0.035588003979439925 -0.01934923028698235 -0.00022917574413834887 -0.00022917574413834887 -0.017048305116873972 -0.0053522875584460314 -0.0085496286939695243
leaf_weight=5261.4664124096744 79.675952375866473 6.8811235334724321 424.19562337175012 20.65051184035838 8.2939357012510246 7.0972693637013462 355.14171056216583 9.989281631074844 6.6245102146640411 86.082630276679993 29.280725582502782 18.753825955092907 31.832438225392252 90.892685029655695 8.3632229939103109 16.702521130442623 16.431699873879552 208.6653289841488 13.544794408604501 5.1386937694624075 7.2512831650674334
leaf_count=67859 1012 68 3766 206 98 40 4338 80 97 444 540 98 1043 815 52 178 137 5904 151 99 61
internal_value=-7.70404e-05 0.000105625 0.00244467 0.0118167 -0.000229176 -0.000229176 -0.000229176 -0.00469745 -0.00335555 -0.00396358 -0.00759551 -0.000152812 0.00178087 0.00290033 0.0227805 -0.013066 -0.000229176 -0.000229176 -0.0128622 -0.0163105 -0.0165536
internal_weight=6712.96 6458.6 807.913 52.3266 5650.68 5637.25 5616.61 254.361 220.418 213.793 108.957 104.836 755.586 515.088 29.0137 33.9431 23.3128 240.498 20.6421 13.4326 23.9538
internal_count=87086 84576 11991 463 72585 72388 72197 2510 2191 2094 1552 542 11528 4581 258 319 205 6947 191 197 239
is_linear=0
shrinkage=0.02


Tree=279
num_leaves=21
num_cat=0
split_feature=8 21 3 11 3 13 33 27 3 12 10 12 11 11 42 2 1 55 21 54
split_gain=11.6924 11.9422 11.9735 13.8513 18.547 10.6307 9.55495 18.7385 11.965 5.3589 5.28131 13.3477 4.75273 4.67349 2.93217 2.20644 2.04753 1.71725 0.698621 0.305524
threshold=0.89449885487556469 14.70293712615967 2.1499999761581425 14.317897796630861 4.0499999523162851 5.725156545639039 1.0000000180025095e-35 1.0000000180025095e-35 1.7500000000000002 11.802836894989015 2.5000000000000004 2.2802563905715947 24.541828155517582 16.718824386596683 1.0000000180025095e-35 5.4500000476837167 0.59877228736877453 1.0000000180025095e-35 35.228038787841804 1.0000000180025095e-35
decision_type=8 8 2 10 2 10 2 2 2 10 8 8 10 8 2 2 2 2 8 2
left_child=12 2 10 4 -4 6 8 -8 -3 -7 11 -2 14 -5 17 -16 -17 19 -14 -1
right_child=1 5 3 13 -6 9 7 -9 -10 -11 -12 -13 18 -15 15 16 -18 -19 -20 -21
leaf_value=-0.002709023885770683 -0.002709023885770683 0.0025090957643610916 0.01636538719932985 0.04520407966471867 -0.00084163265240741545 0.0041246393926045446 0.0043418886292681041 -0.002709023885770683 -4.5068147118714986e-05 0.021946848518433097 -0.002709023885770683 0.02228605912795064 -0.002709023885770683 0.013585862059944998 -0.002709023885770683 -0.017201490843224782 -0.0056287701753095429 -0.013807675321621868 -0.018216043555234516 -0.005779479863424454
leaf_weight=474.33481017313898 9.1041365601122397 895.27627098374069 44.9637615904212 4.3837361652404043 54.882880015298724 15.478340603411199 168.52200570516288 814.74760449584574 4042.5340764713474 11.825439515523611 28.691696897149086 10.953352890908716 0.96594999311491392 4.7676896397024402 10.061109533533452 12.348527806811036 14.008157659322022 6.5773640498518935 8.128954806830734 52.411447260528803
leaf_count=5456 67 8403 253 59 462 113 3171 10677 56036 75 186 61 51 95 67 232 107 114 473 711
internal_value=5.11821e-06 0.000262809 0.00567659 0.00933569 0.00699262 0.000118309 5.98476e-05 -0.00173955 0.000418443 0.0123462 -0.00252797 0.00732829 -0.00270902 0.0316927 -0.00270902 -0.00840805 -0.0114814 -0.00270902 -0.0164585 -0.00270902
internal_weight=6684.97 6106.13 157.747 108.998 99.8466 5948.38 5921.08 983.27 4937.81 27.3038 48.7492 20.0575 578.836 9.15143 569.741 36.4178 26.3567 533.324 9.0949 526.746
internal_count=86869 79658 1183 869 715 78475 78287 13848 64439 188 314 128 7211 154 6687 406 339 6281 524 6167
is_linear=0
shrinkage=0.02


Tree=280
num_leaves=12
num_cat=0
split_feature=10 3 37 3 1 1 54 8 2 21 21
split_gain=11.82 12.581 20.5337 13.676 16.1488 9.89756 11.3899 9.64072 9.22951 6.36066 7.61576
threshold=1.0000000180025095e-35 1.7500000000000002 1.0000000180025095e-35 1.0000000180025095e-35 0.29377762973308569 1.4878956675529482 1.0000000180025095e-35 0.059326712042093284 5.6499998569488534 11.992141246795656 19.575608253479007
decision_type=8 2 2 2 2 2 2 8 2 8 8
left_child=9 2 3 10 -5 6 7 -3 -8 -1 -2
right_child=1 5 -4 4 -6 -7 8 -9 -10 -11 -12
leaf_value=0.024227262113114718 0.012607820659332431 -0.0049823896452611512 -0.024143138209989111 -0.015321652559445526 0.0030232435716433916 0.0034809286030311861 0.00069319668611787105 -0.00017265823655234036 -0.0096650761914104256 0.0034809286030311861 -0.0072902416800698505
leaf_weight=4.9394082594662896 7.5905517619103184 171.93918261304498 11.028473138809202 18.552041126880795 1117.2322314251214 73.173113320022821 53.452785614877939 4621.2832815940492 94.936473469249904 425.96150111686438 80.133337273262441
leaf_count=37 49 2381 135 1027 9444 335 594 63549 1626 6647 813
internal_value=0.00028104 5.98809e-05 0.00186764 0.00212162 0.00271038 -0.000385436 -0.000515762 -0.000346193 -0.00595416 0.00348093 -0.00544581
internal_weight=6680.22 6249.32 1234.54 1223.51 1135.78 5014.78 4941.61 4793.22 148.389 430.901 87.7239
internal_count=86637 79953 11468 11333 10471 68485 68150 65930 2220 6684 862
is_linear=0
shrinkage=0.02


Tree=281
num_leaves=17
num_cat=0
split_feature=44 9 2 3 13 28 2 3 15 15 3 3 21 7 3 3
split_gain=9.17239 9.43974 12.3454 8.61951 8.20326 7.32242 11.8647 10.3796 6.42385 5.13766 4.13436 5.28887 2.7275 1.99906 0.844943 0.720624
threshold=1.0000000180025095e-35 2.5000000000000004 7.2500000000000009 3.0499999523162846 5.725156545639039 1.0000000180025095e-35 18.550000190734867 5.1499998569488534 1.5000000000000002 4.5000000000000009 3.7500000000000004 6.3500001430511483 33.823955535888679 1.0000000180025095e-35 2.3500000238418584 0.35000000894069677
decision_type=2 10 2 2 10 2 2 2 10 10 2 2 8 10 2 2
left_child=1 4 10 -2 5 6 -1 -7 -6 12 15 -12 -4 -10 -11 -3
right_child=3 2 9 -5 8 7 -8 -9 13 14 11 -13 -14 -15 -16 -17
leaf_value=0.00039610426338048034 0.0035007355534205711 -0.0058952878795721728 -0.013191461924659529 -0.020216467492694856 0.018044906374334976 0.01186297672501466 -0.0020951162619935559 0.0011398500012902639 0.0090308771878911693 -0.019412453702346327 -0.0058952878795721728 0.00039610426338048034 -0.0058952878795721728 0.00039610426338048034 -0.010625780657998456 0.00039610426338048034
leaf_weight=5308.493952783756 9.1619095727801341 11.214013144373892 20.147204042412341 16.053455155342817 17.27772665489465 50.505751656368375 892.36841018591076 121.61498379241675 10.092053197324278 14.257560826838018 27.443749461323023 10.540395770221947 77.501484243199229 9.8109431732445938 13.535356460139154 80.012596201151609
leaf_count=52080 47 68 258 131 124 839 28266 2343 55 202 266 148 1131 74 240 511
internal_value=1.29495e-05 5.93824e-05 -0.00370935 -0.0117941 0.000209656 0.000209656 0.000209656 0.00433671 0.00948018 -0.00816344 0.000209656 -0.00589529 -0.00589529 0.00153759 -0.0156509 0.000396104
internal_weight=6690.03 6664.82 254.652 25.2154 6410.16 6372.98 6200.86 172.121 37.1807 125.442 129.211 37.9841 97.6487 19.903 27.7929 91.2266
internal_count=86783 86605 2824 178 83781 83528 80346 3182 253 1831 993 414 1389 129 442 579
is_linear=0
shrinkage=0.02


Tree=282
num_leaves=20
num_cat=0
split_feature=48 12 13 3 10 1 22 7 15 2 3 3 6 34 13 12 3 21 22
split_gain=11.0814 12.1643 12.1539 10.7541 10.6054 13.978 14.7518 12.7788 9.25576 7.31905 5.57023 7.6389 13.4914 7.59135 6.20583 4.08812 3.9446 0.397358 0.0089042
threshold=1.0000000180025095e-35 12.95816230773926 1.8829395771026614 0.75000000000000011 1.5000000000000002 0.38173063099384313 0.33895027637481695 2.5000000000000004 1.0000000180025095e-35 16.750000000000004 13.050000190734865 10.050000190734865 1.0000000180025095e-35 1.0000000180025095e-35 0.66338038444519054 14.505884170532228 3.0499999523162846 49.763425827026374 0.040931588038802154
decision_type=2 10 10 2 8 2 10 10 10 2 2 2 2 2 10 10 2 10 10
left_child=1 4 8 -2 5 18 -7 9 -3 -6 11 12 -5 -13 17 -4 -9 -12 -1
right_child=3 2 15 10 7 6 -8 16 -10 -11 14 13 -14 -15 -16 -17 -18 -19 -20
leaf_value=-0.00024544610140307503 0.021579201255172334 0.010431054471304338 0.0078052090481186562 -0.0017867499227042373 -0.0007202533634351842 0.0051752520567633379 -0.0007202533634351842 -0.012701863364198604 -0.016744483209322637 -0.0024943603773517078 -0.019326563398386464 0.012368156494705202 0.012184705301745299 -0.0044327150326147089 0.0099279948919849433 0.027609392570907856 -0.0038800794424670988 -0.0083894352300840046 -0.0007202533634351842
leaf_weight=362.92347461497411 12.227721828967331 10.966102821752431 7.442393226549032 121.89452116191387 4098.3875089604408 481.82635115459561 236.07649317011237 42.74321811273694 7.6317153945565215 956.32272122148424 6.462786188349126 57.050837673246861 34.686197564005852 12.662432968616484 4.6350377798080435 12.883649238385258 40.12873563170433 4.7503937743604183 185.65046155964956
leaf_count=9241 55 117 52 590 39225 3788 1720 550 68 25123 88 339 171 70 60 121 738 64 4739
internal_value=-8.56703e-05 -0.000247584 0.010758 0.00400039 -0.000316145 0.00132243 0.00317008 -0.000720253 -0.00100596 -0.000720253 0.0030276 0.00383936 0.00136593 0.00929698 -0.00810341 0.0210641 -0.00852732 -0.0157594 -0.000720253
internal_weight=6697.35 6442.98 38.9239 254.37 6404.06 1266.48 717.903 5137.58 18.5978 5054.71 242.142 226.294 156.581 69.7133 15.8482 20.326 82.872 11.2132 548.574
internal_count=86919 85482 358 1437 85124 19488 5508 65636 185 64348 1382 1170 761 409 212 173 1288 152 13980
is_linear=0
shrinkage=0.02


Tree=283
num_leaves=25
num_cat=0
split_feature=27 1 3 7 3 13 8 6 8 3 1 8 11 11 22 1 14 13 10 11 11 11 11 13
split_gain=12.0857 15.0023 11.0612 11.0149 15.8119 14.8981 9.51212 9.2134 9.14008 9.03977 9.33998 8.08793 6.95035 9.40815 6.84075 21.0635 7.83679 3.49021 3.14531 3.35508 3.44427 2.43867 2.36736 2.00764
threshold=1.0000000180025095e-35 0.27044226229190832 19.94999980926514 1.0000000180025095e-35 2.4500000476837163 0.28994102776050573 0.12599659711122516 1.0000000180025095e-35 1.3099038004875185 11.050000190734865 0.39389930665493017 10.841223239898683 30.726697921752933 23.105607032775882 0.03953609615564347 0.26943704485893255 1.0000000180025095e-35 1.836581885814667 3.5000000000000004 14.103621006011965 3.1568622589111333 32.296691894531257 27.068889617919925 0.64638841152191173
decision_type=2 2 2 8 2 8 8 2 8 2 2 8 10 8 8 2 10 8 10 8 10 8 8 8
left_child=1 2 12 4 5 7 18 -2 -7 10 13 23 22 -3 15 -6 -16 -13 19 -5 -20 -14 -1 -4
right_child=3 9 11 6 14 8 -8 -9 -10 -11 -12 17 21 -15 16 -17 -18 -19 20 -21 -22 -23 -24 -25
leaf_value=-0.018741475662843163 0.012622823612202705 -0.0078548476039195219 -0.0154186165223385 -0.0032009136597146381 -0.00050665831134046805 -0.0032009136597146381 -0.00050665831134046805 0.0015883663355193678 0.0043618718614999068 0.027891893248935731 0.029365171696934374 0.022162748665512363 0.021140417612862231 0.0096800116274278133 0.0047245408187390845 0.020371042942887146 -0.00050665831134046805 0.0072006660240353697 -0.0032009136597146381 -0.011654236677399088 -0.014827566265315886 -0.00044368280710320061 -0.0078548476039195219 0.0021665757174262482
leaf_weight=8.7887155562639219 108.69687375891954 14.789209228008984 5.3144061639904949 70.311213301494718 16.743142060004175 96.016633351799101 4613.2835884061642 42.238939312286675 186.86375364428386 10.23226774483919 6.9626681283116332 8.9689266718924063 3.3180903289467087 55.756533324718475 119.27695679757744 25.396746687591076 1148.1721999719739 21.223997961729765 4.7139663323760095 17.189899589400738 26.068408757448196 3.9868916822597384 35.426403798162937 4.0387617424130449
leaf_count=225 862 190 84 786 633 746 62656 386 1388 118 52 75 105 801 813 348 13943 254 31 581 359 146 1097 66
internal_value=-8.22943e-06 0.00510643 -0.000590076 -0.000150238 0.00120829 0.00451285 -0.000650953 0.00956564 0.00179264 0.0109589 0.00839664 0.00726393 -0.00664222 0.00726393 0.000111007 0.00794307 -0.000155449 0.0122132 -0.0062273 -0.00420803 -0.0116542 0.00726393 -0.00968533 -0.00834938
internal_weight=6653.78 178.807 91.0662 6474.97 1743.41 433.816 4731.57 150.936 282.88 87.7407 77.5084 39.5461 51.5201 70.5457 1309.59 42.1399 1267.45 30.1929 118.283 87.5011 30.7824 7.30498 44.2151 9.35317
internal_count=86745 3213 2052 83532 19119 3382 64413 1248 2134 1161 1043 479 1573 991 15737 981 14756 329 1757 1367 390 251 1322 150
is_linear=0
shrinkage=0.02


Tree=284
num_leaves=15
num_cat=0
split_feature=46 3 1 3 2 3 8 2 24 1 3 40 0 3
split_gain=11.0419 10.3696 14.0282 20.4093 27.3192 13.4373 11.1363 8.50586 8.17307 13.3301 4.91249 3.61511 3.36301 0.564214
threshold=1.0000000180025095e-35 23.349999427795414 0.20442671328783038 18.650000572204593 15.949999809265138 12.34999990463257 2.1471621990203862 7.0499999523162851 1.0000000180025095e-35 0.15401449054479602 27.050000190734867 1.0000000180025095e-35 9.9927473068237322 32.850000381469734
decision_type=2 2 2 2 2 2 10 2 2 2 2 2 2 2
left_child=1 2 5 6 -5 -1 -4 -7 9 10 -3 13 -2 -10
right_child=12 8 3 4 -6 7 -8 -9 11 -11 -12 -13 -14 -15
leaf_value=-0.020270896320006029 -0.0023565045153620449 -0.0016277342793509526 -0.0004356697243120948 0.072826883050053276 0.0083761128734021334 -0.0004356697243120948 0.0014556437408964318 -0.0078111768865495946 0.00099878193342465898 0.041006024494066685 0.014722623201840073 -0.010285313979473781 -0.018756723628760616 0.010087527615617065
leaf_weight=22.053813431411982 7.6977621614933041 11.73340259306133 4794.1972063896246 2.4287580680102101 12.78345905523747 34.189256422221661 1681.1609153137542 81.786389164160937 5.2047573123127222 5.2706588096916667 17.890112221240997 9.1219801511615515 15.194664292037485 5.3793395198881626
leaf_count=850 45 183 58486 76 460 796 22152 3319 90 85 149 94 172 31
internal_value=6.30545e-07 4.91434e-05 -2.29994e-05 0.000111631 0.0225236 -0.00630902 5.55103e-05 -0.00350345 0.00865035 0.0143344 0.00840483 -0.00162072 -0.0135715 0.00609016
internal_weight=6706.09 6683.2 6628.6 6490.57 15.2122 138.029 6475.36 115.976 54.6003 34.8942 29.6235 19.7061 22.8924 10.5841
internal_count=86988 86771 86139 81174 536 4965 80638 4115 632 417 332 215 217 121
is_linear=0
shrinkage=0.02


Tree=285
num_leaves=15
num_cat=0
split_feature=46 3 23 3 1 3 3 12 1 6 40 0 9 0
split_gain=12.5804 10.4573 12.3201 9.93596 11.9974 18.4236 13.9107 5.58416 7.31511 4.89073 4.70948 4.32354 2.88811 1.67072
threshold=1.0000000180025095e-35 1.0000000180025095e-35 1.0000000180025095e-35 23.650000572204593 0.20442671328783038 17.94999980926514 12.34999990463257 3.1622416973114018 0.14102149009704593 1.0000000180025095e-35 1.0000000180025095e-35 9.5932264328002947 1.5000000000000002 9.9927473068237322
decision_type=2 2 2 2 2 2 2 10 2 2 2 2 10 2
left_child=1 2 11 4 6 -6 -3 8 -5 10 -4 12 -1 -2
right_child=13 3 9 7 5 -7 -8 -9 -10 -11 -12 -13 -14 -15
leaf_value=-0.0048113685454838889 -0.0056065506154076928 -0.020214559541611932 -0.0066494801668667636 0.0071094863275532969 0.00011888348261481756 0.014778640554269456 -0.0029599151489842707 -0.0069599985540529132 0.027398987548798631 0.01656277449886474 0.0087696842115709498 -0.020999303086711642 -0.017383809685010364 -0.017827772038397038
leaf_weight=27.055072881281376 7.7448104768991497 21.190929008182138 21.983716844581068 34.758904049172997 6333.69672269281 33.477849865332246 121.84062818344682 6.9351071771234265 8.3729097843170148 6.4227055460214606 11.109800258185713 16.804297007154673 9.7166134864091855 16.033607479184866
leaf_count=177 45 819 219 300 78858 1240 4188 113 168 61 126 285 71 179
internal_value=-9.77667e-06 4.31911e-05 -0.00657702 0.000138122 6.91806e-05 0.000198271 -0.00563889 0.00892569 0.0115798 0.00188344 -0.00136773 -0.0127374 -0.00850581 -0.0142341
internal_weight=6677.14 6653.37 93.0922 6560.27 6510.21 6367.17 143.032 50.0669 43.1318 39.5162 33.0935 53.576 36.7717 23.7784
internal_count=86849 86625 939 85686 85105 80098 5007 581 468 406 345 533 248 224
is_linear=0
shrinkage=0.02


Tree=286
num_leaves=23
num_cat=0
split_feature=41 25 0 6 2 19 44 1 1 3 22 21 34 3 31 12 23 22 22 4 3 7
split_gain=13.6358 11.5839 22.097 14.6013 17.0577 13.1376 11.8319 12.5955 9.75209 8.86865 8.66785 6.85251 6.32756 18.1856 5.65274 4.76326 4.74605 4.14578 1.97782 1.8164 1.36454 0.909917
threshold=1.0000000180025095e-35 1.0000000180025095e-35 12.649308204650881 1.0000000180025095e-35 5.6499998569488534 1.0000000180025095e-35 1.0000000180025095e-35 0.37962783873081213 0.68817996978759777 2.2500000000000004 0.9400366246700288 39.243028640747077 1.0000000180025095e-35 1.8499999642372134 1.0000000180025095e-35 2.553057193756104 1.0000000180025095e-35 0.50310695171356212 0.42498907446861273 1.0000000180025095e-35 2.0499999523162846 1.0000000180025095e-35
decision_type=2 2 2 2 2 10 2 2 2 2 8 10 2 2 2 8 2 10 8 2 2 8
left_child=1 5 3 10 -5 6 7 -1 17 -7 -3 12 13 -10 -8 20 -11 19 -17 21 -4 -2
right_child=8 2 15 4 -6 9 14 -9 11 16 -12 -13 -14 -15 -16 18 -18 -19 -20 -21 -22 -23
leaf_value=-0.00067273111985723317 -0.0083367658108978865 0.0045936874794692082 -0.015898359881123768 0.0018091116198535641 -0.0055346749826796424 0.021770463217678483 -0.0050700542981529017 0.0013933991757645479 -0.0083367658108978865 0.0013933991757645479 -0.0002808888937694967 -0.0083367658108978865 -0.0078298511082445215 0.01038008510043727 -0.024644195213844124 -0.019026336205338647 0.012521351461306984 -0.021211151577321671 -0.010892101970734725 -0.0083367658108978865 -0.0055346749826796424 -0.018967858073353987
leaf_weight=1900.8472930695862 2.1398769696243081 214.45621108263731 6.7342458833009031 189.78900600224733 376.08482687920332 17.643850214779377 15.741182286292315 3110.019276805222 30.720219194889069 15.517922505736349 451.74891329370439 10.922120444476603 22.89567331969738 57.118362426757812 9.1589632630348206 18.53130117058754 16.511387631297112 9.4242284893989545 55.807141118682921 106.41226907912642 19.274172132834792 11.365615388844162
leaf_count=46395 70 2157 150 1532 4965 103 116 22904 160 79 3439 70 112 304 59 439 81 89 1244 1237 498 448
internal_value=2.80332e-05 0.000207192 -0.00145212 -0.000713107 -0.00307279 0.000642145 0.000540073 0.000609645 -0.0045356 0.0107751 0.00129281 -0.000459272 0.0013211 0.00376763 -0.0129435 -0.0104293 0.00424242 -0.00833677 -0.0131455 -0.00833677 -0.00553467 -0.0164893
internal_weight=6668.86 6417.87 1332.43 1232.08 565.874 5085.44 5035.77 5010.87 250.998 49.6732 666.205 121.656 110.734 87.8386 24.9001 100.347 32.0293 129.342 74.3384 119.918 26.0084 13.5055
internal_count=86651 84161 14424 12093 6497 69737 69474 69299 2490 263 5596 646 576 464 175 2331 160 1844 1683 1755 648 518
is_linear=0
shrinkage=0.02


Tree=287
num_leaves=21
num_cat=0
split_feature=10 45 32 3 3 25 3 3 48 13 21 0 15 3 3 7 41 10 10 1
split_gain=11.3529 9.73162 9.68889 12.6263 12.5156 10.5876 8.16848 7.30112 7.1516 5.67779 4.76478 4.09758 3.87724 3.03356 2.33242 1.69648 3.69509 2.34749 1.3564 0.278676
threshold=2.5000000000000004 1.0000000180025095e-35 1.0000000180025095e-35 12.650000095367433 18.94999980926514 1.0000000180025095e-35 8.5500001907348651 39.250000000000007 1.0000000180025095e-35 0.27736546099185949 11.992141246795656 11.593317031860353 3.5000000000000004 2.2500000000000004 12.949999809265138 1.5000000000000002 1.0000000180025095e-35 4.5000000000000009 3.5000000000000004 0.40135198831558233
decision_type=10 2 2 2 2 2 2 2 2 10 8 2 10 2 2 10 2 8 8 2
left_child=1 2 3 5 -5 -1 10 8 -4 12 13 -11 18 -2 -13 17 -17 -12 -8 -14
right_child=6 -3 7 4 -6 -7 9 -9 -10 11 15 14 19 -15 -16 16 -18 -19 -20 -21
leaf_value=0.0013731707234125132 -0.017533400473509032 0.01648005897330759 -0.0017383422165641671 -0.0020857062682802506 0.0048191796981118884 -0.0014110387572550773 0.0049035759394146731 0.020645710521218531 0.020265414195493509 -0.0020857062682802506 0.00044309499511340633 -0.013811254144551593 -0.016278363766099174 -0.0035311794003107522 -0.0051671448841325521 -0.0035976624217664323 -0.016845839613415518 -0.0029514698433580539 -0.0044009284036610873 -0.005629090023609189
leaf_weight=3758.5972200841643 11.91533423215151 13.862899020314215 809.12774329679087 452.87522167153656 104.33114166278392 638.38564563728869 27.367165490984917 4.8347316384315482 4.9567215219140044 6.2276381831616154 506.57311250409111 54.405348350293934 7.2566648013889772 13.107471965253351 18.283698718994856 149.88653928227723 8.0405485201626998 96.074226391501725 7.2001557964831582 2.7780780661851168
leaf_count=42789 72 118 11541 12933 2882 6122 562 21 28 84 5003 909 164 86 601 1904 84 891 146 41
internal_value=-9.25391e-06 0.000317255 0.000275596 0.00060878 -0.00208571 0.00096871 -0.00208571 -0.00173834 -0.00173834 -0.00694856 -0.00173834 -0.0101677 -0.00208571 -0.0106163 -0.0117366 -0.00173834 -0.00437392 -0.00173834 -0.00208571 -0.0141075
internal_weight=6696.09 5786.97 5773.11 4954.19 557.206 4396.98 909.116 818.919 814.084 123.519 785.597 78.9167 44.6021 25.0228 72.689 760.574 157.927 602.647 34.5673 10.0347
internal_count=86981 76434 76316 64726 15815 48911 10547 11590 11569 2507 8040 1594 913 158 1510 7882 1988 5894 708 205
is_linear=0
shrinkage=0.02


Tree=288
num_leaves=19
num_cat=0
split_feature=9 1 1 22 23 3 21 39 12 8 33 11 11 8 3 21 12 1
split_gain=10.0937 9.37416 8.84363 17.6304 9.44639 15.9428 8.88974 7.34956 4.90433 4.71629 5.28286 4.91133 1.00405 2.09277 0.917639 1.23349 0.605825 0.534595
threshold=2.5000000000000004 0.96562129259109508 0.55027195811271679 0.30739219486713415 1.0000000180025095e-35 3.9500000476837163 66.114368438720717 1.0000000180025095e-35 2.3165515661239628 0.94793695211410534 1.0000000180025095e-35 5.5148208141326913 4.2677376270294198 1.9221611618995669 3.0499999523162846 37.745244979858406 4.2329037189483651 0.27737425267696386
decision_type=10 2 2 8 2 2 10 2 10 10 2 8 10 8 2 8 8 2
left_child=2 9 17 4 8 -6 7 -5 -4 14 11 -11 13 -3 -2 -16 -12 -1
right_child=1 12 3 6 5 -7 -8 -9 -10 10 16 -13 -14 -15 15 -17 -18 -19
leaf_value=-0.00046065079458167509 -0.011717708371906435 -0.005383206556484714 0.00020094591548879513 0.00062320397558328757 0.027976406082088765 0.0028475663733452082 0.017579701894363628 0.014674958026238732 0.01212463361757765 -0.011717708371906435 -0.011717708371906435 -0.00046065079458167509 0.00020094591548879513 0.00020094591548879513 -0.011717708371906435 -0.018267698560674495 -0.005383206556484714 -0.00018983588609428875
leaf_weight=666.00199982244521 21.235094194300473 40.758925125002861 17.91954214498401 2757.7080893293023 22.278469875454903 18.279479533433914 11.53766195476055 13.972115084528921 13.946916751563547 11.228686802089213 15.481953270733358 68.331130676902831 42.853079237043858 14.110407926142214 6.9453193210065356 25.456798904575408 4.8436471633613101 2917.5725499372929
leaf_count=24028 308 231 123 19351 128 104 58 71 79 92 206 998 317 71 102 436 50 40189
internal_value=4.72354e-05 -0.00387742 0.000200946 0.00103106 0.010705 0.0169919 0.000775572 0.000699306 0.00242994 -0.00696972 -0.00432924 -0.00190457 0.000200946 -0.00268404 -0.0117177 -0.0156035 -0.0117177 -0.000460651
internal_weight=6690.46 251.245 6439.22 2855.64 72.4244 40.5579 2783.22 2771.68 31.8665 153.523 99.8854 79.5598 97.7224 54.8693 53.6372 32.4021 20.3256 3583.57
internal_count=86942 2811 84131 19914 434 232 19480 19422 202 2192 1346 1090 619 302 846 538 256 64217
is_linear=0
shrinkage=0.02


Tree=289
num_leaves=12
num_cat=0
split_feature=44 46 41 25 2 1 21 1 7 21 12
split_gain=10.488 10.0533 9.22151 10.8704 25.404 11.8428 9.17805 8.79728 8.59095 2.67454 1.0485
threshold=1.0000000180025095e-35 1.0000000180025095e-35 1.0000000180025095e-35 1.0000000180025095e-35 11.84999990463257 0.45716366171836859 38.086296081542976 0.92739912867546093 1.5000000000000002 43.570976257324226 1.5050399303436282
decision_type=2 2 2 2 2 2 10 2 8 10 10
left_child=1 2 3 5 -5 -1 8 -2 -4 -8 -3
right_child=7 10 6 4 -6 -7 9 -9 -10 -11 -12
leaf_value=-0.00031156885655503168 -0.020717419164287074 -0.017002877024378506 0.0012063627650282242 -0.00068789225922421193 -0.011366854223431366 0.0016298539338864191 -0.018254353064247532 0.0036164174906250257 -0.0067364098329754235 -0.0053367227390982534 -0.0072015885363128727
leaf_weight=2761.595484524034 16.789166200906042 12.410830438137056 122.8209154154174 1231.271480249241 95.072671694681048 2305.1323288604617 19.335191611200575 8.528505973517893 96.519235858228058 10.965969147160648 10.115747611969708
leaf_count=55136 143 118 1053 12370 2044 14592 210 39 1160 88 103
internal_value=-9.36367e-05 -4.38762e-05 2.34577e-06 0.000149859 -0.00146135 0.000571838 -0.00376084 -0.0126944 -0.00230351 -0.0138993 -0.0130947
internal_weight=6690.56 6665.24 6642.71 6393.07 1326.34 5066.73 249.641 25.3177 219.34 30.3012 22.5266
internal_count=87056 86874 86653 84142 14414 69728 2511 182 2213 298 221
is_linear=0
shrinkage=0.02


end of trees

feature_importances:
Column_3=938
Column_1=590
Column_0=368
Column_2=365
Column_11=334
Column_12=323
Column_22=263
Column_8=233
Column_21=219
Column_25=189
Column_13=153
Column_7=129
Column_15=118
Column_6=111
Column_32=102
Column_27=97
Column_42=97
Column_10=95
Column_48=87
Column_14=70
Column_19=57
Column_31=57
Column_23=56
Column_43=53
Column_18=49
Column_41=49
Column_35=47
Column_24=45
Column_33=36
Column_40=35
Column_34=33
Column_49=28
Column_9=23
Column_28=23
Column_16=20
Column_36=20
Column_46=20
Column_5=14
Column_44=13
Column_38=8
Column_54=8
Column_57=8
Column_39=6
Column_47=6
Column_51=6
Column_4=5
Column_37=5
Column_45=4
Column_26=3
Column_52=2
Column_55=2
Column_20=1

parameters:
[boosting: gbdt]
[objective: binary]
[metric: binary_logloss]
[tree_learner: serial]
[device_type: cpu]
[data_sample_strategy: bagging]
[data: ]
[valid: ]
[num_iterations: 4000]
[learning_rate: 0.02]
[num_leaves: 31]
[num_threads: 8]
[seed: 17]
[deterministic: 0]
[force_col_wise: 0]
[force_row_wise: 0]
[histogram_pool_size: -1]
[max_depth: 5]
[min_data_in_leaf: 60]
[min_sum_hessian_in_leaf: 0.001]
[bagging_fraction: 0.8]
[pos_bagging_fraction: 1]
[neg_bagging_fraction: 1]
[bagging_freq: 1]
[bagging_seed: 26602]
[bagging_by_query: 0]
[feature_fraction: 0.8]
[feature_fraction_bynode: 1]
[feature_fraction_seed: 18297]
[extra_trees: 0]
[extra_seed: 13015]
[early_stopping_round: 0]
[early_stopping_min_delta: 0]
[first_metric_only: 0]
[max_delta_step: 0]
[lambda_l1: 0]
[lambda_l2: 1]
[linear_lambda: 0]
[min_gain_to_split: 0]
[drop_rate: 0.1]
[max_drop: 50]
[skip_drop: 0.5]
[xgboost_dart_mode: 0]
[uniform_drop: 0]
[drop_seed: 30017]
[top_rate: 0.2]
[other_rate: 0.1]
[min_data_per_group: 100]
[max_cat_threshold: 32]
[cat_l2: 10]
[cat_smooth: 10]
[max_cat_to_onehot: 4]
[top_k: 20]
[monotone_constraints: -1,1,-1,0,0,0,0,-1,1,-1,-1,0,0,0,-1,0,0,0,1,1,0,0,0,0,0,0,0,0,0,0,0,0,0,0,0,0,0,0,0,0,0,0,0,0,0,0,0,0,0,0,0,0,0,0,0,0,0,0]
[monotone_constraints_method: advanced]
[monotone_penalty: 0]
[feature_contri: ]
[forcedsplits_filename: ]
[refit_decay_rate: 0.9]
[cegb_tradeoff: 1]
[cegb_penalty_split: 0]
[cegb_penalty_feature_lazy: ]
[cegb_penalty_feature_coupled: ]
[path_smooth: 0]
[interaction_constraints: ]
[verbosity: -1]
[saved_feature_importance_type: 0]
[use_quantized_grad: 0]
[num_grad_quant_bins: 4]
[quant_train_renew_leaf: 0]
[stochastic_rounding: 1]
[linear_tree: 0]
[max_bin: 255]
[max_bin_by_feature: ]
[min_data_in_bin: 3]
[bin_construct_sample_cnt: 200000]
[data_random_seed: 94]
[is_enable_sparse: 1]
[enable_bundle: 1]
[use_missing: 1]
[zero_as_missing: 0]
[feature_pre_filter: 1]
[pre_partition: 0]
[two_round: 0]
[header: 0]
[label_column: ]
[weight_column: ]
[group_column: ]
[ignore_column: ]
[categorical_feature: ]
[forcedbins_filename: ]
[precise_float_parser: 0]
[parser_config_file: ]
[objective_seed: 20363]
[num_class: 1]
[is_unbalance: 0]
[scale_pos_weight: 1]
[sigmoid: 1]
[boost_from_average: 1]
[reg_sqrt: 0]
[alpha: 0.9]
[fair_c: 1]
[poisson_max_delta_step: 0.7]
[tweedie_variance_power: 1.5]
[lambdarank_truncation_level: 30]
[lambdarank_norm: 1]
[label_gain: ]
[lambdarank_position_bias_regularization: 0]
[eval_at: ]
[multi_error_top_k: 1]
[auc_mu_weights: ]
[num_machines: 1]
[local_listen_port: 12400]
[time_out: 120]
[machine_list_filename: ]
[machines: ]
[gpu_platform_id: -1]
[gpu_device_id: -1]
[gpu_device_id_list: ]
[gpu_use_dp: 0]
[num_gpu: 1]

end of parameters

pandas_categorical:null
